unix_time,elapsed_sec,stage,tip_error_mm,orientation_error_deg,gripper_drift_mm,tip_x_mm,tip_y_mm,tip_z_mm,gripper_x_mm,gripper_y_mm,gripper_z_mm
1782501538.974002,0.001413,rotate_to_perpendicular_20deg,0.0,0.00103,0.0,-24.796967,-115.904262,-11.886371,-13.794466,-108.990552,14.789504
1782501538.982934,0.010346,rotate_to_perpendicular_20deg,0.0,0.00103,0.0,-24.796967,-115.904262,-11.886371,-13.794466,-108.990552,14.789504
1782501538.992886,0.020298,rotate_to_perpendicular_20deg,0.0,0.00103,0.0,-24.796967,-115.904262,-11.886371,-13.794466,-108.990552,14.789504
1782501539.002948,0.03036,rotate_to_perpendicular_20deg,0.0,0.00103,0.0,-24.796967,-115.904262,-11.886371,-13.794466,-108.990552,14.789504
1782501539.012831,0.040243,rotate_to_perpendicular_20deg,0.0,0.00103,0.0,-24.796967,-115.904262,-11.886371,-13.794466,-108.990552,14.789504
1782501539.022825,0.050236,rotate_to_perpendicular_20deg,0.0,0.00103,0.0,-24.796967,-115.904262,-11.886371,-13.794466,-108.990552,14.789504
1782501539.032907,0.060319,rotate_to_perpendicular_20deg,0.0,0.00103,0.0,-24.796967,-115.904262,-11.886371,-13.794466,-108.990552,14.789504
1782501539.042917,0.070329,rotate_to_perpendicular_20deg,0.0,0.00103,0.0,-24.796967,-115.904262,-11.886371,-13.794466,-108.990552,14.789504
1782501539.052876,0.080287,rotate_to_perpendicular_20deg,0.0,0.00103,0.0,-24.796967,-115.904262,-11.886371,-13.794466,-108.990552,14.789504
1782501539.062822,0.090234,rotate_to_perpendicular_20deg,0.0,0.00103,0.0,-24.796967,-115.904262,-11.886371,-13.794466,-108.990552,14.789504
1782501539.072833,0.100244,rotate_to_perpendicular_20deg,0.0,0.00103,0.0,-24.796967,-115.904262,-11.886371,-13.794466,-108.990552,14.789504
1782501539.082885,0.110296,rotate_to_perpendicular_20deg,0.0,0.00103,0.0,-24.796967,-115.904262,-11.886371,-13.794466,-108.990552,14.789504
1782501539.092885,0.120296,rotate_to_perpendicular_20deg,0.0,0.00103,0.0,-24.796967,-115.904262,-11.886371,-13.794466,-108.990552,14.789504
1782501539.102881,0.130292,rotate_to_perpendicular_20deg,0.0,0.00103,0.0,-24.796967,-115.904262,-11.886371,-13.794466,-108.990552,14.789504
1782501539.112885,0.140296,rotate_to_perpendicular_20deg,0.0,0.00103,0.0,-24.796967,-115.904262,-11.886371,-13.794466,-108.990552,14.789504
1782501539.122825,0.150236,rotate_to_perpendicular_20deg,0.0,0.00103,0.0,-24.796967,-115.904262,-11.886371,-13.794466,-108.990552,14.789504
1782501539.132875,0.160286,rotate_to_perpendicular_20deg,0.0,0.00103,0.0,-24.796967,-115.904262,-11.886371,-13.794466,-108.990552,14.789504
1782501539.142875,0.170286,rotate_to_perpendicular_20deg,0.0,0.00103,0.0,-24.796967,-115.904262,-11.886371,-13.794466,-108.990552,14.789504
1782501539.152879,0.18029,rotate_to_perpendicular_20deg,0.0,0.00103,0.0,-24.796967,-115.904262,-11.886371,-13.794466,-108.990552,14.789504
1782501539.162856,0.190267,rotate_to_perpendicular_20deg,0.0,0.00103,0.0,-24.796967,-115.904262,-11.886371,-13.794466,-108.990552,14.789504
1782501539.172852,0.200263,rotate_to_perpendicular_20deg,0.0,0.00103,0.0,-24.796967,-115.904262,-11.886371,-13.794466,-108.990552,14.789504
1782501539.182876,0.210288,rotate_to_perpendicular_20deg,0.0,0.00103,0.0,-24.796967,-115.904262,-11.886371,-13.794466,-108.990552,14.789504
1782501539.192895,0.220307,rotate_to_perpendicular_20deg,0.0,0.00103,0.0,-24.796967,-115.904262,-11.886371,-13.794466,-108.990552,14.789504
1782501539.202875,0.230286,rotate_to_perpendicular_20deg,0.0,0.00103,0.0,-24.796967,-115.904262,-11.886371,-13.794466,-108.990552,14.789504
1782501539.212874,0.240286,rotate_to_perpendicular_20deg,0.0,0.00103,0.0,-24.796967,-115.904262,-11.886371,-13.794466,-108.990552,14.789504
1782501539.222875,0.250286,rotate_to_perpendicular_20deg,0.0,0.00103,0.0,-24.796967,-115.904262,-11.886371,-13.794466,-108.990552,14.789504
1782501539.232876,0.260288,rotate_to_perpendicular_20deg,0.0,0.00103,0.0,-24.796967,-115.904262,-11.886371,-13.794466,-108.990552,14.789504
1782501544.942237,0.001442,insert_0p25mm_perpendicular,0.25,0.00103,0.0,-24.796967,-115.904262,-11.886371,-13.794466,-108.990552,14.789504
1782501544.951058,0.010263,insert_0p25mm_perpendicular,0.25,0.00103,0.0,-24.796967,-115.904262,-11.886371,-13.794466,-108.990552,14.789504
1782501544.961055,0.02026,insert_0p25mm_perpendicular,0.25,0.00103,0.0,-24.796967,-115.904262,-11.886371,-13.794466,-108.990552,14.789504
1782501544.971105,0.03031,insert_0p25mm_perpendicular,0.25,0.00103,0.0,-24.796967,-115.904262,-11.886371,-13.794466,-108.990552,14.789504
1782501544.981086,0.040292,insert_0p25mm_perpendicular,0.25,0.00103,0.0,-24.796967,-115.904262,-11.886371,-13.794466,-108.990552,14.789504
1782501544.991104,0.050309,insert_0p25mm_perpendicular,0.25,0.00103,0.0,-24.796967,-115.904262,-11.886371,-13.794466,-108.990552,14.789504
1782501545.00104,0.060246,insert_0p25mm_perpendicular,0.249061,0.00103,0.001,-24.796967,-115.904262,-11.887371,-13.794466,-108.990552,14.788504
1782501545.011028,0.070233,insert_0p25mm_perpendicular,0.249061,0.00103,0.001,-24.796967,-115.904262,-11.887371,-13.794466,-108.990552,14.788504
1782501545.021086,0.080291,insert_0p25mm_perpendicular,0.247183,0.00103,0.003,-24.796967,-115.904262,-11.889371,-13.794466,-108.990552,14.786504
1782501545.031091,0.090296,insert_0p25mm_perpendicular,0.245307,0.00103,0.005,-24.796967,-115.904262,-11.891371,-13.794466,-108.990552,14.784504
1782501545.041085,0.10029,insert_0p25mm_perpendicular,0.242498,0.00103,0.008,-24.796967,-115.904262,-11.894371,-13.794466,-108.990552,14.781504
1782501545.051019,0.110224,insert_0p25mm_perpendicular,0.240627,0.00103,0.01,-24.796967,-115.904262,-11.896371,-13.794466,-108.990552,14.779504
1782501545.061081,0.120286,insert_0p25mm_perpendicular,0.236534,0.00103,0.014036,-24.797967,-115.904262,-11.900371,-13.795466,-108.990552,14.775504
1782501545.071083,0.130288,insert_0p25mm_perpendicular,0.233734,0.00103,0.017029,-24.797967,-115.904262,-11.903371,-13.795466,-108.990552,14.772504
1782501545.081083,0.140288,insert_0p25mm_perpendicular,0.232441,0.00103,0.018111,-24.798967,-115.904262,-11.904371,-13.796466,-108.990552,14.771504
1782501545.091082,0.150287,insert_0p25mm_perpendicular,0.229282,0.00103,0.021213,-24.799967,-115.904262,-11.907371,-13.797466,-108.990552,14.768504
1782501545.101099,0.160304,insert_0p25mm_perpendicular,0.227056,0.00103,0.023345,-24.800967,-115.904262,-11.909371,-13.798466,-108.990552,14.766504
1782501545.111094,0.170299,insert_0p25mm_perpendicular,0.222964,0.00103,0.027459,-24.801967,-115.904262,-11.913371,-13.799466,-108.990552,14.762504
1782501545.121083,0.180289,insert_0p25mm_perpendicular,0.2211,0.00103,0.029428,-24.801967,-115.904262,-11.915371,-13.799466,-108.990552,14.760504
1782501545.131079,0.190284,insert_0p25mm_perpendicular,0.217942,0.00103,0.032558,-24.802967,-115.904262,-11.918371,-13.800466,-108.990552,14.757504
1782501545.141081,0.200286,insert_0p25mm_perpendicular,0.216647,0.00103,0.033734,-24.803967,-115.904262,-11.919371,-13.801466,-108.990552,14.756504
1782501545.151082,0.210287,insert_0p25mm_perpendicular,0.215354,0.00103,0.034928,-24.804967,-115.904262,-11.920371,-13.802466,-108.990552,14.755504
1782501545.161092,0.220297,insert_0p25mm_perpendicular,0.213128,0.00103,0.037108,-24.805967,-115.904262,-11.922371,-13.803466,-108.990552,14.753504
1782501545.17108,0.230285,insert_0p25mm_perpendicular,0.211262,0.00103,0.039051,-24.805967,-115.904262,-11.924371,-13.803466,-108.990552,14.751504
1782501545.181082,0.240287,insert_0p25mm_perpendicular,0.209036,0.00103,0.041231,-24.806967,-115.904262,-11.926371,-13.804466,-108.990552,14.749504
1782501545.191083,0.250288,insert_0p25mm_perpendicular,0.20681,0.00103,0.043417,-24.807967,-115.904262,-11.928371,-13.805466,-108.990552,14.747504
1782501545.201081,0.260286,insert_0p25mm_perpendicular,0.203651,0.00103,0.046573,-24.808967,-115.904262,-11.931371,-13.806466,-108.990552,14.744504
1782501545.211082,0.270287,insert_0p25mm_perpendicular,0.201425,0.00103,0.048765,-24.809967,-115.904262,-11.933371,-13.807466,-108.990552,14.742504
1782501545.221091,0.280296,insert_0p25mm_perpendicular,0.199561,0.00103,0.050695,-24.809967,-115.904262,-11.935371,-13.807466,-108.990552,14.740504
1782501545.23109,0.290295,insert_0p25mm_perpendicular,0.197334,0.00103,0.052887,-24.810967,-115.904262,-11.937371,-13.808466,-108.990552,14.738504
1782501545.241082,0.300287,insert_0p25mm_perpendicular,0.195108,0.00103,0.055082,-24.811967,-115.904262,-11.939371,-13.809466,-108.990552,14.736504
1782501545.251102,0.310308,insert_0p25mm_perpendicular,0.194176,0.00103,0.056045,-24.811967,-115.904262,-11.940371,-13.809466,-108.990552,14.735504
1782501545.261028,0.320233,insert_0p25mm_perpendicular,0.191949,0.00103,0.058241,-24.812967,-115.904262,-11.942371,-13.810466,-108.990552,14.733504
1782501545.270975,0.33018,insert_0p25mm_perpendicular,0.189723,0.00103,0.06044,-24.813967,-115.904262,-11.944371,-13.811466,-108.990552,14.731504
1782501545.281079,0.340284,insert_0p25mm_perpendicular,0.188791,0.00103,0.0614,-24.813967,-115.904262,-11.945371,-13.811466,-108.990552,14.730504
1782501545.291101,0.350307,insert_0p25mm_perpendicular,0.186564,0.00103,0.0636,-24.814967,-115.904262,-11.947371,-13.812466,-108.990552,14.728504
1782501545.301174,0.360379,insert_0p25mm_perpendicular,0.184338,0.00103,0.065803,-24.815967,-115.904262,-11.949371,-13.813466,-108.990552,14.726504
1782501545.311079,0.370284,insert_0p25mm_perpendicular,0.183406,0.00103,0.066761,-24.815967,-115.904262,-11.950371,-13.813466,-108.990552,14.725504
1782501545.321082,0.380287,insert_0p25mm_perpendicular,0.181179,0.00103,0.068964,-24.816967,-115.904262,-11.952371,-13.814466,-108.990552,14.723504
1782501545.331083,0.390288,insert_0p25mm_perpendicular,0.178953,0.00103,0.071169,-24.817967,-115.904262,-11.954371,-13.815466,-108.990552,14.721504
1782501545.341085,0.40029,insert_0p25mm_perpendicular,0.176727,0.00103,0.073376,-24.818967,-115.904262,-11.956371,-13.816466,-108.990552,14.719504
1782501545.351079,0.410284,insert_0p25mm_perpendicular,0.175794,0.00103,0.07433,-24.818967,-115.904262,-11.957371,-13.816466,-108.990552,14.718504
1782501545.361085,0.42029,insert_0p25mm_perpendicular,0.174502,0.00103,0.075584,-24.819967,-115.904262,-11.958371,-13.817466,-108.990552,14.717504
1782501545.371081,0.430286,insert_0p25mm_perpendicular,0.171343,0.00103,0.078746,-24.820967,-115.904262,-11.961371,-13.818466,-108.990552,14.714504
1782501545.381084,0.440289,insert_0p25mm_perpendicular,0.169477,0.00103,0.080654,-24.820967,-115.904262,-11.963371,-13.818466,-108.990552,14.712504
1782501545.391083,0.450288,insert_0p25mm_perpendicular,0.168184,0.00103,0.081908,-24.821967,-115.904262,-11.964371,-13.819466,-108.990552,14.711504
1782501545.401082,0.460287,insert_0p25mm_perpendicular,0.166892,0.00103,0.083169,-24.822967,-115.904262,-11.965371,-13.820466,-108.990552,14.710504
1782501545.411078,0.470283,insert_0p25mm_perpendicular,0.165958,0.00103,0.084119,-24.822967,-115.904262,-11.966371,-13.820466,-108.990552,14.709504
1782501545.421079,0.480284,insert_0p25mm_perpendicular,0.162799,0.00103,0.087281,-24.823967,-115.904262,-11.969371,-13.821466,-108.990552,14.706504
1782501545.431079,0.490284,insert_0p25mm_perpendicular,0.161866,0.00103,0.088233,-24.823967,-115.904262,-11.970371,-13.821466,-108.990552,14.705504
1782501545.441103,0.500309,insert_0p25mm_perpendicular,0.15964,0.00103,0.090443,-24.824967,-115.904262,-11.972371,-13.822466,-108.990552,14.703504
1782501545.451082,0.510288,insert_0p25mm_perpendicular,0.158708,0.00103,0.091395,-24.824967,-115.904262,-11.973371,-13.822466,-108.990552,14.702504
1782501545.461095,0.5203,insert_0p25mm_perpendicular,0.156481,0.00103,0.093606,-24.825967,-115.904262,-11.975371,-13.823466,-108.990552,14.700504
1782501545.471087,0.530292,insert_0p25mm_perpendicular,0.154255,0.00103,0.095818,-24.826967,-115.904262,-11.977371,-13.824466,-108.990552,14.698504
1782501545.481084,0.540289,insert_0p25mm_perpendicular,0.153323,0.00103,0.096768,-24.826967,-115.904262,-11.978371,-13.824466,-108.990552,14.697504
1782501545.491082,0.550287,insert_0p25mm_perpendicular,0.151096,0.00103,0.09898,-24.827967,-115.904262,-11.980371,-13.825466,-108.990552,14.695504
1782501545.501026,0.560231,insert_0p25mm_perpendicular,0.150164,0.00103,0.09993,-24.827967,-115.904262,-11.981371,-13.825466,-108.990552,14.694504
1782501545.511027,0.570232,insert_0p25mm_perpendicular,0.147938,0.00103,0.102142,-24.828967,-115.904262,-11.983371,-13.826466,-108.990552,14.692504
1782501545.521082,0.580287,insert_0p25mm_perpendicular,0.146645,0.00103,0.103407,-24.829967,-115.904262,-11.984371,-13.827466,-108.990552,14.691504
1782501545.531081,0.590286,insert_0p25mm_perpendicular,0.145712,0.00103,0.104355,-24.829967,-115.904262,-11.985371,-13.827466,-108.990552,14.690504
1782501545.541084,0.600289,insert_0p25mm_perpendicular,0.143486,0.00103,0.106569,-24.830967,-115.904262,-11.987371,-13.828466,-108.990552,14.688504
1782501545.551038,0.610243,insert_0p25mm_perpendicular,0.142553,0.00103,0.107517,-24.830967,-115.904262,-11.988371,-13.828466,-108.990552,14.687504
1782501545.561028,0.620233,insert_0p25mm_perpendicular,0.140327,0.00103,0.109731,-24.831967,-115.904262,-11.990371,-13.829466,-108.990552,14.685504
1782501545.57108,0.630285,insert_0p25mm_perpendicular,0.138463,0.00103,0.111629,-24.831967,-115.904262,-11.992371,-13.829466,-108.990552,14.683504
1782501545.581085,0.64029,insert_0p25mm_perpendicular,0.137168,0.00103,0.112894,-24.832967,-115.904262,-11.993371,-13.830466,-108.990552,14.682504
1782501545.591079,0.650285,insert_0p25mm_perpendicular,0.136236,0.00103,0.113842,-24.832967,-115.904262,-11.994371,-13.830466,-108.990552,14.681504
1782501545.601035,0.66024,insert_0p25mm_perpendicular,0.134942,0.00103,0.115109,-24.833967,-115.904262,-11.995371,-13.831466,-108.990552,14.680504
1782501545.61103,0.670235,insert_0p25mm_perpendicular,0.134009,0.00103,0.116056,-24.833967,-115.904262,-11.996371,-13.831466,-108.990552,14.679504
1782501545.621082,0.680287,insert_0p25mm_perpendicular,0.131783,0.00103,0.118271,-24.834967,-115.904262,-11.998371,-13.832466,-108.990552,14.677504
1782501545.631078,0.690284,insert_0p25mm_perpendicular,0.130491,0.00103,0.119541,-24.835967,-115.904262,-11.999371,-13.833466,-108.990552,14.676504
1782501545.641084,0.700289,insert_0p25mm_perpendicular,0.128625,0.00103,0.121433,-24.835967,-115.904262,-12.001371,-13.833466,-108.990552,14.674504
1782501545.651038,0.710243,insert_0p25mm_perpendicular,0.127332,0.00103,0.122703,-24.836967,-115.904262,-12.002371,-13.834466,-108.990552,14.673504
1782501545.661028,0.720233,insert_0p25mm_perpendicular,0.126398,0.00103,0.123649,-24.836967,-115.904262,-12.003371,-13.834466,-108.990552,14.672504
1782501545.671082,0.730287,insert_0p25mm_perpendicular,0.125466,0.00103,0.124595,-24.836967,-115.904262,-12.004371,-13.834466,-108.990552,14.671504
1782501545.681093,0.740298,insert_0p25mm_perpendicular,0.124173,0.00103,0.125865,-24.837967,-115.904262,-12.005371,-13.835466,-108.990552,14.670504
1782501545.691151,0.750356,insert_0p25mm_perpendicular,0.12324,0.00103,0.126811,-24.837967,-115.904262,-12.006371,-13.835466,-108.990552,14.669504
1782501545.701031,0.760237,insert_0p25mm_perpendicular,0.121947,0.00103,0.128082,-24.838967,-115.904262,-12.007371,-13.836466,-108.990552,14.668504
1782501545.711029,0.770234,insert_0p25mm_perpendicular,0.121014,0.00103,0.129027,-24.838967,-115.904262,-12.008371,-13.836466,-108.990552,14.667504
1782501545.72109,0.780295,insert_0p25mm_perpendicular,0.119722,0.00103,0.1303,-24.839967,-115.904262,-12.009371,-13.837466,-108.990552,14.666504
1782501545.731079,0.790284,insert_0p25mm_perpendicular,0.118788,0.00103,0.131244,-24.839967,-115.904262,-12.010371,-13.837466,-108.990552,14.665504
1782501545.741101,0.800306,insert_0p25mm_perpendicular,0.116563,0.00103,0.133462,-24.840967,-115.904262,-12.012371,-13.838466,-108.990552,14.663504
1782501545.751034,0.810239,insert_0p25mm_perpendicular,0.115629,0.00103,0.134406,-24.840967,-115.904262,-12.013371,-13.838466,-108.990552,14.662504
1782501545.761027,0.820232,insert_0p25mm_perpendicular,0.115629,0.00103,0.134406,-24.840967,-115.904262,-12.013371,-13.838466,-108.990552,14.662504
1782501545.771105,0.83031,insert_0p25mm_perpendicular,0.113404,0.00103,0.136624,-24.841967,-115.904262,-12.015371,-13.839466,-108.990552,14.660504
1782501545.781089,0.840294,insert_0p25mm_perpendicular,0.11247,0.00103,0.137568,-24.841967,-115.904262,-12.016371,-13.839466,-108.990552,14.659504
1782501545.791084,0.850289,insert_0p25mm_perpendicular,0.111538,0.00103,0.138514,-24.841967,-115.904262,-12.017371,-13.839466,-108.990552,14.658504
1782501545.801041,0.860246,insert_0p25mm_perpendicular,0.110244,0.00103,0.139786,-24.842967,-115.904262,-12.018371,-13.840466,-108.990552,14.657504
1782501545.811032,0.870237,insert_0p25mm_perpendicular,0.109311,0.00103,0.14073,-24.842967,-115.904262,-12.019371,-13.840466,-108.990552,14.656504
1782501545.821084,0.880289,insert_0p25mm_perpendicular,0.108019,0.00103,0.142004,-24.843967,-115.904262,-12.020371,-13.841466,-108.990552,14.655504
1782501545.831028,0.890233,insert_0p25mm_perpendicular,0.107085,0.00103,0.142948,-24.843967,-115.904262,-12.021371,-13.841466,-108.990552,14.654504
1782501545.841089,0.900294,insert_0p25mm_perpendicular,0.106153,0.00103,0.143892,-24.843967,-115.904262,-12.022371,-13.841466,-108.990552,14.653504
1782501545.851046,0.910251,insert_0p25mm_perpendicular,0.10486,0.00103,0.145165,-24.844967,-115.904262,-12.023371,-13.842466,-108.990552,14.652504
1782501545.861029,0.920234,insert_0p25mm_perpendicular,0.103927,0.00103,0.14611,-24.844967,-115.904262,-12.024371,-13.842466,-108.990552,14.651504
1782501545.871077,0.930282,insert_0p25mm_perpendicular,0.102995,0.00103,0.147054,-24.844967,-115.904262,-12.025371,-13.842466,-108.990552,14.650504
1782501545.881072,0.940277,insert_0p25mm_perpendicular,0.101701,0.00103,0.148327,-24.845967,-115.904262,-12.026371,-13.843466,-108.990552,14.649504
1782501545.891114,0.950319,insert_0p25mm_perpendicular,0.100768,0.00103,0.149272,-24.845967,-115.904262,-12.027371,-13.843466,-108.990552,14.648504
1782501545.901071,0.960276,insert_0p25mm_perpendicular,0.098542,0.00103,0.151489,-24.846967,-115.904262,-12.029371,-13.844466,-108.990552,14.646504
1782501545.911095,0.9703,insert_0p25mm_perpendicular,0.098542,0.00103,0.151489,-24.846967,-115.904262,-12.029371,-13.844466,-108.990552,14.646504
1782501545.921082,0.980287,insert_0p25mm_perpendicular,0.096679,0.00103,0.153379,-24.846967,-115.904262,-12.031371,-13.844466,-108.990552,14.644504
1782501545.931082,0.990287,insert_0p25mm_perpendicular,0.096316,0.00103,0.153708,-24.847967,-115.904262,-12.031371,-13.845466,-108.990552,14.644504
1782501545.941083,1.000288,insert_0p25mm_perpendicular,0.095383,0.00103,0.154651,-24.847967,-115.904262,-12.032371,-13.845466,-108.990552,14.643504
1782501545.951096,1.010301,insert_0p25mm_perpendicular,0.094451,0.00103,0.155596,-24.847967,-115.904262,-12.033371,-13.845466,-108.990552,14.642504
1782501545.961091,1.020296,insert_0p25mm_perpendicular,0.093157,0.00103,0.156869,-24.848967,-115.904262,-12.034371,-13.846466,-108.990552,14.641504
1782501545.971092,1.030298,insert_0p25mm_perpendicular,0.092225,0.00103,0.157813,-24.848967,-115.904262,-12.035371,-13.846466,-108.990552,14.640504
1782501545.981108,1.040313,insert_0p25mm_perpendicular,0.091294,0.00103,0.158758,-24.848967,-115.904262,-12.036371,-13.846466,-108.990552,14.639504
1782501545.99109,1.050295,insert_0p25mm_perpendicular,0.089998,0.00103,0.160031,-24.849967,-115.904262,-12.037371,-13.847466,-108.990552,14.638504
1782501546.001033,1.060238,insert_0p25mm_perpendicular,0.089998,0.00103,0.160031,-24.849967,-115.904262,-12.037371,-13.847466,-108.990552,14.638504
1782501546.011082,1.070287,insert_0p25mm_perpendicular,0.089066,0.00103,0.160975,-24.849967,-115.904262,-12.038371,-13.847466,-108.990552,14.637504
1782501546.021081,1.080286,insert_0p25mm_perpendicular,0.087772,0.00103,0.16225,-24.850967,-115.904262,-12.039371,-13.848466,-108.990552,14.636504
1782501546.0311,1.090305,insert_0p25mm_perpendicular,0.08684,0.00103,0.163193,-24.850967,-115.904262,-12.040371,-13.848466,-108.990552,14.635504
1782501546.041079,1.100284,insert_0p25mm_perpendicular,0.085909,0.00103,0.164137,-24.850967,-115.904262,-12.041371,-13.848466,-108.990552,14.634504
1782501546.051025,1.11023,insert_0p25mm_perpendicular,0.085547,0.00103,0.164469,-24.851967,-115.904262,-12.041371,-13.849466,-108.990552,14.634504
1782501546.061074,1.120279,insert_0p25mm_perpendicular,0.084613,0.00103,0.165412,-24.851967,-115.904262,-12.042371,-13.849466,-108.990552,14.633504
1782501546.07108,1.130285,insert_0p25mm_perpendicular,0.083681,0.00103,0.166355,-24.851967,-115.904262,-12.043371,-13.849466,-108.990552,14.632504
1782501546.081017,1.140223,insert_0p25mm_perpendicular,0.082388,0.00103,0.167631,-24.852967,-115.904262,-12.044371,-13.850466,-108.990552,14.631504
1782501546.091072,1.150277,insert_0p25mm_perpendicular,0.081455,0.00103,0.168573,-24.852967,-115.904262,-12.045371,-13.850466,-108.990552,14.630504
1782501546.101044,1.160249,insert_0p25mm_perpendicular,0.081455,0.00103,0.168573,-24.852967,-115.904262,-12.045371,-13.850466,-108.990552,14.630504
1782501546.111014,1.170219,insert_0p25mm_perpendicular,0.080523,0.00103,0.169517,-24.852967,-115.904262,-12.046371,-13.850466,-108.990552,14.629504
1782501546.121081,1.180286,insert_0p25mm_perpendicular,0.079229,0.00103,0.170792,-24.853967,-115.904262,-12.047371,-13.851466,-108.990552,14.628504
1782501546.131089,1.190294,insert_0p25mm_perpendicular,0.079229,0.00103,0.170792,-24.853967,-115.904262,-12.047371,-13.851466,-108.990552,14.628504
1782501546.141088,1.200293,insert_0p25mm_perpendicular,0.078296,0.00103,0.171735,-24.853967,-115.904262,-12.048371,-13.851466,-108.990552,14.627504
1782501546.151041,1.210246,insert_0p25mm_perpendicular,0.077003,0.00103,0.173012,-24.854967,-115.904262,-12.049371,-13.852466,-108.990552,14.626504
1782501546.161019,1.220224,insert_0p25mm_perpendicular,0.07607,0.00103,0.173954,-24.854967,-115.904262,-12.050371,-13.852466,-108.990552,14.625504
1782501546.17108,1.230285,insert_0p25mm_perpendicular,0.075138,0.00103,0.174897,-24.854967,-115.904262,-12.051371,-13.852466,-108.990552,14.624504
1782501546.181021,1.240226,insert_0p25mm_perpendicular,0.074778,0.00103,0.175231,-24.855967,-115.904262,-12.051371,-13.853466,-108.990552,14.624504
1782501546.191075,1.25028,insert_0p25mm_perpendicular,0.073844,0.00103,0.176173,-24.855967,-115.904262,-12.052371,-13.853466,-108.990552,14.623504
1782501546.201051,1.260256,insert_0p25mm_perpendicular,0.072911,0.00103,0.177116,-24.855967,-115.904262,-12.053371,-13.853466,-108.990552,14.622504
1782501546.21103,1.270236,insert_0p25mm_perpendicular,0.071981,0.00103,0.178059,-24.855967,-115.904262,-12.054371,-13.853466,-108.990552,14.621504
1782501546.221079,1.280284,insert_0p25mm_perpendicular,0.071619,0.00103,0.178393,-24.856967,-115.904262,-12.054371,-13.854466,-108.990552,14.621504
1782501546.231088,1.290293,insert_0p25mm_perpendicular,0.070685,0.00103,0.179335,-24.856967,-115.904262,-12.055371,-13.854466,-108.990552,14.620504
1782501546.241081,1.300286,insert_0p25mm_perpendicular,0.070685,0.00103,0.179335,-24.856967,-115.904262,-12.055371,-13.854466,-108.990552,14.620504
1782501546.251037,1.310242,insert_0p25mm_perpendicular,0.069753,0.00103,0.180278,-24.856967,-115.904262,-12.056371,-13.854466,-108.990552,14.619504
1782501546.261092,1.320297,insert_0p25mm_perpendicular,0.068459,0.00103,0.181554,-24.857967,-115.904262,-12.057371,-13.855466,-108.990552,14.618504
1782501546.271077,1.330282,insert_0p25mm_perpendicular,0.067526,0.00103,0.182497,-24.857967,-115.904262,-12.058371,-13.855466,-108.990552,14.617504
1782501546.281018,1.340223,insert_0p25mm_perpendicular,0.067526,0.00103,0.182497,-24.857967,-115.904262,-12.058371,-13.855466,-108.990552,14.617504
1782501546.291075,1.35028,insert_0p25mm_perpendicular,0.066234,0.00103,0.183774,-24.858967,-115.904262,-12.059371,-13.856466,-108.990552,14.616504
1782501546.301073,1.360278,insert_0p25mm_perpendicular,0.0653,0.00103,0.184716,-24.858967,-115.904262,-12.060371,-13.856466,-108.990552,14.615504
1782501546.311071,1.370276,insert_0p25mm_perpendicular,0.0653,0.00103,0.184716,-24.858967,-115.904262,-12.060371,-13.856466,-108.990552,14.615504
1782501546.321069,1.380274,insert_0p25mm_perpendicular,0.064368,0.00103,0.185658,-24.858967,-115.904262,-12.061371,-13.856466,-108.990552,14.614504
1782501546.331019,1.390224,insert_0p25mm_perpendicular,0.064368,0.00103,0.185658,-24.858967,-115.904262,-12.061371,-13.856466,-108.990552,14.614504
1782501546.341069,1.400274,insert_0p25mm_perpendicular,0.063075,0.00103,0.186936,-24.859967,-115.904262,-12.062371,-13.857466,-108.990552,14.613504
1782501546.351085,1.41029,insert_0p25mm_perpendicular,0.062142,0.00103,0.187878,-24.859967,-115.904262,-12.063371,-13.857466,-108.990552,14.612504
1782501546.36109,1.420295,insert_0p25mm_perpendicular,0.062142,0.00103,0.187878,-24.859967,-115.904262,-12.063371,-13.857466,-108.990552,14.612504
1782501546.371076,1.430281,insert_0p25mm_perpendicular,0.06121,0.00103,0.18882,-24.859967,-115.904262,-12.064371,-13.857466,-108.990552,14.611504
1782501546.381037,1.440243,insert_0p25mm_perpendicular,0.059915,0.00103,0.190097,-24.860967,-115.904262,-12.065371,-13.858466,-108.990552,14.610504
1782501546.391073,1.450278,insert_0p25mm_perpendicular,0.059915,0.00103,0.190097,-24.860967,-115.904262,-12.065371,-13.858466,-108.990552,14.610504
1782501546.40108,1.460285,insert_0p25mm_perpendicular,0.058983,0.00103,0.191039,-24.860967,-115.904262,-12.066371,-13.858466,-108.990552,14.609504
1782501546.411074,1.470279,insert_0p25mm_perpendicular,0.058983,0.00103,0.191039,-24.860967,-115.904262,-12.066371,-13.858466,-108.990552,14.609504
1782501546.421083,1.480288,insert_0p25mm_perpendicular,0.058053,0.00103,0.191982,-24.860967,-115.904262,-12.067371,-13.858466,-108.990552,14.608504
1782501546.431075,1.49028,insert_0p25mm_perpendicular,0.058053,0.00103,0.191982,-24.860967,-115.904262,-12.067371,-13.858466,-108.990552,14.608504
1782501546.441081,1.500286,insert_0p25mm_perpendicular,0.056757,0.00103,0.193259,-24.861967,-115.904262,-12.068371,-13.859466,-108.990552,14.607504
1782501546.451104,1.510309,insert_0p25mm_perpendicular,0.056757,0.00103,0.193259,-24.861967,-115.904262,-12.068371,-13.859466,-108.990552,14.607504
1782501546.461075,1.52028,insert_0p25mm_perpendicular,0.055825,0.00103,0.194201,-24.861967,-115.904262,-12.069371,-13.859466,-108.990552,14.606504
1782501546.471111,1.530316,insert_0p25mm_perpendicular,0.055825,0.00103,0.194201,-24.861967,-115.904262,-12.069371,-13.859466,-108.990552,14.606504
1782501546.481076,1.540281,insert_0p25mm_perpendicular,0.054531,0.00103,0.195479,-24.862967,-115.904262,-12.070371,-13.860466,-108.990552,14.605504
1782501546.491024,1.550229,insert_0p25mm_perpendicular,0.053598,0.00103,0.19642,-24.862967,-115.904262,-12.071371,-13.860466,-108.990552,14.604504
1782501546.5012,1.560405,insert_0p25mm_perpendicular,0.053598,0.00103,0.19642,-24.862967,-115.904262,-12.071371,-13.860466,-108.990552,14.604504
1782501546.511081,1.570286,insert_0p25mm_perpendicular,0.053598,0.00103,0.19642,-24.862967,-115.904262,-12.071371,-13.860466,-108.990552,14.604504
1782501546.521082,1.580287,insert_0p25mm_perpendicular,0.052668,0.00103,0.197363,-24.862967,-115.904262,-12.072371,-13.860466,-108.990552,14.603504
1782501546.53108,1.590285,insert_0p25mm_perpendicular,0.052668,0.00103,0.197363,-24.862967,-115.904262,-12.072371,-13.860466,-108.990552,14.603504
1782501546.541072,1.600277,insert_0p25mm_perpendicular,0.051372,0.00103,0.19864,-24.863967,-115.904262,-12.073371,-13.861466,-108.990552,14.602504
1782501546.551075,1.61028,insert_0p25mm_perpendicular,0.051372,0.00103,0.19864,-24.863967,-115.904262,-12.073371,-13.861466,-108.990552,14.602504
1782501546.561105,1.62031,insert_0p25mm_perpendicular,0.05044,0.00103,0.199582,-24.863967,-115.904262,-12.074371,-13.861466,-108.990552,14.601504
1782501546.571078,1.630283,insert_0p25mm_perpendicular,0.05044,0.00103,0.199582,-24.863967,-115.904262,-12.074371,-13.861466,-108.990552,14.601504
1782501546.581023,1.640228,insert_0p25mm_perpendicular,0.049511,0.00103,0.200524,-24.863967,-115.904262,-12.075371,-13.861466,-108.990552,14.600504
1782501546.591072,1.650277,insert_0p25mm_perpendicular,0.049146,0.00103,0.200861,-24.864967,-115.904262,-12.075371,-13.862466,-108.990552,14.600504
1782501546.601036,1.660241,insert_0p25mm_perpendicular,0.048213,0.00103,0.201802,-24.864967,-115.904262,-12.076371,-13.862466,-108.990552,14.599504
1782501546.611092,1.670297,insert_0p25mm_perpendicular,0.048213,0.00103,0.201802,-24.864967,-115.904262,-12.076371,-13.862466,-108.990552,14.599504
1782501546.621075,1.68028,insert_0p25mm_perpendicular,0.047283,0.00103,0.202744,-24.864967,-115.904262,-12.077371,-13.862466,-108.990552,14.598504
1782501546.631017,1.690222,insert_0p25mm_perpendicular,0.047283,0.00103,0.202744,-24.864967,-115.904262,-12.077371,-13.862466,-108.990552,14.598504
1782501546.641072,1.700277,insert_0p25mm_perpendicular,0.047283,0.00103,0.202744,-24.864967,-115.904262,-12.077371,-13.862466,-108.990552,14.598504
1782501546.651086,1.710291,insert_0p25mm_perpendicular,0.045987,0.00103,0.204022,-24.865967,-115.904262,-12.078371,-13.863466,-108.990552,14.597504
1782501546.661086,1.720291,insert_0p25mm_perpendicular,0.045987,0.00103,0.204022,-24.865967,-115.904262,-12.078371,-13.863466,-108.990552,14.597504
1782501546.671068,1.730273,insert_0p25mm_perpendicular,0.045055,0.00103,0.204963,-24.865967,-115.904262,-12.079371,-13.863466,-108.990552,14.596504
1782501546.681072,1.740277,insert_0p25mm_perpendicular,0.045055,0.00103,0.204963,-24.865967,-115.904262,-12.079371,-13.863466,-108.990552,14.596504
1782501546.691101,1.750306,insert_0p25mm_perpendicular,0.044126,0.00103,0.205905,-24.865967,-115.904262,-12.080371,-13.863466,-108.990552,14.595504
1782501546.701022,1.760227,insert_0p25mm_perpendicular,0.043762,0.00103,0.206243,-24.866967,-115.904262,-12.080371,-13.864466,-108.990552,14.595504
1782501546.711068,1.770273,insert_0p25mm_perpendicular,0.043762,0.00103,0.206243,-24.866967,-115.904262,-12.080371,-13.864466,-108.990552,14.595504
1782501546.721071,1.780276,insert_0p25mm_perpendicular,0.042828,0.00103,0.207183,-24.866967,-115.904262,-12.081371,-13.864466,-108.990552,14.594504
1782501546.731016,1.790221,insert_0p25mm_perpendicular,0.042828,0.00103,0.207183,-24.866967,-115.904262,-12.081371,-13.864466,-108.990552,14.594504
1782501546.741088,1.800293,insert_0p25mm_perpendicular,0.041898,0.00103,0.208125,-24.866967,-115.904262,-12.082371,-13.864466,-108.990552,14.593504
1782501546.751075,1.81028,insert_0p25mm_perpendicular,0.041898,0.00103,0.208125,-24.866967,-115.904262,-12.082371,-13.864466,-108.990552,14.593504
1782501546.761074,1.820279,insert_0p25mm_perpendicular,0.041538,0.00103,0.208463,-24.867967,-115.904262,-12.082371,-13.865466,-108.990552,14.593504
1782501546.771086,1.830291,insert_0p25mm_perpendicular,0.041538,0.00103,0.208463,-24.867967,-115.904262,-12.082371,-13.865466,-108.990552,14.593504
1782501546.781017,1.840222,insert_0p25mm_perpendicular,0.040602,0.00103,0.209404,-24.867967,-115.904262,-12.083371,-13.865466,-108.990552,14.592504
1782501546.791074,1.850279,insert_0p25mm_perpendicular,0.040602,0.00103,0.209404,-24.867967,-115.904262,-12.083371,-13.865466,-108.990552,14.592504
1782501546.801031,1.860236,insert_0p25mm_perpendicular,0.040602,0.00103,0.209404,-24.867967,-115.904262,-12.083371,-13.865466,-108.990552,14.592504
1782501546.81107,1.870275,insert_0p25mm_perpendicular,0.03967,0.00103,0.210345,-24.867967,-115.904262,-12.084371,-13.865466,-108.990552,14.591504
1782501546.821089,1.880294,insert_0p25mm_perpendicular,0.038741,0.00103,0.211287,-24.867967,-115.904262,-12.085371,-13.865466,-108.990552,14.590504
1782501546.83106,1.890265,insert_0p25mm_perpendicular,0.038741,0.00103,0.211287,-24.867967,-115.904262,-12.085371,-13.865466,-108.990552,14.590504
1782501549.773952,0.001279,rotate_to_60deg_about_tip,0.002828,40.001,0.0,-24.869967,-115.904262,-12.087371,-13.867466,-108.990552,14.588504
1782501549.782989,0.010317,rotate_to_60deg_about_tip,0.002828,40.001,0.0,-24.869967,-115.904262,-12.087371,-13.867466,-108.990552,14.588504
1782501549.792965,0.020293,rotate_to_60deg_about_tip,0.002828,40.001,0.0,-24.869967,-115.904262,-12.087371,-13.867466,-108.990552,14.588504
1782501549.802985,0.030313,rotate_to_60deg_about_tip,0.002643,39.995,0.003189,-24.869765,-115.904262,-12.087309,-13.864469,-108.990552,14.587414
1782501549.812961,0.040288,rotate_to_60deg_about_tip,0.002463,39.989,0.006377,-24.869562,-115.904262,-12.087248,-13.861473,-108.990552,14.586323
1782501549.822958,0.050286,rotate_to_60deg_about_tip,0.002174,39.979,0.011691,-24.869224,-115.904262,-12.087145,-13.85648,-108.990552,14.584504
1782501549.832972,0.0603,rotate_to_60deg_about_tip,0.001882,39.968,0.017537,-24.868852,-115.904262,-12.087032,-13.850988,-108.990552,14.582502
1782501549.842959,0.070286,rotate_to_60deg_about_tip,0.00175,39.9625,0.02046,-24.868666,-115.904262,-12.086976,-13.848242,-108.990552,14.581501
1782501549.852958,0.080286,rotate_to_60deg_about_tip,0.001554,39.953,0.025509,-24.868345,-115.904262,-12.086878,-13.843499,-108.990552,14.57977
1782501549.862956,0.090283,rotate_to_60deg_about_tip,0.0014,39.9425,0.031089,-24.86799,-115.904262,-12.086771,-13.838257,-108.990552,14.577857
1782501549.872955,0.100282,rotate_to_60deg_about_tip,0.001334,39.932,0.036669,-24.867635,-115.904262,-12.086663,-13.833016,-108.990552,14.575943
1782501549.882953,0.110281,rotate_to_60deg_about_tip,0.001198,39.92,0.042108,-24.868229,-115.904262,-12.08654,-13.828026,-108.990552,14.573754
1782501549.892954,0.120281,rotate_to_60deg_about_tip,0.001104,39.9135,0.045562,-24.868009,-115.904262,-12.086474,-13.824782,-108.990552,14.572568
1782501549.902958,0.130286,rotate_to_60deg_about_tip,0.001045,39.902,0.051673,-24.86762,-115.904262,-12.086356,-13.819042,-108.990552,14.570468
1782501549.91296,0.140288,rotate_to_60deg_about_tip,0.000948,39.8925,0.055785,-24.868299,-115.904262,-12.086259,-13.815301,-108.990552,14.568733
1782501549.922953,0.150281,rotate_to_60deg_about_tip,0.001776,39.8815,0.061991,-24.867927,-115.904262,-12.087147,-13.809812,-108.990552,14.565723
1782501549.932982,0.160309,rotate_to_60deg_about_tip,0.001716,39.8715,0.067304,-24.867589,-115.904262,-12.087045,-13.804822,-108.990552,14.563895
1782501549.942955,0.170283,rotate_to_60deg_about_tip,0.001589,39.861,0.071952,-24.868234,-115.904262,-12.086938,-13.800583,-108.990552,14.561974
1782501549.952952,0.18028,rotate_to_60deg_about_tip,0.001458,39.85,0.077796,-24.867861,-115.904262,-12.086826,-13.795095,-108.990552,14.559961
1782501549.962898,0.190226,rotate_to_60deg_about_tip,0.001425,39.839,0.08364,-24.867489,-115.904262,-12.086714,-13.789607,-108.990552,14.557946
1782501549.972966,0.200294,rotate_to_60deg_about_tip,0.001451,39.833,0.086828,-24.867286,-115.904262,-12.086652,-13.786614,-108.990552,14.556847
1782501549.982956,0.210284,rotate_to_60deg_about_tip,0.001171,39.822,0.091742,-24.867914,-115.904262,-12.086541,-13.782127,-108.990552,14.554831
1782501549.992966,0.220294,rotate_to_60deg_about_tip,0.001137,39.812,0.097054,-24.867576,-115.904262,-12.086439,-13.777139,-108.990552,14.552998
1782501550.002954,0.230282,rotate_to_60deg_about_tip,0.000994,39.8015,0.101703,-24.868221,-115.904262,-12.086332,-13.772902,-108.990552,14.551072
1782501550.012954,0.240281,rotate_to_60deg_about_tip,0.000855,39.79,0.107812,-24.867831,-115.904262,-12.086215,-13.767167,-108.990552,14.548961
1782501550.022953,0.25028,rotate_to_60deg_about_tip,0.000891,39.779,0.113657,-24.867459,-115.904262,-12.086104,-13.761681,-108.990552,14.546941
1782501550.032853,0.260181,rotate_to_60deg_about_tip,0.000632,39.768,0.118571,-24.868087,-115.904262,-12.085992,-13.757196,-108.990552,14.54492
1782501550.042949,0.270276,rotate_to_60deg_about_tip,0.000566,39.762,0.121758,-24.867884,-115.904262,-12.085931,-13.754204,-108.990552,14.543817
1782501550.052952,0.280279,rotate_to_60deg_about_tip,0.000631,39.7515,0.127337,-24.867529,-115.904262,-12.085825,-13.748969,-108.990552,14.541887
1782501550.062954,0.290281,rotate_to_60deg_about_tip,0.001363,39.741,0.132357,-24.868173,-115.904262,-12.086718,-13.744734,-108.990552,14.538955
1782501550.072951,0.300279,rotate_to_60deg_about_tip,0.00126,39.732,0.137137,-24.867869,-115.904262,-12.086627,-13.740247,-108.990552,14.537298
1782501550.082954,0.310282,rotate_to_60deg_about_tip,0.00124,39.7205,0.143246,-24.867479,-115.904262,-12.086511,-13.734514,-108.990552,14.535181
1782501550.092955,0.320283,rotate_to_60deg_about_tip,0.001031,39.709,0.148427,-24.86809,-115.904262,-12.086395,-13.729782,-108.990552,14.533062
1782501550.102956,0.330284,rotate_to_60deg_about_tip,0.000947,39.699,0.15374,-24.867751,-115.904262,-12.086294,-13.724797,-108.990552,14.531219
1782501550.112969,0.340297,rotate_to_60deg_about_tip,0.000991,39.689,0.159052,-24.867413,-115.904262,-12.086193,-13.719813,-108.990552,14.529374
1782501550.122957,0.350284,rotate_to_60deg_about_tip,0.000702,39.677,0.164499,-24.868007,-115.904262,-12.086072,-13.714833,-108.990552,14.52716
1782501550.13297,0.360297,rotate_to_60deg_about_tip,0.000662,39.6715,0.16742,-24.86782,-115.904262,-12.086016,-13.712092,-108.990552,14.526145
1782501550.142956,0.370284,rotate_to_60deg_about_tip,0.000745,39.6605,0.173264,-24.867448,-115.904262,-12.085905,-13.706611,-108.990552,14.524113
1782501550.152955,0.380283,rotate_to_60deg_about_tip,0.000456,39.6505,0.177648,-24.868109,-115.904262,-12.085804,-13.702628,-108.990552,14.522266
1782501550.162907,0.390234,rotate_to_60deg_about_tip,0.000386,39.6405,0.182961,-24.867771,-115.904262,-12.085704,-13.697646,-108.990552,14.520417
1782501550.172956,0.400284,rotate_to_60deg_about_tip,0.00057,39.631,0.188008,-24.867449,-115.904262,-12.085608,-13.692913,-108.990552,14.518661
1782501550.182961,0.410289,rotate_to_60deg_about_tip,0.001423,39.621,0.193694,-24.86711,-115.904262,-12.086508,-13.687931,-108.990552,14.51581
1782501550.192954,0.420281,rotate_to_60deg_about_tip,0.00105,39.6095,0.198876,-24.867721,-115.904262,-12.086392,-13.683202,-108.990552,14.513682
1782501550.202908,0.430235,rotate_to_60deg_about_tip,0.001101,39.5985,0.204719,-24.867348,-115.904262,-12.086281,-13.677723,-108.990552,14.511644
1782501550.212954,0.440282,rotate_to_60deg_about_tip,0.0008,39.5875,0.209635,-24.867976,-115.904262,-12.086171,-13.673244,-108.990552,14.509606
1782501550.22295,0.450278,rotate_to_60deg_about_tip,0.000765,39.5815,0.212823,-24.867772,-115.904262,-12.086111,-13.670256,-108.990552,14.508494
1782501550.232999,0.460326,rotate_to_60deg_about_tip,0.000826,39.572,0.217869,-24.867451,-115.904262,-12.086016,-13.665524,-108.990552,14.506732
1782501550.242955,0.470283,rotate_to_60deg_about_tip,0.001633,39.5605,0.221322,-24.869551,-115.904262,-12.084972,-13.662287,-108.990552,14.505526
1782501550.252966,0.480293,rotate_to_60deg_about_tip,0.002827,39.5505,0.225176,-24.87071,-115.904262,-12.084686,-13.658806,-108.990552,14.503856
1782501550.262902,0.49023,rotate_to_60deg_about_tip,0.000581,39.5445,0.231551,-24.867519,-115.904262,-12.08574,-13.65283,-108.990552,14.501628
1782501550.272856,0.500184,rotate_to_60deg_about_tip,0.000846,39.534,0.237129,-24.867163,-115.904262,-12.085635,-13.647603,-108.990552,14.499677
1782501550.282953,0.510281,rotate_to_60deg_about_tip,0.000218,39.524,0.241514,-24.867824,-115.904262,-12.085535,-13.643624,-108.990552,14.497819
1782501550.29296,0.520288,rotate_to_60deg_about_tip,0.000535,39.5125,0.247623,-24.867435,-115.904262,-12.08542,-13.637899,-108.990552,14.49568
1782501550.302958,0.530286,rotate_to_60deg_about_tip,0.001289,39.5025,0.253312,-24.867096,-115.904262,-12.08632,-13.632921,-108.990552,14.49282
1782501550.312908,0.540236,rotate_to_60deg_about_tip,0.000896,39.497,0.255307,-24.867909,-115.904262,-12.086265,-13.631183,-108.990552,14.491796
1782501550.322906,0.550233,rotate_to_60deg_about_tip,0.000899,39.4855,0.261416,-24.86752,-115.904262,-12.086151,-13.625459,-108.990552,14.489655
1782501550.332911,0.560238,rotate_to_60deg_about_tip,0.001049,39.475,0.266994,-24.867164,-115.904262,-12.086046,-13.620233,-108.990552,14.487699
1782501550.342886,0.570214,rotate_to_60deg_about_tip,0.000592,39.464,0.271911,-24.867791,-115.904262,-12.085936,-13.615759,-108.990552,14.485649
1782501550.352896,0.580224,rotate_to_60deg_about_tip,0.000677,39.455,0.276692,-24.867486,-115.904262,-12.085847,-13.61128,-108.990552,14.483971
1782501550.362966,0.590294,rotate_to_60deg_about_tip,0.000916,39.4445,0.28227,-24.86713,-115.904262,-12.085742,-13.606055,-108.990552,14.482012
1782501550.372958,0.600286,rotate_to_60deg_about_tip,0.000343,39.433,0.287453,-24.86774,-115.904262,-12.085628,-13.601333,-108.990552,14.479866
1782501550.382897,0.610225,rotate_to_60deg_about_tip,0.000603,39.4225,0.29303,-24.867384,-115.904262,-12.085523,-13.596109,-108.990552,14.477905
1782501550.39295,0.620278,rotate_to_60deg_about_tip,0.000957,39.4115,0.298874,-24.867011,-115.904262,-12.085414,-13.590636,-108.990552,14.47585
1782501550.402899,0.630226,rotate_to_60deg_about_tip,0.000126,39.4065,0.300604,-24.867842,-115.904262,-12.085364,-13.589149,-108.990552,14.474915
1782501550.412958,0.640285,rotate_to_60deg_about_tip,0.000494,39.396,0.306182,-24.867486,-115.904262,-12.08526,-13.583925,-108.990552,14.472952
1782501550.422968,0.650296,rotate_to_60deg_about_tip,0.001157,39.385,0.312404,-24.867113,-115.904262,-12.086151,-13.578454,-108.990552,14.469895
1782501550.432861,0.660188,rotate_to_60deg_about_tip,0.000709,39.3735,0.317587,-24.867723,-115.904262,-12.086037,-13.573734,-108.990552,14.467742
1782501550.442968,0.670295,rotate_to_60deg_about_tip,0.000805,39.364,0.322634,-24.8674,-115.904262,-12.085943,-13.569009,-108.990552,14.465963
1782501550.452904,0.680231,rotate_to_60deg_about_tip,0.001061,39.3525,0.328743,-24.86701,-115.904262,-12.085829,-13.56329,-108.990552,14.463809
1782501550.462968,0.690296,rotate_to_60deg_about_tip,0.000465,39.3425,0.33313,-24.867671,-115.904262,-12.08573,-13.559317,-108.990552,14.461935
1782501550.472958,0.700286,rotate_to_60deg_about_tip,0.0007,39.332,0.338707,-24.867315,-115.904262,-12.085626,-13.554096,-108.990552,14.459966
1782501550.482896,0.710223,rotate_to_60deg_about_tip,0.001052,39.3205,0.344816,-24.866925,-115.904262,-12.085513,-13.548378,-108.990552,14.457808
1782501550.492903,0.72023,rotate_to_60deg_about_tip,0.000205,39.3165,0.346016,-24.867789,-115.904262,-12.085473,-13.54739,-108.990552,14.457057
1782501550.502968,0.730296,rotate_to_60deg_about_tip,0.000568,39.305,0.352125,-24.867399,-115.904262,-12.08536,-13.541672,-108.990552,14.454898
1782501550.512905,0.740232,rotate_to_60deg_about_tip,0.000949,39.294,0.357968,-24.867026,-115.904262,-12.085251,-13.536204,-108.990552,14.452832
1782501550.522966,0.750294,rotate_to_60deg_about_tip,0.000372,39.2835,0.362621,-24.86767,-115.904262,-12.085148,-13.531985,-108.990552,14.450858
1782501550.532904,0.760231,rotate_to_60deg_about_tip,0.000766,39.272,0.36873,-24.86728,-115.904262,-12.085034,-13.526269,-108.990552,14.448696
1782501550.542973,0.7703,rotate_to_60deg_about_tip,0.001185,39.2615,0.374688,-24.866923,-115.904262,-12.085931,-13.52105,-108.990552,14.445721
1782501550.552955,0.780282,rotate_to_60deg_about_tip,0.000607,39.251,0.379341,-24.867567,-115.904262,-12.085828,-13.516832,-108.990552,14.443744
1782501550.562969,0.790296,rotate_to_60deg_about_tip,0.0007,39.246,0.381997,-24.867398,-115.904262,-12.085778,-13.514347,-108.990552,14.442803
1782501550.572956,0.800283,rotate_to_60deg_about_tip,0.000989,39.235,0.38784,-24.867024,-115.904262,-12.08567,-13.508881,-108.990552,14.440731
1782501550.582897,0.810225,rotate_to_60deg_about_tip,0.000382,39.2235,0.393025,-24.867634,-115.904262,-12.085557,-13.504166,-108.990552,14.438563
1782501550.592905,0.820233,rotate_to_60deg_about_tip,0.000678,39.2135,0.398337,-24.867295,-115.904262,-12.085459,-13.499198,-108.990552,14.436678
1782501550.602965,0.830293,rotate_to_60deg_about_tip,0.001046,39.2025,0.40418,-24.866921,-115.904262,-12.085351,-13.493733,-108.990552,14.434603
1782501550.612953,0.840281,rotate_to_60deg_about_tip,0.000421,39.192,0.408834,-24.867565,-115.904262,-12.085248,-13.489517,-108.990552,14.432621
1782501550.622972,0.850299,rotate_to_60deg_about_tip,0.000792,39.1815,0.414412,-24.867208,-115.904262,-12.085145,-13.484301,-108.990552,14.430638
1782501550.632898,0.860225,rotate_to_60deg_about_tip,0.001618,39.1705,0.417865,-24.86907,-115.904262,-12.084188,-13.481072,-108.990552,14.42941
1782501550.642968,0.870295,rotate_to_60deg_about_tip,0.000516,39.1645,0.422518,-24.867631,-115.904262,-12.084979,-13.476857,-108.990552,14.427426
1782501550.652954,0.880282,rotate_to_60deg_about_tip,0.000818,39.155,0.427565,-24.867309,-115.904262,-12.084886,-13.472139,-108.990552,14.42563
1782501550.662971,0.890298,rotate_to_60deg_about_tip,0.001019,39.149,0.430752,-24.867105,-115.904262,-12.084827,-13.469159,-108.990552,14.424495
1782501550.67297,0.900298,rotate_to_60deg_about_tip,0.000692,39.138,0.435671,-24.867732,-115.904262,-12.08472,-13.464696,-108.990552,14.422414
1782501550.682952,0.910279,rotate_to_60deg_about_tip,0.000628,39.128,0.441365,-24.867392,-115.904262,-12.085622,-13.45973,-108.990552,14.419521
1782501550.692953,0.920281,rotate_to_60deg_about_tip,0.000976,39.1165,0.447474,-24.867002,-115.904262,-12.08551,-13.45402,-108.990552,14.417343
1782501550.702955,0.930282,rotate_to_60deg_about_tip,0.000357,39.105,0.452659,-24.867611,-115.904262,-12.085398,-13.449311,-108.990552,14.415164
1782501550.712958,0.940285,rotate_to_60deg_about_tip,0.000544,39.0995,0.455581,-24.867424,-115.904262,-12.085344,-13.44658,-108.990552,14.414121
1782501550.722953,0.950281,rotate_to_60deg_about_tip,0.000891,39.0895,0.460893,-24.867085,-115.904262,-12.085247,-13.441615,-108.990552,14.412225
1782501550.732959,0.960286,rotate_to_60deg_about_tip,0.001277,39.0785,0.466737,-24.866711,-115.904262,-12.08514,-13.436155,-108.990552,14.410138
1782501550.742901,0.970228,rotate_to_60deg_about_tip,0.000698,39.068,0.471391,-24.867355,-115.904262,-12.085038,-13.431943,-108.990552,14.408145
1782501550.752958,0.980286,rotate_to_60deg_about_tip,0.00108,39.057,0.477234,-24.866981,-115.904262,-12.084931,-13.426483,-108.990552,14.406056
1782501550.762952,0.99028,rotate_to_60deg_about_tip,0.000669,39.0455,0.48242,-24.867591,-115.904262,-12.084819,-13.421776,-108.990552,14.403871
1782501550.772871,1.000199,rotate_to_60deg_about_tip,0.000983,39.035,0.487998,-24.867234,-115.904262,-12.084717,-13.416565,-108.990552,14.401875
1782501550.782969,1.010296,rotate_to_60deg_about_tip,0.001133,39.024,0.494224,-24.86686,-115.904262,-12.08561,-13.411107,-108.990552,14.398783
1782501550.792866,1.020193,rotate_to_60deg_about_tip,0.000499,39.013,0.499145,-24.867486,-115.904262,-12.085503,-13.406648,-108.990552,14.39669
1782501550.802958,1.030286,rotate_to_60deg_about_tip,0.000656,39.008,0.501801,-24.867317,-115.904262,-12.085455,-13.404168,-108.990552,14.395738
1782501550.812964,1.040291,rotate_to_60deg_about_tip,0.000956,38.999,0.506582,-24.867011,-115.904262,-12.085368,-13.399702,-108.990552,14.394024
1782501550.822858,1.050186,rotate_to_60deg_about_tip,0.00033,38.9885,0.511236,-24.867654,-115.904262,-12.085266,-13.395493,-108.990552,14.392024
1782501550.832963,1.06029,rotate_to_60deg_about_tip,0.000719,38.9775,0.51708,-24.86728,-115.904262,-12.08516,-13.390036,-108.990552,14.389928
1782501550.842908,1.070235,rotate_to_60deg_about_tip,0.001107,38.9665,0.522923,-24.866907,-115.904262,-12.085053,-13.38458,-108.990552,14.38783
1782501550.85296,1.080288,rotate_to_60deg_about_tip,0.000592,38.956,0.527578,-24.86755,-115.904262,-12.084952,-13.380372,-108.990552,14.385827
1782501550.862956,1.090283,rotate_to_60deg_about_tip,0.000984,38.944,0.533953,-24.867142,-115.904262,-12.084836,-13.37442,-108.990552,14.383536
1782501550.872902,1.10023,rotate_to_60deg_about_tip,0.001325,38.934,0.539265,-24.866802,-115.904262,-12.084739,-13.369461,-108.990552,14.381627
1782501550.882865,1.110193,rotate_to_60deg_about_tip,0.000758,38.929,0.540998,-24.867632,-115.904262,-12.084691,-13.367982,-108.990552,14.380671
1782501550.892908,1.120235,rotate_to_60deg_about_tip,0.001089,38.917,0.547373,-24.867224,-115.904262,-12.084575,-13.362031,-108.990552,14.378378
1782501550.902923,1.130251,rotate_to_60deg_about_tip,0.001105,38.9065,0.553336,-24.866867,-115.904262,-12.085474,-13.356825,-108.990552,14.37537
1782501550.912857,1.140185,rotate_to_60deg_about_tip,0.00044,38.8965,0.557725,-24.867528,-115.904262,-12.085378,-13.352867,-108.990552,14.373457
1782501550.92296,1.150288,rotate_to_60deg_about_tip,0.000785,38.8865,0.563037,-24.867188,-115.904262,-12.085282,-13.347909,-108.990552,14.371543
1782501550.932909,1.160237,rotate_to_60deg_about_tip,0.000196,38.8775,0.566896,-24.867882,-115.904262,-12.085195,-13.344447,-108.990552,14.36982
1782501550.942912,1.17024,rotate_to_60deg_about_tip,0.000607,38.8645,0.573802,-24.86744,-115.904262,-12.08507,-13.338003,-108.990552,14.36733
1782501550.952923,1.180251,rotate_to_60deg_about_tip,0.000954,38.8545,0.579114,-24.8671,-115.904262,-12.084974,-13.333047,-108.990552,14.365413
1782501550.962961,1.190288,rotate_to_60deg_about_tip,0.000535,38.8445,0.583504,-24.86776,-115.904262,-12.084878,-13.32909,-108.990552,14.363496
1782501550.972974,1.200302,rotate_to_60deg_about_tip,0.000834,38.8335,0.589348,-24.867386,-115.904262,-12.084773,-13.323639,-108.990552,14.361386
1782501550.982906,1.210233,rotate_to_60deg_about_tip,0.001154,38.8235,0.59466,-24.867046,-115.904262,-12.084677,-13.318683,-108.990552,14.359466
1782501550.992928,1.220255,rotate_to_60deg_about_tip,0.000842,38.813,0.599315,-24.867689,-115.904262,-12.084576,-13.31448,-108.990552,14.35745
1782501551.002925,1.230253,rotate_to_60deg_about_tip,0.000955,38.808,0.601972,-24.867519,-115.904262,-12.084528,-13.312003,-108.990552,14.35649
1782501551.012909,1.240236,rotate_to_60deg_about_tip,0.001241,38.7975,0.60755,-24.867161,-115.904262,-12.084428,-13.3068,-108.990552,14.354472
1782501551.022959,1.250287,rotate_to_60deg_about_tip,0.001181,38.7865,0.613779,-24.866787,-115.904262,-12.085323,-13.30135,-108.990552,14.351357
1782501551.033036,1.260364,rotate_to_60deg_about_tip,0.000575,38.7755,0.618701,-24.867413,-115.904262,-12.085218,-13.296901,-108.990552,14.349241
1782501551.043083,1.270411,rotate_to_60deg_about_tip,0.000928,38.7655,0.624013,-24.867073,-115.904262,-12.085122,-13.291947,-108.990552,14.347317
1782501551.052935,1.280262,rotate_to_60deg_about_tip,0.002266,38.754,0.626935,-24.869654,-115.904262,-12.083857,-13.289223,-108.990552,14.346258
1782501551.062959,1.290287,rotate_to_60deg_about_tip,0.000611,38.749,0.631857,-24.867512,-115.904262,-12.084965,-13.284775,-108.990552,14.34414
1782501551.072958,1.300285,rotate_to_60deg_about_tip,0.00079,38.7435,0.634778,-24.867325,-115.904262,-12.084912,-13.282051,-108.990552,14.343081
1782501551.082907,1.310234,rotate_to_60deg_about_tip,0.001145,38.733,0.640357,-24.866968,-115.904262,-12.084812,-13.27685,-108.990552,14.341057
1782501551.092961,1.320288,rotate_to_60deg_about_tip,0.0008,38.7205,0.646075,-24.867542,-115.904262,-12.084693,-13.27166,-108.990552,14.338647
1782501551.102922,1.33025,rotate_to_60deg_about_tip,0.00115,38.7085,0.65245,-24.867134,-115.904262,-12.084579,-13.265718,-108.990552,14.336332
1782501551.112962,1.34029,rotate_to_60deg_about_tip,0.000912,38.698,0.657106,-24.867777,-115.904262,-12.084479,-13.261519,-108.990552,14.334305
1782501551.122972,1.350299,rotate_to_60deg_about_tip,0.001133,38.6875,0.662684,-24.867419,-115.904262,-12.084379,-13.256321,-108.990552,14.332278
1782501551.132959,1.360286,rotate_to_60deg_about_tip,0.000736,38.682,0.665993,-24.867232,-115.904262,-12.085327,-13.253598,-108.990552,14.330215
1782501551.142959,1.370286,rotate_to_60deg_about_tip,0.001102,38.6715,0.671571,-24.866875,-115.904262,-12.085227,-13.2484,-108.990552,14.328186
1782501551.152955,1.380282,rotate_to_60deg_about_tip,0.000529,38.6605,0.676493,-24.867501,-115.904262,-12.085123,-13.243955,-108.990552,14.32606
1782501551.162955,1.390283,rotate_to_60deg_about_tip,0.000912,38.6495,0.682337,-24.867126,-115.904262,-12.085018,-13.23851,-108.990552,14.323932
1782501551.172959,1.400287,rotate_to_60deg_about_tip,0.000517,38.638,0.687525,-24.867735,-115.904262,-12.08491,-13.233818,-108.990552,14.321706
1782501551.182966,1.410294,rotate_to_60deg_about_tip,0.00083,38.627,0.693369,-24.86736,-115.904262,-12.084805,-13.228374,-108.990552,14.319576
1782501551.192957,1.420284,rotate_to_60deg_about_tip,0.001171,38.6165,0.698947,-24.867003,-115.904262,-12.084706,-13.223178,-108.990552,14.317542
1782501551.202955,1.430283,rotate_to_60deg_about_tip,0.00134,38.6115,0.701603,-24.866833,-115.904262,-12.084659,-13.220704,-108.990552,14.316573
1782501551.212957,1.440284,rotate_to_60deg_about_tip,0.000949,38.601,0.70626,-24.867475,-115.904262,-12.084559,-13.216508,-108.990552,14.314538
1782501551.222959,1.450287,rotate_to_60deg_about_tip,0.00126,38.59,0.712104,-24.867101,-115.904262,-12.084456,-13.211066,-108.990552,14.312405
1782501551.232956,1.460284,rotate_to_60deg_about_tip,0.001015,38.581,0.715963,-24.867795,-115.904262,-12.084371,-13.207613,-108.990552,14.310658
1782501551.242971,1.470298,rotate_to_60deg_about_tip,0.001221,38.5705,0.721542,-24.867437,-115.904262,-12.084271,-13.202419,-108.990552,14.30862
1782501551.252958,1.480286,rotate_to_60deg_about_tip,0.000963,38.5585,0.728305,-24.867029,-115.904262,-12.085158,-13.196483,-108.990552,14.30529
1782501551.262959,1.490286,rotate_to_60deg_about_tip,0.000461,38.547,0.733494,-24.867637,-115.904262,-12.08505,-13.191794,-108.990552,14.303055
1782501551.272957,1.500285,rotate_to_60deg_about_tip,0.000823,38.536,0.739337,-24.867262,-115.904262,-12.084946,-13.186354,-108.990552,14.300916
1782501551.282959,1.510286,rotate_to_60deg_about_tip,0.000994,38.531,0.741994,-24.867092,-115.904262,-12.084899,-13.183881,-108.990552,14.299944
1782501551.292952,1.52028,rotate_to_60deg_about_tip,0.000616,38.5205,0.746651,-24.867735,-115.904262,-12.084801,-13.179689,-108.990552,14.297901
1782501551.302954,1.530281,rotate_to_60deg_about_tip,0.000892,38.51,0.752229,-24.867377,-115.904262,-12.084702,-13.174496,-108.990552,14.295858
1782501551.312978,1.540305,rotate_to_60deg_about_tip,0.001236,38.499,0.758073,-24.867002,-115.904262,-12.084599,-13.169057,-108.990552,14.293716
1782501551.322953,1.550281,rotate_to_60deg_about_tip,0.000899,38.49,0.761933,-24.867696,-115.904262,-12.084514,-13.165607,-108.990552,14.291962
1782501551.332963,1.56029,rotate_to_60deg_about_tip,0.001157,38.479,0.767777,-24.867321,-115.904262,-12.084411,-13.160169,-108.990552,14.289818
1782501551.342955,1.570283,rotate_to_60deg_about_tip,0.001474,38.468,0.773621,-24.866946,-115.904262,-12.084308,-13.154731,-108.990552,14.287673
1782501551.352984,1.580312,rotate_to_60deg_about_tip,0.001242,38.4565,0.77881,-24.867555,-115.904262,-12.0842,-13.150046,-108.990552,14.28543
1782501551.362956,1.590283,rotate_to_60deg_about_tip,0.001374,38.4505,0.781998,-24.86735,-115.904262,-12.084144,-13.14708,-108.990552,14.284259
1782501551.372968,1.600296,rotate_to_60deg_about_tip,0.00101,38.4405,0.7877,-24.86701,-115.904262,-12.08505,-13.142138,-108.990552,14.281306
1782501551.38296,1.610287,rotate_to_60deg_about_tip,0.000524,38.43,0.792357,-24.867652,-115.904262,-12.084952,-13.137948,-108.990552,14.279255
1782501551.392956,1.620284,rotate_to_60deg_about_tip,0.000898,38.418,0.798733,-24.867243,-115.904262,-12.08484,-13.132018,-108.990552,14.27691
1782501551.402954,1.630282,rotate_to_60deg_about_tip,0.000649,38.4065,0.803922,-24.867851,-115.904262,-12.084733,-13.127335,-108.990552,14.274662
1782501551.412959,1.640286,rotate_to_60deg_about_tip,0.000743,38.4015,0.806578,-24.867681,-115.904262,-12.084686,-13.124865,-108.990552,14.273684
1782501551.422958,1.650285,rotate_to_60deg_about_tip,0.001043,38.39,0.812688,-24.867289,-115.904262,-12.084579,-13.119183,-108.990552,14.271433
1782501551.43297,1.660297,rotate_to_60deg_about_tip,0.000891,38.3795,0.817345,-24.867931,-115.904262,-12.084481,-13.114995,-108.990552,14.269378
1782501551.443056,1.670383,rotate_to_60deg_about_tip,0.001064,38.369,0.822924,-24.867573,-115.904262,-12.084383,-13.109808,-108.990552,14.267321
1782501551.452952,1.680279,rotate_to_60deg_about_tip,0.001203,38.363,0.826112,-24.867369,-115.904262,-12.084327,-13.106844,-108.990552,14.266146
1782501551.462963,1.69029,rotate_to_60deg_about_tip,0.002968,38.3455,0.832221,-24.869736,-115.904262,-12.082988,-13.101163,-108.990552,14.263892
1782501551.472865,1.700193,rotate_to_60deg_about_tip,0.001222,38.3455,0.834488,-24.867772,-115.904262,-12.084164,-13.0992,-108.990552,14.262715
1782501551.482847,1.710175,rotate_to_60deg_about_tip,0.001417,38.335,0.840067,-24.867415,-115.904262,-12.084067,-13.094014,-108.990552,14.260656
1782501551.49295,1.720278,rotate_to_60deg_about_tip,0.00103,38.3235,0.846567,-24.867023,-115.904262,-12.08496,-13.088334,-108.990552,14.257399
1782501551.50285,1.730177,rotate_to_60deg_about_tip,0.000618,38.312,0.851757,-24.867631,-115.904262,-12.084853,-13.083655,-108.990552,14.255141
1782501551.512862,1.740189,rotate_to_60deg_about_tip,0.000928,38.3015,0.857335,-24.867273,-115.904262,-12.084756,-13.07847,-108.990552,14.253079
1782501551.522954,1.750281,rotate_to_60deg_about_tip,0.000721,38.2905,0.862259,-24.867898,-115.904262,-12.084654,-13.074039,-108.990552,14.250917
1782501551.532959,1.760287,rotate_to_60deg_about_tip,0.00081,38.285,0.865181,-24.86771,-115.904262,-12.084603,-13.071324,-108.990552,14.249836
1782501551.542958,1.770286,rotate_to_60deg_about_tip,0.001048,38.275,0.870494,-24.867369,-115.904262,-12.08451,-13.066387,-108.990552,14.247869
1782501551.552952,1.780279,rotate_to_60deg_about_tip,0.001354,38.2645,0.876073,-24.867011,-115.904262,-12.084413,-13.061203,-108.990552,14.245803
1782501551.562954,1.790282,rotate_to_60deg_about_tip,0.00112,38.253,0.881262,-24.867619,-115.904262,-12.084307,-13.056526,-108.990552,14.243539
1782501551.57296,1.800288,rotate_to_60deg_about_tip,0.001347,38.243,0.886575,-24.867278,-115.904262,-12.084214,-13.051591,-108.990552,14.24157
1782501551.582918,1.810246,rotate_to_60deg_about_tip,0.001619,38.233,0.891888,-24.866937,-115.904262,-12.084122,-13.046655,-108.990552,14.2396
1782501551.592964,1.820292,rotate_to_60deg_about_tip,0.000552,38.2215,0.89747,-24.867545,-115.904262,-12.085016,-13.04198,-108.990552,14.236333
1782501551.602955,1.830283,rotate_to_60deg_about_tip,0.000902,38.211,0.903048,-24.867187,-115.904262,-12.084919,-13.036798,-108.990552,14.234262
1782501551.612957,1.840285,rotate_to_60deg_about_tip,0.001108,38.205,0.906236,-24.866982,-115.904262,-12.084864,-13.033837,-108.990552,14.233078
1782501551.622956,1.850284,rotate_to_60deg_about_tip,0.000695,38.1945,0.910895,-24.867624,-115.904262,-12.084767,-13.029656,-108.990552,14.231006
1782501551.632961,1.860289,rotate_to_60deg_about_tip,0.001022,38.183,0.917005,-24.867232,-115.904262,-12.084661,-13.023982,-108.990552,14.228735
1782501551.642959,1.870287,rotate_to_60deg_about_tip,0.001343,38.173,0.922318,-24.866891,-115.904262,-12.084569,-13.019049,-108.990552,14.22676
1782501551.652956,1.880284,rotate_to_60deg_about_tip,0.00101,38.162,0.927242,-24.867515,-115.904262,-12.084468,-13.014623,-108.990552,14.224586
1782501551.662965,1.890293,rotate_to_60deg_about_tip,0.00133,38.15,0.933618,-24.867106,-115.904262,-12.084358,-13.008703,-108.990552,14.222213
1782501551.672954,1.900281,rotate_to_60deg_about_tip,0.001479,38.145,0.936274,-24.866936,-115.904262,-12.084312,-13.006237,-108.990552,14.221224
1782501551.682963,1.910291,rotate_to_60deg_about_tip,0.001271,38.132,0.942261,-24.867492,-115.904262,-12.084193,-13.000825,-108.990552,14.218651
1782501551.692954,1.920281,rotate_to_60deg_about_tip,0.001497,38.1225,0.947309,-24.867168,-115.904262,-12.084105,-12.99614,-108.990552,14.216771
1782501551.702853,1.930181,rotate_to_60deg_about_tip,0.001378,38.1115,0.952233,-24.867793,-115.904262,-12.084005,-12.991716,-108.990552,14.214592
1782501551.71286,1.940188,rotate_to_60deg_about_tip,0.000722,38.1005,0.958471,-24.867417,-115.904262,-12.084904,-12.986292,-108.990552,14.211412
1782501551.722947,1.950275,rotate_to_60deg_about_tip,0.001086,38.0895,0.964315,-24.867042,-115.904262,-12.084803,-12.980868,-108.990552,14.209231
1782501551.732958,1.960285,rotate_to_60deg_about_tip,0.000722,38.079,0.968974,-24.867684,-115.904262,-12.084707,-12.976691,-108.990552,14.207148
1782501551.742957,1.970285,rotate_to_60deg_about_tip,0.00098,38.069,0.974287,-24.867342,-115.904262,-12.084616,-12.971761,-108.990552,14.205164
1782501551.75296,1.980288,rotate_to_60deg_about_tip,0.001269,38.0595,0.979335,-24.867018,-115.904262,-12.084529,-12.967078,-108.990552,14.203278
1782501551.76296,1.990288,rotate_to_60deg_about_tip,0.001478,38.053,0.982788,-24.866796,-115.904262,-12.08447,-12.963874,-108.990552,14.201987
1782501551.772954,2.000282,rotate_to_60deg_about_tip,0.001129,38.0425,0.987448,-24.867438,-115.904262,-12.084374,-12.959699,-108.990552,14.199901
1782501551.782961,2.010289,rotate_to_60deg_about_tip,0.001422,38.0315,0.993292,-24.867062,-115.904262,-12.084274,-12.954277,-108.990552,14.197715
1782501551.792953,2.020281,rotate_to_60deg_about_tip,0.001222,38.021,0.997952,-24.867704,-115.904262,-12.084178,-12.950103,-108.990552,14.195627
1782501551.802957,2.030285,rotate_to_60deg_about_tip,0.001431,38.0105,1.00353,-24.867345,-115.904262,-12.084083,-12.944928,-108.990552,14.193538
1782501551.812968,2.040295,rotate_to_60deg_about_tip,0.001723,37.999,1.009641,-24.866953,-115.904262,-12.083978,-12.939262,-108.990552,14.191249
1782501551.822968,2.050295,rotate_to_60deg_about_tip,0.001457,37.9935,1.011644,-24.867765,-115.904262,-12.083928,-12.937552,-108.990552,14.190154
1782501551.832979,2.060306,rotate_to_60deg_about_tip,0.000762,37.9835,1.017351,-24.867424,-115.904262,-12.084837,-12.932625,-108.990552,14.187162
1782501551.843033,2.070361,rotate_to_60deg_about_tip,0.001117,37.9725,1.023195,-24.867048,-115.904262,-12.084737,-12.927206,-108.990552,14.18497
1782501551.852955,2.080283,rotate_to_60deg_about_tip,0.002094,37.962,1.026117,-24.869153,-115.904262,-12.083645,-12.924496,-108.990552,14.183874
1782501551.862853,2.09018,rotate_to_60deg_about_tip,0.000907,37.9565,1.030777,-24.867502,-115.904262,-12.084592,-12.920324,-108.990552,14.18178
1782501551.872854,2.100182,rotate_to_60deg_about_tip,0.001247,37.9445,1.037153,-24.867092,-115.904262,-12.084483,-12.914413,-108.990552,14.179386
1782501551.882951,2.110279,rotate_to_60deg_about_tip,0.00137,37.9405,1.039278,-24.866955,-115.904262,-12.084447,-12.912443,-108.990552,14.178588
1782501551.892959,2.120287,rotate_to_60deg_about_tip,0.001126,37.928,1.045001,-24.867529,-115.904262,-12.084334,-12.907287,-108.990552,14.176092
1782501551.902956,2.130283,rotate_to_60deg_about_tip,0.001398,37.917,1.050845,-24.867153,-115.904262,-12.084234,-12.90187,-108.990552,14.173895
1782501551.91296,2.140287,rotate_to_60deg_about_tip,0.001265,37.905,1.056302,-24.867743,-115.904262,-12.084126,-12.896961,-108.990552,14.171497
1782501551.92296,2.150287,rotate_to_60deg_about_tip,0.001461,37.8945,1.061881,-24.867385,-115.904262,-12.084031,-12.891791,-108.990552,14.169398
1782501551.932959,2.160287,rotate_to_60deg_about_tip,0.001729,37.8835,1.067726,-24.867009,-115.904262,-12.083932,-12.886375,-108.990552,14.167197
1782501551.942968,2.170296,rotate_to_60deg_about_tip,0.000634,37.8725,1.073047,-24.867633,-115.904262,-12.084833,-12.88196,-108.990552,14.163996
1782501551.952959,2.180287,rotate_to_60deg_about_tip,0.000757,37.868,1.075438,-24.867479,-115.904262,-12.084792,-12.879744,-108.990552,14.163095
1782501551.962963,2.19029,rotate_to_60deg_about_tip,0.001098,37.857,1.081282,-24.867104,-115.904262,-12.084693,-12.874329,-108.990552,14.160892
1782501551.972961,2.200289,rotate_to_60deg_about_tip,0.000804,37.8465,1.085943,-24.867745,-115.904262,-12.084598,-12.870161,-108.990552,14.158789
1782501551.982959,2.210286,rotate_to_60deg_about_tip,0.001084,37.8345,1.092319,-24.867335,-115.904262,-12.08449,-12.864255,-108.990552,14.156383
1782501551.992852,2.22018,rotate_to_60deg_about_tip,0.001375,37.8245,1.097632,-24.866993,-115.904262,-12.0844,-12.859334,-108.990552,14.154378
1782501552.002954,2.230282,rotate_to_60deg_about_tip,0.001116,37.814,1.102292,-24.867634,-115.904262,-12.084306,-12.855167,-108.990552,14.152271
1782501552.012958,2.240285,rotate_to_60deg_about_tip,0.00135,37.8035,1.107871,-24.867276,-115.904262,-12.084212,-12.85,-108.990552,14.150164
1782501552.022954,2.250281,rotate_to_60deg_about_tip,0.001621,37.7935,1.113185,-24.866934,-115.904262,-12.084122,-12.84508,-108.990552,14.148156
1782501552.032959,2.260287,rotate_to_60deg_about_tip,0.00139,37.7835,1.11758,-24.867592,-115.904262,-12.084032,-12.84116,-108.990552,14.146147
1782501552.042853,2.27018,rotate_to_60deg_about_tip,0.00161,37.773,1.123158,-24.867233,-115.904262,-12.083938,-12.835994,-108.990552,14.144036
1782501552.052953,2.28028,rotate_to_60deg_about_tip,0.001733,37.768,1.125815,-24.867063,-115.904262,-12.083894,-12.833535,-108.990552,14.143031
1782501552.062957,2.290285,rotate_to_60deg_about_tip,0.000652,37.7565,1.131403,-24.86767,-115.904262,-12.084791,-12.828878,-108.990552,14.139718
1782501552.072908,2.300236,rotate_to_60deg_about_tip,0.001002,37.744,1.138045,-24.867242,-115.904262,-12.084679,-12.822729,-108.990552,14.137203
1782501552.082964,2.310292,rotate_to_60deg_about_tip,0.000804,37.7325,1.143237,-24.867849,-115.904262,-12.084576,-12.818074,-108.990552,14.134888
1782501552.092956,2.320284,rotate_to_60deg_about_tip,0.000997,37.7225,1.148551,-24.867507,-115.904262,-12.084487,-12.813156,-108.990552,14.132874
1782501552.10296,2.330287,rotate_to_60deg_about_tip,0.001276,37.712,1.15413,-24.867149,-115.904262,-12.084393,-12.807992,-108.990552,14.130758
1782501552.112847,2.340175,rotate_to_60deg_about_tip,0.001072,37.7025,1.158259,-24.867824,-115.904262,-12.084308,-12.804321,-108.990552,14.128843
1782501552.122846,2.350174,rotate_to_60deg_about_tip,0.00116,37.697,1.161182,-24.867636,-115.904262,-12.084259,-12.801617,-108.990552,14.127734
1782501552.132954,2.360282,rotate_to_60deg_about_tip,0.001377,37.687,1.166495,-24.867294,-115.904262,-12.08417,-12.7967,-108.990552,14.125716
1782501552.142958,2.370286,rotate_to_60deg_about_tip,0.00167,37.676,1.17234,-24.866918,-115.904262,-12.084072,-12.791293,-108.990552,14.123496
1782501552.152959,2.380286,rotate_to_60deg_about_tip,0.001451,37.6655,1.177001,-24.867559,-115.904262,-12.083979,-12.787131,-108.990552,14.121376
1782501552.162959,2.390287,rotate_to_60deg_about_tip,0.001696,37.654,1.183111,-24.867166,-115.904262,-12.083877,-12.781478,-108.990552,14.119053
1782501552.17299,2.400317,rotate_to_60deg_about_tip,0.001146,37.648,1.186697,-24.86696,-115.904262,-12.084823,-12.778529,-108.990552,14.116841
1782501552.18296,2.410288,rotate_to_60deg_about_tip,0.000763,37.6365,1.191889,-24.867567,-115.904262,-12.084721,-12.773877,-108.990552,14.114516
1782501552.192955,2.420283,rotate_to_60deg_about_tip,0.001078,37.6255,1.197734,-24.867191,-115.904262,-12.084624,-12.768471,-108.990552,14.112292
1782501552.202955,2.430282,rotate_to_60deg_about_tip,0.001478,37.613,1.204376,-24.866764,-115.904262,-12.084513,-12.762329,-108.990552,14.109762
1782501552.212958,2.440285,rotate_to_60deg_about_tip,0.001081,37.6035,1.208506,-24.867439,-115.904262,-12.084429,-12.758661,-108.990552,14.107839
1782501552.222953,2.45028,rotate_to_60deg_about_tip,0.00135,37.5935,1.213819,-24.867097,-115.904262,-12.08434,-12.753748,-108.990552,14.105814
1782501552.23296,2.460288,rotate_to_60deg_about_tip,0.001155,37.5825,1.218747,-24.86772,-115.904262,-12.084243,-12.749344,-108.990552,14.103585
1782501552.242957,2.470284,rotate_to_60deg_about_tip,0.001245,37.5775,1.221403,-24.867549,-115.904262,-12.084199,-12.746887,-108.990552,14.102572
1782501552.252955,2.480282,rotate_to_60deg_about_tip,0.001363,37.572,1.224326,-24.867361,-115.904262,-12.08415,-12.744186,-108.990552,14.101457
1782501552.262966,2.490294,rotate_to_60deg_about_tip,0.003355,37.555,1.229905,-24.869972,-115.904262,-12.082681,-12.739028,-108.990552,14.099327
1782501552.272967,2.500294,rotate_to_60deg_about_tip,0.001477,37.549,1.235629,-24.867574,-115.904262,-12.083947,-12.733888,-108.990552,14.096791
1782501552.282851,2.510179,rotate_to_60deg_about_tip,0.001693,37.5385,1.241208,-24.867215,-115.904262,-12.083854,-12.728731,-108.990552,14.09466
1782501552.292958,2.520286,rotate_to_60deg_about_tip,0.001302,37.527,1.247717,-24.866822,-115.904262,-12.084753,-12.723084,-108.990552,14.091324
1782501552.302956,2.530283,rotate_to_60deg_about_tip,0.000845,37.5175,1.251848,-24.867497,-115.904262,-12.084669,-12.719419,-108.990552,14.089394
1782501552.312963,2.54029,rotate_to_60deg_about_tip,0.001028,37.511,1.255302,-24.867274,-115.904262,-12.084612,-12.716227,-108.990552,14.088073
1782501552.322954,2.550282,rotate_to_60deg_about_tip,0.001306,37.502,1.260084,-24.866966,-115.904262,-12.084533,-12.711808,-108.990552,14.086243
1782501552.332955,2.560283,rotate_to_60deg_about_tip,0.001008,37.491,1.265011,-24.86759,-115.904262,-12.084436,-12.707407,-108.990552,14.084006
1782501552.342957,2.570285,rotate_to_60deg_about_tip,0.001237,37.4815,1.270059,-24.867265,-115.904262,-12.084353,-12.702744,-108.990552,14.082072
1782501552.352956,2.580283,rotate_to_60deg_about_tip,0.001537,37.471,1.275638,-24.866906,-115.904262,-12.08426,-12.697589,-108.990552,14.079935
1782501552.362958,2.590285,rotate_to_60deg_about_tip,0.001284,37.46,1.280566,-24.867529,-115.904262,-12.084164,-12.69319,-108.990552,14.077695
1782501552.372968,2.600296,rotate_to_60deg_about_tip,0.00155,37.4485,1.286677,-24.867136,-115.904262,-12.084063,-12.687546,-108.990552,14.075351
1782501552.382968,2.610296,rotate_to_60deg_about_tip,0.001406,37.4385,1.291073,-24.867793,-115.904262,-12.083975,-12.683638,-108.990552,14.073313
1782501552.39296,2.620287,rotate_to_60deg_about_tip,0.001506,37.432,1.294527,-24.867571,-115.904262,-12.083918,-12.680448,-108.990552,14.071987
1782501552.402958,2.630286,rotate_to_60deg_about_tip,0.001743,37.4205,1.300638,-24.867177,-115.904262,-12.083818,-12.674805,-108.990552,14.069641
1782501552.412956,2.640283,rotate_to_60deg_about_tip,0.00167,37.4085,1.306097,-24.867766,-115.904262,-12.083713,-12.669917,-108.990552,14.067192
1782501552.422957,2.650285,rotate_to_60deg_about_tip,0.000936,37.398,1.312076,-24.867407,-115.904262,-12.084621,-12.664765,-108.990552,14.064048
1782501552.432956,2.660284,rotate_to_60deg_about_tip,0.001262,37.387,1.317921,-24.86703,-115.904262,-12.084525,-12.659369,-108.990552,14.061801
1782501552.442974,2.670302,rotate_to_60deg_about_tip,0.000974,37.377,1.322318,-24.867688,-115.904262,-12.084438,-12.655463,-108.990552,14.059757
1782501552.452956,2.680284,rotate_to_60deg_about_tip,0.001076,37.372,1.324974,-24.867517,-115.904262,-12.084394,-12.65301,-108.990552,14.058735
1782501552.462851,2.690179,rotate_to_60deg_about_tip,0.001368,37.3605,1.331085,-24.867123,-115.904262,-12.084294,-12.64737,-108.990552,14.056383
1782501552.472847,2.700174,rotate_to_60deg_about_tip,0.001193,37.3495,1.336013,-24.867747,-115.904262,-12.084198,-12.642975,-108.990552,14.054132
1782501552.48295,2.710278,rotate_to_60deg_about_tip,0.001425,37.3375,1.34239,-24.867336,-115.904262,-12.084094,-12.63709,-108.990552,14.051676
1782501552.493015,2.720342,rotate_to_60deg_about_tip,0.001676,37.3275,1.347703,-24.866993,-115.904262,-12.084007,-12.632186,-108.990552,14.049628
1782501552.50297,2.730297,rotate_to_60deg_about_tip,0.001428,37.3215,1.349975,-24.867788,-115.904262,-12.083955,-12.630244,-108.990552,14.048398
1782501552.512962,2.740289,rotate_to_60deg_about_tip,0.001601,37.311,1.355554,-24.867428,-115.904262,-12.083864,-12.625095,-108.990552,14.046247
1782501552.522957,2.750284,rotate_to_60deg_about_tip,0.001834,37.3005,1.361134,-24.867069,-115.904262,-12.083772,-12.619947,-108.990552,14.044094
1782501552.532959,2.760287,rotate_to_60deg_about_tip,0.000736,37.29,1.366197,-24.867709,-115.904262,-12.084681,-12.6158,-108.990552,14.04094
1782501552.542958,2.770286,rotate_to_60deg_about_tip,0.000996,37.2795,1.371776,-24.867349,-115.904262,-12.08459,-12.610653,-108.990552,14.038785
1782501552.552957,2.780285,rotate_to_60deg_about_tip,0.00131,37.269,1.377356,-24.86699,-115.904262,-12.0845,-12.605506,-108.990552,14.03663
1782501552.562958,2.790286,rotate_to_60deg_about_tip,0.00106,37.2565,1.383082,-24.867562,-115.904262,-12.084391,-12.600379,-108.990552,14.034062
1782501552.572853,2.800181,rotate_to_60deg_about_tip,0.001199,37.2505,1.38627,-24.867356,-115.904262,-12.084339,-12.597439,-108.990552,14.032829
1782501552.582954,2.810282,rotate_to_60deg_about_tip,0.001528,37.2385,1.392646,-24.866945,-115.904262,-12.084236,-12.591558,-108.990552,14.030363
1782501552.592955,2.820282,rotate_to_60deg_about_tip,0.001303,37.227,1.397841,-24.867551,-115.904262,-12.084136,-12.586923,-108.990552,14.027997
1782501552.602956,2.830283,rotate_to_60deg_about_tip,0.001536,37.2165,1.40342,-24.867191,-115.904262,-12.084046,-12.581778,-108.990552,14.025837
1782501552.612968,2.840296,rotate_to_60deg_about_tip,0.001434,37.205,1.408615,-24.867797,-115.904262,-12.083947,-12.577143,-108.990552,14.02347
1782501552.623013,2.85034,rotate_to_60deg_about_tip,0.001586,37.1955,1.413663,-24.867472,-115.904262,-12.083865,-12.572489,-108.990552,14.021513
1782501552.632972,2.860299,rotate_to_60deg_about_tip,0.001708,37.1895,1.416851,-24.867266,-115.904262,-12.083813,-12.56955,-108.990552,14.020277
1782501552.642955,2.870283,rotate_to_60deg_about_tip,0.001811,37.185,1.419242,-24.867112,-115.904262,-12.083774,-12.567346,-108.990552,14.01935
1782501552.65285,2.880178,rotate_to_60deg_about_tip,0.00072,37.1745,1.424307,-24.867752,-115.904262,-12.084684,-12.563202,-108.990552,14.016186
1782501552.662951,2.890279,rotate_to_60deg_about_tip,0.000967,37.164,1.429886,-24.867393,-115.904262,-12.084594,-12.55806,-108.990552,14.014021
1782501552.672955,2.900283,rotate_to_60deg_about_tip,0.001275,37.1535,1.435466,-24.867033,-115.904262,-12.084504,-12.552917,-108.990552,14.011855
1782501552.682956,2.910283,rotate_to_60deg_about_tip,0.001002,37.143,1.44013,-24.867673,-115.904262,-12.084414,-12.548775,-108.990552,14.009688
1782501552.692954,2.920282,rotate_to_60deg_about_tip,0.001235,37.1325,1.445709,-24.867313,-115.904262,-12.084323,-12.543633,-108.990552,14.00752
1782501552.702965,2.930292,rotate_to_60deg_about_tip,0.001495,37.123,1.450757,-24.866987,-115.904262,-12.084242,-12.538982,-108.990552,14.005558
1782501552.71296,2.940287,rotate_to_60deg_about_tip,0.001266,37.1125,1.455421,-24.867628,-115.904262,-12.084152,-12.534841,-108.990552,14.003388
1782501552.722957,2.950284,rotate_to_60deg_about_tip,0.001508,37.101,1.461532,-24.867233,-115.904262,-12.084054,-12.529211,-108.990552,14.001011
1782501552.732958,2.960285,rotate_to_60deg_about_tip,0.001755,37.0915,1.46658,-24.866908,-115.904262,-12.083972,-12.52456,-108.990552,13.999046
1782501552.742957,2.970284,rotate_to_60deg_about_tip,0.001546,37.081,1.471243,-24.867548,-115.904262,-12.083883,-12.520421,-108.990552,13.996873
1782501552.752949,2.980277,rotate_to_60deg_about_tip,0.001772,37.07,1.477089,-24.867171,-115.904262,-12.083789,-12.515037,-108.990552,13.994596
1782501552.762953,2.99028,rotate_to_60deg_about_tip,0.002007,37.0605,1.482137,-24.866845,-115.904262,-12.083708,-12.510387,-108.990552,13.992629
1782501552.772955,3.000283,rotate_to_60deg_about_tip,0.001818,37.05,1.486801,-24.867485,-115.904262,-12.083618,-12.506249,-108.990552,13.990454
1782501552.782951,3.010279,rotate_to_60deg_about_tip,0.001058,37.044,1.490391,-24.867279,-115.904262,-12.084567,-12.503313,-108.990552,13.98821
1782501552.792949,3.020277,rotate_to_60deg_about_tip,0.001393,37.033,1.496237,-24.866902,-115.904262,-12.084473,-12.49793,-108.990552,13.98593
1782501552.802953,3.030281,rotate_to_60deg_about_tip,0.001064,37.023,1.500635,-24.867559,-115.904262,-12.084388,-12.494037,-108.990552,13.983856
1782501552.812958,3.040285,rotate_to_60deg_about_tip,0.001333,37.012,1.50648,-24.867182,-115.904262,-12.084295,-12.488655,-108.990552,13.981573
1782501552.822964,3.050292,rotate_to_60deg_about_tip,0.001634,37.0015,1.51206,-24.866822,-115.904262,-12.084205,-12.483519,-108.990552,13.979393
1782501552.832953,3.060281,rotate_to_60deg_about_tip,0.001363,36.9905,1.51699,-24.867445,-115.904262,-12.084112,-12.479138,-108.990552,13.977109
1782501552.842955,3.070283,rotate_to_60deg_about_tip,0.001599,36.9805,1.522304,-24.867102,-115.904262,-12.084027,-12.474247,-108.990552,13.975031
1782501552.852955,3.080282,rotate_to_60deg_about_tip,0.001857,36.971,1.527352,-24.866776,-115.904262,-12.083946,-12.4696,-108.990552,13.973057
1782501552.86295,3.090277,rotate_to_60deg_about_tip,0.001621,36.96,1.532282,-24.867399,-115.904262,-12.083853,-12.465221,-108.990552,13.970769
1782501552.872955,3.100282,rotate_to_60deg_about_tip,0.001749,36.954,1.53547,-24.867193,-115.904262,-12.083802,-12.462286,-108.990552,13.969521
1782501552.882954,3.110282,rotate_to_60deg_about_tip,0.002022,36.943,1.541315,-24.866816,-115.904262,-12.083709,-12.456908,-108.990552,13.967232
1782501552.892951,3.120278,rotate_to_60deg_about_tip,0.001833,36.932,1.546245,-24.867438,-115.904262,-12.083616,-12.452529,-108.990552,13.964942
1782501552.902954,3.130282,rotate_to_60deg_about_tip,0.001226,36.9215,1.552229,-24.867078,-115.904262,-12.084527,-12.447395,-108.990552,13.961756
1782501552.912953,3.14028,rotate_to_60deg_about_tip,0.000983,36.91,1.557425,-24.867684,-115.904262,-12.08443,-12.442773,-108.990552,13.959359
1782501552.922956,3.150283,rotate_to_60deg_about_tip,0.001177,36.901,1.562207,-24.867375,-115.904262,-12.084354,-12.438374,-108.990552,13.957483
1782501552.932951,3.160278,rotate_to_60deg_about_tip,0.001488,36.8895,1.568318,-24.86698,-115.904262,-12.084257,-12.432753,-108.990552,13.955085
1782501552.942948,3.170275,rotate_to_60deg_about_tip,0.001167,36.8845,1.57006,-24.867809,-115.904262,-12.084215,-12.431309,-108.990552,13.954042
1782501552.952964,3.180291,rotate_to_60deg_about_tip,0.001369,36.873,1.576171,-24.867414,-115.904262,-12.084118,-12.425688,-108.990552,13.951642
1782501552.962954,3.190282,rotate_to_60deg_about_tip,0.001649,36.8615,1.582282,-24.86702,-115.904262,-12.084022,-12.420068,-108.990552,13.949241
1782501552.972964,3.200292,rotate_to_60deg_about_tip,0.001455,36.852,1.586416,-24.867694,-115.904262,-12.083942,-12.416426,-108.990552,13.947257
1782501552.982845,3.210172,rotate_to_60deg_about_tip,0.001645,36.8415,1.591995,-24.867333,-115.904262,-12.083853,-12.411295,-108.990552,13.945063
1782501552.992949,3.220277,rotate_to_60deg_about_tip,0.001927,36.8295,1.598372,-24.866922,-115.904262,-12.083753,-12.405432,-108.990552,13.942554
1782501553.002948,3.230276,rotate_to_60deg_about_tip,0.001754,36.819,1.603037,-24.867561,-115.904262,-12.083665,-12.401303,-108.990552,13.940358
1782501553.012949,3.240277,rotate_to_60deg_about_tip,0.00186,36.813,1.606225,-24.867355,-115.904262,-12.083614,-12.398371,-108.990552,13.939103
1782501553.022952,3.250279,rotate_to_60deg_about_tip,0.001272,36.803,1.611944,-24.867012,-115.904262,-12.08453,-12.393487,-108.990552,13.93601
1782501553.032951,3.260278,rotate_to_60deg_about_tip,0.000971,36.793,1.616343,-24.867669,-115.904262,-12.084447,-12.389602,-108.990552,13.933917
1782501553.043012,3.27034,rotate_to_60deg_about_tip,0.001221,36.782,1.622189,-24.867291,-115.904262,-12.084355,-12.38423,-108.990552,13.931613
1782501553.05295,3.280277,rotate_to_60deg_about_tip,0.003264,36.7715,1.624314,-24.870105,-115.904262,-12.082905,-12.382276,-108.990552,13.930774
1782501553.062952,3.290279,rotate_to_60deg_about_tip,0.002676,36.761,1.630425,-24.869256,-115.904262,-12.083026,-12.37666,-108.990552,13.928364
1782501553.072954,3.300282,rotate_to_60deg_about_tip,0.001369,36.7555,1.635356,-24.867382,-115.904262,-12.084133,-12.372289,-108.990552,13.926058
1782501553.08295,3.310278,rotate_to_60deg_about_tip,0.001669,36.7435,1.641733,-24.86697,-115.904262,-12.084033,-12.366429,-108.990552,13.92354
1782501553.092955,3.320282,rotate_to_60deg_about_tip,0.001809,36.7385,1.64439,-24.866798,-115.904262,-12.083991,-12.363988,-108.990552,13.922491
1782501553.102954,3.330282,rotate_to_60deg_about_tip,0.00158,36.727,1.649587,-24.867403,-115.904262,-12.083895,-12.359374,-108.990552,13.920077
1782501553.112956,3.340283,rotate_to_60deg_about_tip,0.001841,36.7155,1.655698,-24.867008,-115.904262,-12.0838,-12.35376,-108.990552,13.917662
1782501553.122953,3.350281,rotate_to_60deg_about_tip,0.001682,36.7055,1.660098,-24.867665,-115.904262,-12.083716,-12.349879,-108.990552,13.91556
1782501553.132957,3.360284,rotate_to_60deg_about_tip,0.001864,36.695,1.665677,-24.867305,-115.904262,-12.083629,-12.344754,-108.990552,13.913353
1782501553.142949,3.370276,rotate_to_60deg_about_tip,0.002084,36.685,1.670991,-24.866961,-115.904262,-12.083546,-12.339873,-108.990552,13.91125
1782501553.152848,3.380176,rotate_to_60deg_about_tip,0.001004,36.6735,1.676594,-24.867566,-115.904262,-12.084451,-12.335261,-108.990552,13.907831
1782501553.162843,3.390171,rotate_to_60deg_about_tip,0.001277,36.6625,1.682439,-24.867189,-115.904262,-12.084359,-12.329893,-108.990552,13.905516
1782501553.172946,3.400274,rotate_to_60deg_about_tip,0.001553,36.653,1.687488,-24.866862,-115.904262,-12.084281,-12.325258,-108.990552,13.903515
1782501553.182955,3.410283,rotate_to_60deg_about_tip,0.001266,36.6425,1.692153,-24.867502,-115.904262,-12.084194,-12.321135,-108.990552,13.901304
1782501553.192905,3.420233,rotate_to_60deg_about_tip,0.001399,36.6365,1.695342,-24.867296,-115.904262,-12.084144,-12.318208,-108.990552,13.900039
1782501553.202956,3.430283,rotate_to_60deg_about_tip,0.001644,36.627,1.70039,-24.866969,-115.904262,-12.084065,-12.313573,-108.990552,13.898037
1782501553.212955,3.440282,rotate_to_60deg_about_tip,0.001991,36.615,1.706767,-24.866557,-115.904262,-12.083966,-12.30772,-108.990552,13.895506
1782501553.222957,3.450285,rotate_to_60deg_about_tip,0.001679,36.6045,1.711433,-24.867196,-115.904262,-12.083879,-12.303598,-108.990552,13.893291
1782501553.232951,3.460279,rotate_to_60deg_about_tip,0.001929,36.5945,1.716747,-24.866853,-115.904262,-12.083797,-12.298721,-108.990552,13.891181
1782501553.242954,3.470281,rotate_to_60deg_about_tip,0.001736,36.5835,1.721678,-24.867475,-115.904262,-12.083706,-12.294357,-108.990552,13.888858
1782501553.252951,3.480279,rotate_to_60deg_about_tip,0.001937,36.5735,1.726993,-24.867132,-115.904262,-12.083624,-12.28948,-108.990552,13.886745
1782501553.262951,3.490279,rotate_to_60deg_about_tip,0.002177,36.5635,1.732307,-24.866788,-115.904262,-12.083541,-12.284604,-108.990552,13.884632
1782501553.272952,3.500279,rotate_to_60deg_about_tip,0.00096,36.5575,1.734988,-24.867582,-115.904262,-12.084492,-12.282679,-108.990552,13.882364
1782501553.282952,3.510279,rotate_to_60deg_about_tip,0.001248,36.546,1.741099,-24.867187,-115.904262,-12.084397,-12.277072,-108.990552,13.879932
1782501553.292952,3.52028,rotate_to_60deg_about_tip,0.001589,36.5345,1.74721,-24.866792,-115.904262,-12.084303,-12.271466,-108.990552,13.877499
1782501553.302952,3.53028,rotate_to_60deg_about_tip,0.001296,36.523,1.752408,-24.867396,-115.904262,-12.084208,-12.26686,-108.990552,13.875065
1782501553.31295,3.540277,rotate_to_60deg_about_tip,0.001558,36.5125,1.757988,-24.867036,-115.904262,-12.084122,-12.261742,-108.990552,13.872841
1782501553.322957,3.550285,rotate_to_60deg_about_tip,0.001858,36.502,1.763568,-24.866675,-115.904262,-12.084036,-12.256625,-108.990552,13.870617
1782501553.332954,3.560282,rotate_to_60deg_about_tip,0.001522,36.4935,1.767171,-24.867383,-115.904262,-12.083966,-12.253482,-108.990552,13.868816
1782501553.342898,3.570225,rotate_to_60deg_about_tip,0.001778,36.4825,1.773017,-24.867005,-115.904262,-12.083876,-12.248122,-108.990552,13.866484
1782501553.352973,3.580301,rotate_to_60deg_about_tip,0.001937,36.4765,1.776205,-24.866798,-115.904262,-12.083827,-12.245198,-108.990552,13.865211
1782501553.362949,3.590276,rotate_to_60deg_about_tip,0.001733,36.465,1.781403,-24.867403,-115.904262,-12.083733,-12.240595,-108.990552,13.862771
1782501553.372953,3.600281,rotate_to_60deg_about_tip,0.00198,36.4535,1.787514,-24.867008,-115.904262,-12.083639,-12.234992,-108.990552,13.86033
1782501553.38295,3.610278,rotate_to_60deg_about_tip,0.001853,36.4425,1.792446,-24.86763,-115.904262,-12.083549,-12.230633,-108.990552,13.857995
1782501553.392952,3.62028,rotate_to_60deg_about_tip,0.001159,36.4315,1.7987,-24.867252,-115.904262,-12.084459,-12.225275,-108.990552,13.854658
1782501553.40295,3.630277,rotate_to_60deg_about_tip,0.001331,36.4255,1.801888,-24.867045,-115.904262,-12.084411,-12.222353,-108.990552,13.853383
1782501553.412951,3.640278,rotate_to_60deg_about_tip,0.001092,36.4145,1.806821,-24.867667,-115.904262,-12.084321,-12.217995,-108.990552,13.851044
1782501553.422965,3.650293,rotate_to_60deg_about_tip,0.00129,36.405,1.811869,-24.867341,-115.904262,-12.084244,-12.213368,-108.990552,13.849024
1782501553.43301,3.660337,rotate_to_60deg_about_tip,0.001578,36.394,1.817715,-24.866963,-115.904262,-12.084154,-12.208012,-108.990552,13.846683
1782501553.442954,3.670281,rotate_to_60deg_about_tip,0.00137,36.3825,1.822913,-24.867567,-115.904262,-12.084061,-12.203412,-108.990552,13.844236
1782501553.45304,3.680367,rotate_to_60deg_about_tip,0.001578,36.3725,1.828227,-24.867223,-115.904262,-12.083979,-12.198543,-108.990552,13.842106
1782501553.462951,3.690279,rotate_to_60deg_about_tip,0.001578,36.3725,1.828227,-24.867223,-115.904262,-12.083979,-12.198543,-108.990552,13.842106
1782501553.472958,3.700286,rotate_to_60deg_about_tip,0.001899,36.36,1.83487,-24.866794,-115.904262,-12.083878,-12.192457,-108.990552,13.839443
1782501553.482952,3.710279,rotate_to_60deg_about_tip,0.001666,36.3495,1.839537,-24.867432,-115.904262,-12.083793,-12.188346,-108.990552,13.837205
1782501553.492953,3.72028,rotate_to_60deg_about_tip,0.001913,36.338,1.845648,-24.867037,-115.904262,-12.0837,-12.182748,-108.990552,13.834753
1782501553.502952,3.73028,rotate_to_60deg_about_tip,0.00218,36.3275,1.851228,-24.866676,-115.904262,-12.083615,-12.177637,-108.990552,13.832513
1782501553.512951,3.740278,rotate_to_60deg_about_tip,0.00189,36.3205,1.854035,-24.867435,-115.904262,-12.083558,-12.17523,-108.990552,13.831019
1782501553.522954,3.750282,rotate_to_60deg_about_tip,0.002098,36.31,1.859615,-24.867074,-115.904262,-12.083473,-12.17012,-108.990552,13.828778
1782501553.532954,3.760281,rotate_to_60deg_about_tip,0.001578,36.3,1.865337,-24.86673,-115.904262,-12.084392,-12.165254,-108.990552,13.825642
1782501553.542955,3.770283,rotate_to_60deg_about_tip,0.001257,36.288,1.870802,-24.867317,-115.904262,-12.084295,-12.160415,-108.990552,13.823078
1782501553.552952,3.78028,rotate_to_60deg_about_tip,0.001539,36.2775,1.876382,-24.866956,-115.904262,-12.084211,-12.155306,-108.990552,13.820834
1782501553.562955,3.790283,rotate_to_60deg_about_tip,0.001299,36.267,1.881049,-24.867595,-115.904262,-12.084126,-12.151198,-108.990552,13.818588
1782501553.572956,3.800283,rotate_to_60deg_about_tip,0.00153,36.256,1.886895,-24.867217,-115.904262,-12.084037,-12.145847,-108.990552,13.816235
1782501553.582963,3.810291,rotate_to_60deg_about_tip,0.001668,36.2505,1.889818,-24.867028,-115.904262,-12.083993,-12.143171,-108.990552,13.815058
1782501553.592952,3.82028,rotate_to_60deg_about_tip,0.001508,36.239,1.895016,-24.867632,-115.904262,-12.083901,-12.138578,-108.990552,13.812596
1782501553.602956,3.830283,rotate_to_60deg_about_tip,0.001704,36.2285,1.900596,-24.867271,-115.904262,-12.083816,-12.133471,-108.990552,13.810347
1782501553.612951,3.840278,rotate_to_60deg_about_tip,0.001989,36.2165,1.906973,-24.866858,-115.904262,-12.08372,-12.127635,-108.990552,13.807776
1782501553.62295,3.850277,rotate_to_60deg_about_tip,0.001815,36.205,1.912172,-24.867462,-115.904262,-12.083628,-12.123043,-108.990552,13.805311
1782501553.632953,3.860281,rotate_to_60deg_about_tip,0.001879,36.2015,1.914032,-24.867342,-115.904262,-12.0836,-12.121341,-108.990552,13.804561
1782501553.642956,3.870284,rotate_to_60deg_about_tip,0.002125,36.19,1.920143,-24.866946,-115.904262,-12.083508,-12.115749,-108.990552,13.802094
1782501553.652956,3.880284,rotate_to_60deg_about_tip,0.001693,36.179,1.926399,-24.866568,-115.904262,-12.084419,-12.110401,-108.990552,13.798733
1782501553.662951,3.890278,rotate_to_60deg_about_tip,0.001272,36.169,1.930801,-24.867223,-115.904262,-12.084339,-12.10654,-108.990552,13.796587
1782501553.672949,3.900277,rotate_to_60deg_about_tip,0.001585,36.158,1.936647,-24.866845,-115.904262,-12.084252,-12.101193,-108.990552,13.794224
1782501553.682956,3.910283,rotate_to_60deg_about_tip,0.001297,36.1475,1.941314,-24.867484,-115.904262,-12.084168,-12.097089,-108.990552,13.791968
1782501553.692952,3.92028,rotate_to_60deg_about_tip,0.00154,36.137,1.946894,-24.867122,-115.904262,-12.084084,-12.091986,-108.990552,13.789711
1782501553.702956,3.930284,rotate_to_60deg_about_tip,0.001812,36.127,1.952208,-24.866778,-115.904262,-12.084004,-12.087126,-108.990552,13.787561
1782501553.712949,3.940276,rotate_to_60deg_about_tip,0.001582,36.115,1.957674,-24.867365,-115.904262,-12.083908,-12.082295,-108.990552,13.78498
1782501553.722955,3.950283,rotate_to_60deg_about_tip,0.001785,36.106,1.962456,-24.867055,-115.904262,-12.083837,-12.077922,-108.990552,13.783043
1782501553.732845,3.960172,rotate_to_60deg_about_tip,0.002073,36.095,1.968302,-24.866677,-115.904262,-12.083749,-12.072578,-108.990552,13.780674
1782501553.742843,3.97017,rotate_to_60deg_about_tip,0.001742,36.089,1.970579,-24.86747,-115.904262,-12.083702,-12.070663,-108.990552,13.779382
1782501553.752947,3.980274,rotate_to_60deg_about_tip,0.001941,36.079,1.975893,-24.867126,-115.904262,-12.083622,-12.065805,-108.990552,13.777228
1782501553.762951,3.990279,rotate_to_60deg_about_tip,0.002192,36.0685,1.981473,-24.866764,-115.904262,-12.083539,-12.060704,-108.990552,13.774965
1782501553.772952,4.00028,rotate_to_60deg_about_tip,0.001063,36.0585,1.986286,-24.86742,-115.904262,-12.084459,-12.056847,-108.990552,13.771809
1782501553.782951,4.010278,rotate_to_60deg_about_tip,0.001406,36.046,1.992929,-24.86699,-115.904262,-12.08436,-12.050776,-108.990552,13.769112
1782501553.792948,4.020276,rotate_to_60deg_about_tip,0.001713,36.036,1.998243,-24.866645,-115.904262,-12.084281,-12.045919,-108.990552,13.766954
1782501553.802969,4.030296,rotate_to_60deg_about_tip,0.001358,36.0255,2.002911,-24.867284,-115.904262,-12.084198,-12.041821,-108.990552,13.764687
1782501553.812954,4.040281,rotate_to_60deg_about_tip,0.001524,36.019,2.006366,-24.86706,-115.904262,-12.084147,-12.038664,-108.990552,13.763284
1782501553.822955,4.050282,rotate_to_60deg_about_tip,0.001822,36.0085,2.011946,-24.866698,-115.904262,-12.084064,-12.033566,-108.990552,13.761015
1782501553.832952,4.06028,rotate_to_60deg_about_tip,0.001516,35.9985,2.016348,-24.867354,-115.904262,-12.083985,-12.029711,-108.990552,13.758854
1782501553.842901,4.070229,rotate_to_60deg_about_tip,0.00273,35.9885,2.019271,-24.869194,-115.904262,-12.082933,-12.027041,-108.990552,13.757665
1782501553.85297,4.080297,rotate_to_60deg_about_tip,0.002666,35.978,2.024851,-24.868833,-115.904262,-12.082849,-12.021944,-108.990552,13.755394
1782501553.862952,4.090279,rotate_to_60deg_about_tip,0.003432,35.966,2.029785,-24.869904,-115.904262,-12.082538,-12.017605,-108.990552,13.753014
1782501553.872848,4.100176,rotate_to_60deg_about_tip,0.00191,35.961,2.035365,-24.867063,-115.904262,-12.083689,-12.012509,-108.990552,13.750742
1782501553.882953,4.110281,rotate_to_60deg_about_tip,0.002199,35.9495,2.041477,-24.866667,-115.904262,-12.083598,-12.006927,-108.990552,13.748252
1782501553.89295,4.120278,rotate_to_60deg_about_tip,0.001873,35.9445,2.043222,-24.867494,-115.904262,-12.083559,-12.005501,-108.990552,13.747169
1782501553.902954,4.130281,rotate_to_60deg_about_tip,0.001253,35.933,2.049746,-24.867098,-115.904262,-12.084469,-11.999921,-108.990552,13.743677
1782501553.912951,4.140279,rotate_to_60deg_about_tip,0.00156,35.923,2.05506,-24.866754,-115.904262,-12.08439,-11.995068,-108.990552,13.741509
1782501553.922951,4.150279,rotate_to_60deg_about_tip,0.001244,35.911,2.060526,-24.867341,-115.904262,-12.084296,-11.990246,-108.990552,13.738907
1782501553.932953,4.16028,rotate_to_60deg_about_tip,0.001522,35.9005,2.066106,-24.866979,-115.904262,-12.084214,-11.985153,-108.990552,13.736629
1782501553.942956,4.170284,rotate_to_60deg_about_tip,0.001818,35.8905,2.07142,-24.866634,-115.904262,-12.084135,-11.980302,-108.990552,13.734459
1782501553.952956,4.180284,rotate_to_60deg_about_tip,0.001392,35.8845,2.073698,-24.867428,-115.904262,-12.084088,-11.978391,-108.990552,13.733156
1782501553.962953,4.19028,rotate_to_60deg_about_tip,0.001648,35.8735,2.079543,-24.867049,-115.904262,-12.084002,-11.973056,-108.990552,13.730767
1782501553.972951,4.200279,rotate_to_60deg_about_tip,0.001964,35.862,2.085655,-24.866652,-115.904262,-12.083913,-11.967479,-108.990552,13.728269
1782501553.982951,4.210279,rotate_to_60deg_about_tip,0.001693,35.851,2.090589,-24.867273,-115.904262,-12.083827,-11.963144,-108.990552,13.725878
1782501553.992895,4.220222,rotate_to_60deg_about_tip,0.001939,35.8405,2.096169,-24.866912,-115.904262,-12.083745,-11.958053,-108.990552,13.723594
1782501554.002951,4.230279,rotate_to_60deg_about_tip,0.002248,35.829,2.102281,-24.866515,-115.904262,-12.083655,-11.952477,-108.990552,13.721092
1782501554.012951,4.240278,rotate_to_60deg_about_tip,0.00114,35.8185,2.107363,-24.867154,-115.904262,-12.084573,-11.948387,-108.990552,13.717807
1782501554.022954,4.250282,rotate_to_60deg_about_tip,0.001293,35.8135,2.11002,-24.866981,-115.904262,-12.084534,-11.945963,-108.990552,13.716719
1782501554.032972,4.2603,rotate_to_60deg_about_tip,0.001631,35.803,2.1156,-24.866619,-115.904262,-12.084453,-11.940873,-108.990552,13.714432
1782501554.042951,4.270279,rotate_to_60deg_about_tip,0.00128,35.7905,2.121332,-24.867189,-115.904262,-12.084355,-11.935814,-108.990552,13.711709
1782501554.052956,4.280283,rotate_to_60deg_about_tip,0.001538,35.7815,2.126115,-24.866878,-115.904262,-12.084286,-11.931452,-108.990552,13.709747
1782501554.062948,4.290276,rotate_to_60deg_about_tip,0.00191,35.7695,2.132492,-24.866465,-115.904262,-12.084192,-11.925636,-108.990552,13.70713
1782501554.072955,4.300283,rotate_to_60deg_about_tip,0.001515,35.7595,2.136896,-24.86712,-115.904262,-12.084115,-11.92179,-108.990552,13.704949
1782501554.082947,4.310275,rotate_to_60deg_about_tip,0.001832,35.748,2.143007,-24.866724,-115.904262,-12.084026,-11.916218,-108.990552,13.702439
1782501554.092952,4.32028,rotate_to_60deg_about_tip,0.002132,35.738,2.148321,-24.866379,-115.904262,-12.083948,-11.911373,-108.990552,13.700256
1782501554.102955,4.330283,rotate_to_60deg_about_tip,0.001659,35.7325,2.150334,-24.867189,-115.904262,-12.083906,-11.909708,-108.990552,13.699055
1782501554.112955,4.340283,rotate_to_60deg_about_tip,0.001921,35.722,2.155914,-24.866827,-115.904262,-12.083825,-11.904621,-108.990552,13.696761
1782501554.122954,4.350281,rotate_to_60deg_about_tip,0.0022,35.712,2.161228,-24.866483,-115.904262,-12.083747,-11.899777,-108.990552,13.694575
1782501554.132953,4.360281,rotate_to_60deg_about_tip,0.001926,35.7005,2.166429,-24.867086,-115.904262,-12.083659,-11.895207,-108.990552,13.692061
1782501554.142952,4.37028,rotate_to_60deg_about_tip,0.001442,35.691,2.171892,-24.866759,-115.904262,-12.084585,-11.890606,-108.990552,13.688983
1782501554.152953,4.380281,rotate_to_60deg_about_tip,0.001777,35.681,2.177206,-24.866414,-115.904262,-12.084508,-11.885763,-108.990552,13.686795
1782501554.162954,4.390282,rotate_to_60deg_about_tip,0.00133,35.67,2.182141,-24.867035,-115.904262,-12.084424,-11.881436,-108.990552,13.684387
1782501554.17295,4.400278,rotate_to_60deg_about_tip,0.001638,35.66,2.187456,-24.86669,-115.904262,-12.084347,-11.876594,-108.990552,13.682197
1782501554.18295,4.410277,rotate_to_60deg_about_tip,0.001253,35.6505,2.191594,-24.867362,-115.904262,-12.084274,-11.872994,-108.990552,13.680116
1782501554.192964,4.420292,rotate_to_60deg_about_tip,0.001552,35.639,2.197705,-24.866966,-115.904262,-12.084185,-11.867427,-108.990552,13.677596
1782501554.20295,4.430278,rotate_to_60deg_about_tip,0.001861,35.6285,2.203285,-24.866604,-115.904262,-12.084105,-11.862344,-108.990552,13.675294
1782501554.212962,4.44029,rotate_to_60deg_about_tip,0.001507,35.619,2.207424,-24.867276,-115.904262,-12.084032,-11.858745,-108.990552,13.67321
1782501554.222954,4.450281,rotate_to_60deg_about_tip,0.001795,35.6075,2.213535,-24.866879,-115.904262,-12.083944,-11.853179,-108.990552,13.670687
1782501554.232948,4.460276,rotate_to_60deg_about_tip,0.002092,35.597,2.219115,-24.866517,-115.904262,-12.083863,-11.848098,-108.990552,13.668382
1782501554.242969,4.470297,rotate_to_60deg_about_tip,0.001677,35.5915,2.221128,-24.867328,-115.904262,-12.083821,-11.846436,-108.990552,13.667174
1782501554.252976,4.480304,rotate_to_60deg_about_tip,0.001926,35.5805,2.226974,-24.866948,-115.904262,-12.083737,-11.841113,-108.990552,13.664758
1782501554.262951,4.490279,rotate_to_60deg_about_tip,0.00208,35.5745,2.230163,-24.866741,-115.904262,-12.083691,-11.83821,-108.990552,13.66344
1782501554.272951,4.500279,rotate_to_60deg_about_tip,0.001778,35.5635,2.236423,-24.866362,-115.904262,-12.084607,-11.832887,-108.990552,13.660022
1782501554.282952,4.510279,rotate_to_60deg_about_tip,0.001315,35.552,2.241625,-24.866965,-115.904262,-12.084519,-11.828324,-108.990552,13.657493
1782501554.292863,4.52019,rotate_to_60deg_about_tip,0.00149,35.5465,2.244548,-24.866775,-115.904262,-12.084477,-11.825663,-108.990552,13.656283
1782501554.30295,4.530277,rotate_to_60deg_about_tip,0.001867,35.535,2.250659,-24.866379,-115.904262,-12.08439,-11.8201,-108.990552,13.653753
1782501554.312954,4.540282,rotate_to_60deg_about_tip,0.001425,35.5245,2.25533,-24.867016,-115.904262,-12.08431,-11.816021,-108.990552,13.651441
1782501554.32295,4.550277,rotate_to_60deg_about_tip,0.00174,35.514,2.26091,-24.866654,-115.904262,-12.08423,-11.810943,-108.990552,13.649129
1782501554.332953,4.560281,rotate_to_60deg_about_tip,0.001384,35.504,2.265314,-24.867309,-115.904262,-12.084154,-11.807107,-108.990552,13.646926
1782501554.342949,4.570277,rotate_to_60deg_about_tip,0.001678,35.4925,2.271426,-24.866912,-115.904262,-12.084067,-11.801546,-108.990552,13.644392
1782501554.352955,4.580283,rotate_to_60deg_about_tip,0.001981,35.482,2.277006,-24.86655,-115.904262,-12.083987,-11.796468,-108.990552,13.642077
1782501554.362956,4.590284,rotate_to_60deg_about_tip,0.001636,35.4725,2.281145,-24.867222,-115.904262,-12.083915,-11.792875,-108.990552,13.639981
1782501554.372857,4.600184,rotate_to_60deg_about_tip,0.00192,35.461,2.287256,-24.866825,-115.904262,-12.083828,-11.787316,-108.990552,13.637443
1782501554.382969,4.610297,rotate_to_60deg_about_tip,0.002042,35.4565,2.289648,-24.86667,-115.904262,-12.083794,-11.78514,-108.990552,13.63645
1782501554.392953,4.620281,rotate_to_60deg_about_tip,0.000931,35.446,2.294734,-24.867308,-115.904262,-12.084714,-11.781065,-108.990552,13.633132
1782501554.402953,4.630281,rotate_to_60deg_about_tip,0.001259,35.4355,2.300314,-24.866945,-115.904262,-12.084635,-11.775989,-108.990552,13.630813
1782501554.412954,4.640282,rotate_to_60deg_about_tip,0.001607,35.425,2.305894,-24.866583,-115.904262,-12.084556,-11.770915,-108.990552,13.628493
1782501554.422951,4.650279,rotate_to_60deg_about_tip,0.001179,35.414,2.310831,-24.867203,-115.904262,-12.084473,-11.766599,-108.990552,13.626061
1782501554.432953,4.660281,rotate_to_60deg_about_tip,0.001445,35.405,2.315614,-24.866893,-115.904262,-12.084405,-11.76225,-108.990552,13.624071
1782501554.442953,4.670281,rotate_to_60deg_about_tip,0.001809,35.3935,2.321725,-24.866496,-115.904262,-12.084318,-11.756693,-108.990552,13.621526
1782501554.452955,4.680283,rotate_to_60deg_about_tip,0.001433,35.382,2.326927,-24.867099,-115.904262,-12.084232,-11.752137,-108.990552,13.618981
1782501554.462949,4.690276,rotate_to_60deg_about_tip,0.001732,35.3715,2.332507,-24.866736,-115.904262,-12.084153,-11.747064,-108.990552,13.616656
1782501554.472951,4.700279,rotate_to_60deg_about_tip,0.001884,35.3665,2.335165,-24.866564,-115.904262,-12.084115,-11.744649,-108.990552,13.615549
1782501554.482951,4.710279,rotate_to_60deg_about_tip,0.001563,35.355,2.340367,-24.867167,-115.904262,-12.084029,-11.740094,-108.990552,13.613001
1782501554.492955,4.720283,rotate_to_60deg_about_tip,0.001823,35.345,2.345681,-24.866822,-115.904262,-12.083954,-11.735264,-108.990552,13.610785
1782501554.502967,4.730294,rotate_to_60deg_about_tip,0.00211,35.335,2.350996,-24.866476,-115.904262,-12.083879,-11.730434,-108.990552,13.608567
1782501554.512951,4.740279,rotate_to_60deg_about_tip,0.001765,35.3255,2.355135,-24.867148,-115.904262,-12.083807,-11.726846,-108.990552,13.60646
1782501554.522952,4.75028,rotate_to_60deg_about_tip,0.001379,35.314,2.361664,-24.866751,-115.904262,-12.084721,-11.721293,-108.990552,13.602908
1782501554.532955,4.760283,rotate_to_60deg_about_tip,0.001721,35.304,2.366978,-24.866406,-115.904262,-12.084647,-11.716465,-108.990552,13.600688
1782501554.542949,4.770276,rotate_to_60deg_about_tip,0.001224,35.2935,2.371649,-24.867043,-115.904262,-12.084568,-11.712395,-108.990552,13.598356
1782501554.55295,4.780277,rotate_to_60deg_about_tip,0.001543,35.2835,2.376964,-24.866698,-115.904262,-12.084493,-11.707568,-108.990552,13.596135
1782501554.562954,4.790282,rotate_to_60deg_about_tip,0.001171,35.272,2.382166,-24.867301,-115.904262,-12.084408,-11.703016,-108.990552,13.593579
1782501554.572955,4.800283,rotate_to_60deg_about_tip,0.001479,35.261,2.388012,-24.866921,-115.904262,-12.084326,-11.697707,-108.990552,13.591133
1782501554.582862,4.81019,rotate_to_60deg_about_tip,0.001661,35.255,2.391201,-24.866714,-115.904262,-12.084281,-11.694811,-108.990552,13.589799
1782501554.592948,4.820275,rotate_to_60deg_about_tip,0.001978,35.245,2.396515,-24.866369,-115.904262,-12.084206,-11.689985,-108.990552,13.587574
1782501554.602952,4.83028,rotate_to_60deg_about_tip,0.001558,35.235,2.400921,-24.867023,-115.904262,-12.084132,-11.686159,-108.990552,13.585348
1782501554.612952,4.840279,rotate_to_60deg_about_tip,0.00187,35.224,2.406766,-24.866643,-115.904262,-12.08405,-11.680851,-108.990552,13.582899
1782501554.622954,4.850281,rotate_to_60deg_about_tip,0.00216,35.2145,2.411815,-24.866315,-115.904262,-12.08398,-11.676268,-108.990552,13.580783
1782501554.632954,4.860281,rotate_to_60deg_about_tip,0.001812,35.203,2.417018,-24.866918,-115.904262,-12.083894,-11.67172,-108.990552,13.57822
1782501554.642952,4.87028,rotate_to_60deg_about_tip,0.001552,35.1915,2.423547,-24.866521,-115.904262,-12.084809,-11.666172,-108.990552,13.574656
1782501554.652968,4.880296,rotate_to_60deg_about_tip,0.001762,35.1855,2.426736,-24.866313,-115.904262,-12.084765,-11.663278,-108.990552,13.573318
1782501554.662952,4.89028,rotate_to_60deg_about_tip,0.003007,35.175,2.427953,-24.870086,-115.904262,-12.083237,-11.662348,-108.990552,13.572426
1782501554.672965,4.900293,rotate_to_60deg_about_tip,0.002344,35.163,2.434862,-24.869189,-115.904262,-12.083371,-11.656078,-108.990552,13.569525
1782501554.682951,4.910278,rotate_to_60deg_about_tip,0.001831,35.157,2.440973,-24.866329,-115.904262,-12.084554,-11.650532,-108.990552,13.566958
1782501554.692951,4.920278,rotate_to_60deg_about_tip,0.001312,35.1475,2.445114,-24.867001,-115.904262,-12.084484,-11.646951,-108.990552,13.564837
1782501554.702951,4.930278,rotate_to_60deg_about_tip,0.001675,35.136,2.451225,-24.866603,-115.904262,-12.084399,-11.641405,-108.990552,13.562268
1782501554.712952,4.940279,rotate_to_60deg_about_tip,0.001888,35.1295,2.45468,-24.866379,-115.904262,-12.084351,-11.638271,-108.990552,13.560815
1782501554.722952,4.95028,rotate_to_60deg_about_tip,0.001452,35.119,2.459351,-24.867016,-115.904262,-12.084274,-11.634209,-108.990552,13.558468
1782501554.732894,4.960222,rotate_to_60deg_about_tip,0.001763,35.1085,2.464931,-24.866653,-115.904262,-12.084196,-11.629147,-108.990552,13.55612
1782501554.74295,4.970278,rotate_to_60deg_about_tip,0.002125,35.097,2.471043,-24.866256,-115.904262,-12.084112,-11.623604,-108.990552,13.553547
1782501554.752984,4.980312,rotate_to_60deg_about_tip,0.001715,35.0865,2.475715,-24.866893,-115.904262,-12.084035,-11.619543,-108.990552,13.551197
1782501554.762953,4.990281,rotate_to_60deg_about_tip,0.002031,35.0755,2.48156,-24.866513,-115.904262,-12.083954,-11.614241,-108.990552,13.548734
1782501554.772952,5.000279,rotate_to_60deg_about_tip,0.002182,35.0705,2.484218,-24.86634,-115.904262,-12.083917,-11.611832,-108.990552,13.547614
1782501554.782954,5.010282,rotate_to_60deg_about_tip,0.001175,35.0585,2.490106,-24.866925,-115.904262,-12.084829,-11.607049,-108.990552,13.543925
1782501554.792962,5.02029,rotate_to_60deg_about_tip,0.001553,35.0475,2.495952,-24.866545,-115.904262,-12.084749,-11.601749,-108.990552,13.54146
1782501554.80285,5.030178,rotate_to_60deg_about_tip,0.0019,35.0375,2.501266,-24.866199,-115.904262,-12.084675,-11.596931,-108.990552,13.539218
1782501554.812961,5.040289,rotate_to_60deg_about_tip,0.001435,35.025,2.507001,-24.866767,-115.904262,-12.084584,-11.591909,-108.990552,13.536413
1782501554.822954,5.050282,rotate_to_60deg_about_tip,0.001752,35.0155,2.51205,-24.866439,-115.904262,-12.084514,-11.587332,-108.990552,13.534281
1782501554.832899,5.060227,rotate_to_60deg_about_tip,0.001276,35.0055,2.516456,-24.867093,-115.904262,-12.084441,-11.583516,-108.990552,13.532036
1782501554.842953,5.070281,rotate_to_60deg_about_tip,0.00147,34.999,2.519911,-24.866869,-115.904262,-12.084394,-11.580385,-108.990552,13.530577
1782501554.852957,5.080284,rotate_to_60deg_about_tip,0.001786,34.989,2.525225,-24.866523,-115.904262,-12.084321,-11.575569,-108.990552,13.52833
1782501554.862956,5.090284,rotate_to_60deg_about_tip,0.001439,34.9765,2.53096,-24.867091,-115.904262,-12.08423,-11.570549,-108.990552,13.525521
1782501554.872948,5.100276,rotate_to_60deg_about_tip,0.001752,34.9655,2.536806,-24.866711,-115.904262,-12.08415,-11.565252,-108.990552,13.523048
1782501554.882951,5.110279,rotate_to_60deg_about_tip,0.001935,34.9595,2.539994,-24.866503,-115.904262,-12.084106,-11.562363,-108.990552,13.521698
1782501554.89295,5.120277,rotate_to_60deg_about_tip,0.001613,34.9475,2.545464,-24.867088,-115.904262,-12.084019,-11.557586,-108.990552,13.518999
1782501554.902955,5.130282,rotate_to_60deg_about_tip,0.001893,34.937,2.551044,-24.866725,-115.904262,-12.083943,-11.552531,-108.990552,13.516635
1782501554.91295,5.140278,rotate_to_60deg_about_tip,0.0017,34.926,2.55731,-24.866345,-115.904262,-12.084863,-11.547236,-108.990552,13.513158
1782501554.922952,5.15028,rotate_to_60deg_about_tip,0.001146,34.9155,2.561983,-24.866982,-115.904262,-12.084787,-11.543182,-108.990552,13.510793
1782501554.932954,5.160281,rotate_to_60deg_about_tip,0.00145,34.9065,2.566765,-24.866671,-115.904262,-12.084722,-11.538851,-108.990552,13.508765
1782501554.942952,5.170279,rotate_to_60deg_about_tip,0.001846,34.895,2.572877,-24.866273,-115.904262,-12.084639,-11.533316,-108.990552,13.506173
1782501554.952951,5.180278,rotate_to_60deg_about_tip,0.001363,34.8835,2.578081,-24.866875,-115.904262,-12.084556,-11.528782,-108.990552,13.503579
1782501554.962958,5.190285,rotate_to_60deg_about_tip,0.001673,34.874,2.583129,-24.866547,-115.904262,-12.084487,-11.524211,-108.990552,13.501436
1782501554.972955,5.200283,rotate_to_60deg_about_tip,0.002059,34.8625,2.589241,-24.866149,-115.904262,-12.084404,-11.518678,-108.990552,13.498841
1782501554.982954,5.210281,rotate_to_60deg_about_tip,0.001381,34.8585,2.590459,-24.867011,-115.904262,-12.084375,-11.517754,-108.990552,13.497937
1782501554.992949,5.220277,rotate_to_60deg_about_tip,0.001731,34.847,2.596571,-24.866613,-115.904262,-12.084292,-11.512222,-108.990552,13.49534
1782501555.00295,5.230278,rotate_to_60deg_about_tip,0.002119,34.835,2.602948,-24.866198,-115.904262,-12.084206,-11.50645,-108.990552,13.492629
1782501555.012953,5.24028,rotate_to_60deg_about_tip,0.001666,34.825,2.607355,-24.866852,-115.904262,-12.084134,-11.50264,-108.990552,13.490369
1782501555.022958,5.250286,rotate_to_60deg_about_tip,0.002023,34.813,2.613732,-24.866437,-115.904262,-12.084048,-11.496869,-108.990552,13.487656
1782501555.032957,5.260284,rotate_to_60deg_about_tip,0.001647,34.803,2.618139,-24.867091,-115.904262,-12.083976,-11.49306,-108.990552,13.485394
1782501555.04295,5.270277,rotate_to_60deg_about_tip,0.001774,34.798,2.620797,-24.866918,-115.904262,-12.08394,-11.490656,-108.990552,13.484262
1782501555.052952,5.280279,rotate_to_60deg_about_tip,0.002108,34.786,2.627174,-24.866503,-115.904262,-12.083854,-11.484886,-108.990552,13.481546
1782501555.063034,5.290361,rotate_to_60deg_about_tip,0.000985,34.7765,2.631737,-24.867174,-115.904262,-12.084786,-11.481319,-108.990552,13.478395
1782501555.07297,5.300298,rotate_to_60deg_about_tip,0.001181,34.7705,2.634925,-24.866967,-115.904262,-12.084743,-11.478434,-108.990552,13.477036
1782501555.082952,5.31028,rotate_to_60deg_about_tip,0.0015,34.761,2.639974,-24.866638,-115.904262,-12.084675,-11.473867,-108.990552,13.474884
1782501555.092951,5.320278,rotate_to_60deg_about_tip,0.00219,34.7445,2.64582,-24.868711,-115.904262,-12.083311,-11.46858,-108.990552,13.472391
1782501555.102948,5.330276,rotate_to_60deg_about_tip,0.001416,34.738,2.65129,-24.866842,-115.904262,-12.084511,-11.463812,-108.990552,13.46967
1782501555.112951,5.340279,rotate_to_60deg_about_tip,0.001594,34.7325,2.654213,-24.866652,-115.904262,-12.084472,-11.461169,-108.990552,13.468423
1782501555.122955,5.350282,rotate_to_60deg_about_tip,0.001958,34.7215,2.660058,-24.866271,-115.904262,-12.084393,-11.455883,-108.990552,13.465927
1782501555.132967,5.360294,rotate_to_60deg_about_tip,0.001493,34.711,2.664732,-24.866908,-115.904262,-12.084319,-11.451838,-108.990552,13.463544
1782501555.142955,5.370283,rotate_to_60deg_about_tip,0.001784,34.7015,2.66978,-24.866579,-115.904262,-12.084251,-11.447273,-108.990552,13.461387
1782501555.152953,5.380281,rotate_to_60deg_about_tip,0.002137,34.6905,2.675626,-24.866198,-115.904262,-12.084173,-11.441988,-108.990552,13.458888
1782501555.162952,5.39028,rotate_to_60deg_about_tip,0.001732,34.679,2.680831,-24.8668,-115.904262,-12.084091,-11.437464,-108.990552,13.456275
1782501555.17295,5.400277,rotate_to_60deg_about_tip,0.001893,34.6735,2.683754,-24.86661,-115.904262,-12.084052,-11.434822,-108.990552,13.455025
1782501555.182957,5.410284,rotate_to_60deg_about_tip,0.002246,34.662,2.689865,-24.866212,-115.904262,-12.083971,-11.429298,-108.990552,13.45241
1782501555.192954,5.420281,rotate_to_60deg_about_tip,0.001878,34.6505,2.69507,-24.866814,-115.904262,-12.083889,-11.424775,-108.990552,13.449794
1782501555.202952,5.43028,rotate_to_60deg_about_tip,0.001598,34.6405,2.700807,-24.866468,-115.904262,-12.084818,-11.419972,-108.990552,13.446518
1782501555.212953,5.440281,rotate_to_60deg_about_tip,0.001948,34.6305,2.706121,-24.866122,-115.904262,-12.084748,-11.41517,-108.990552,13.444242
1782501555.222955,5.450283,rotate_to_60deg_about_tip,0.001413,34.6195,2.71106,-24.866741,-115.904262,-12.08467,-11.410889,-108.990552,13.441736
1782501555.232954,5.460282,rotate_to_60deg_about_tip,0.001752,34.6095,2.716374,-24.866395,-115.904262,-12.084599,-11.406087,-108.990552,13.439458
1782501555.242951,5.470279,rotate_to_60deg_about_tip,0.002078,34.6,2.721423,-24.866066,-115.904262,-12.084532,-11.401527,-108.990552,13.437293
1782501555.252955,5.480283,rotate_to_60deg_about_tip,0.001576,34.589,2.726362,-24.866685,-115.904262,-12.084455,-11.397246,-108.990552,13.434785
1782501555.262955,5.490283,rotate_to_60deg_about_tip,0.001971,34.577,2.732739,-24.86627,-115.904262,-12.08437,-11.391486,-108.990552,13.432048
1782501555.272952,5.500279,rotate_to_60deg_about_tip,0.001467,34.568,2.736616,-24.866958,-115.904262,-12.084307,-11.388167,-108.990552,13.429994
1782501555.282951,5.510279,rotate_to_60deg_about_tip,0.001799,34.557,2.742462,-24.866577,-115.904262,-12.084229,-11.382888,-108.990552,13.427483
1782501555.292952,5.52028,rotate_to_60deg_about_tip,0.001989,34.551,2.74565,-24.86637,-115.904262,-12.084187,-11.380009,-108.990552,13.426113
1782501555.30295,5.530277,rotate_to_60deg_about_tip,0.002363,34.5395,2.751761,-24.865971,-115.904262,-12.084107,-11.37449,-108.990552,13.423487
1782501555.312951,5.540279,rotate_to_60deg_about_tip,0.001893,34.5295,2.75617,-24.866625,-115.904262,-12.084036,-11.370692,-108.990552,13.421202
1782501555.322951,5.550279,rotate_to_60deg_about_tip,0.002181,34.52,2.761218,-24.866296,-115.904262,-12.08397,-11.366135,-108.990552,13.41903
1782501555.332845,5.560173,rotate_to_60deg_about_tip,0.001802,34.5095,2.765892,-24.866933,-115.904262,-12.083896,-11.362098,-108.990552,13.416629
1782501555.342849,5.570176,rotate_to_60deg_about_tip,0.001502,34.499,2.771896,-24.866569,-115.904262,-12.084823,-11.357061,-108.990552,13.413227
1782501555.352882,5.58021,rotate_to_60deg_about_tip,0.001903,34.4875,2.778007,-24.866171,-115.904262,-12.084743,-11.351545,-108.990552,13.410596
1782501555.36289,5.590218,rotate_to_60deg_about_tip,0.001208,34.4815,2.78029,-24.866963,-115.904262,-12.084701,-11.349668,-108.990552,13.409222
1782501555.372882,5.600209,rotate_to_60deg_about_tip,0.001591,34.47,2.786401,-24.866565,-115.904262,-12.08462,-11.344153,-108.990552,13.406589
1782501555.382887,5.610214,rotate_to_60deg_about_tip,0.001949,34.4595,2.791981,-24.866201,-115.904262,-12.084547,-11.339118,-108.990552,13.404184
1782501555.39288,5.620208,rotate_to_60deg_about_tip,0.00149,34.4475,2.797452,-24.866785,-115.904262,-12.084464,-11.334364,-108.990552,13.401433
1782501555.402851,5.630178,rotate_to_60deg_about_tip,0.001847,34.4365,2.803298,-24.866404,-115.904262,-12.084387,-11.32909,-108.990552,13.398911
1782501555.412884,5.640211,rotate_to_60deg_about_tip,0.00142,34.4255,2.808238,-24.867023,-115.904262,-12.084311,-11.324817,-108.990552,13.396389
1782501555.422849,5.650177,rotate_to_60deg_about_tip,0.001685,34.4165,2.813021,-24.866712,-115.904262,-12.084248,-11.320503,-108.990552,13.394323
1782501555.432847,5.660175,rotate_to_60deg_about_tip,0.001886,34.41,2.816475,-24.866486,-115.904262,-12.084203,-11.317388,-108.990552,13.392832
1782501555.442846,5.670174,rotate_to_60deg_about_tip,0.002207,34.4,2.821789,-24.86614,-115.904262,-12.084134,-11.312595,-108.990552,13.390536
1782501555.452874,5.680202,rotate_to_60deg_about_tip,0.001785,34.389,2.826729,-24.866759,-115.904262,-12.084058,-11.308323,-108.990552,13.388009
1782501555.462877,5.690205,rotate_to_60deg_about_tip,0.002142,34.377,2.833106,-24.866343,-115.904262,-12.083975,-11.302573,-108.990552,13.385252
1782501555.472894,5.700222,rotate_to_60deg_about_tip,0.00281,34.367,2.835497,-24.868632,-115.904262,-12.082641,-11.300417,-108.990552,13.384218
1782501555.482957,5.710285,rotate_to_60deg_about_tip,0.001927,34.3605,2.840969,-24.866771,-115.904262,-12.08386,-11.295667,-108.990552,13.381459
1782501555.492895,5.720222,rotate_to_60deg_about_tip,0.002079,34.355,2.843892,-24.866581,-115.904262,-12.083822,-11.293032,-108.990552,13.380194
1782501555.502891,5.730218,rotate_to_60deg_about_tip,0.001875,34.344,2.850162,-24.8662,-115.904262,-12.084747,-11.287763,-108.990552,13.376664
1782501555.512951,5.740278,rotate_to_60deg_about_tip,0.001312,34.334,2.854571,-24.866853,-115.904262,-12.084678,-11.283972,-108.990552,13.374363
1782501555.522949,5.750277,rotate_to_60deg_about_tip,0.001698,34.3225,2.860682,-24.866455,-115.904262,-12.084598,-11.278464,-108.990552,13.371715
1782501555.532953,5.760281,rotate_to_60deg_about_tip,0.002075,34.3115,2.866528,-24.866074,-115.904262,-12.084523,-11.273196,-108.990552,13.369181
1782501555.54295,5.770277,rotate_to_60deg_about_tip,0.001527,34.302,2.870671,-24.866744,-115.904262,-12.084457,-11.269647,-108.990552,13.366993
1782501555.552951,5.780278,rotate_to_60deg_about_tip,0.001901,34.2905,2.876783,-24.866346,-115.904262,-12.084378,-11.26414,-108.990552,13.364342
1782501555.562951,5.790278,rotate_to_60deg_about_tip,0.001436,34.2805,2.881192,-24.866999,-115.904262,-12.08431,-11.260352,-108.990552,13.362036
1782501555.572949,5.800276,rotate_to_60deg_about_tip,0.001612,34.2745,2.88438,-24.866791,-115.904262,-12.084269,-11.257479,-108.990552,13.360652
1782501555.582948,5.810276,rotate_to_60deg_about_tip,0.001905,34.265,2.889428,-24.866462,-115.904262,-12.084204,-11.252931,-108.990552,13.358461
1782501555.592951,5.820278,rotate_to_60deg_about_tip,0.002243,34.2545,2.895008,-24.866098,-115.904262,-12.084132,-11.247905,-108.990552,13.356037
1782501555.602962,5.83029,rotate_to_60deg_about_tip,0.001814,34.2435,2.899949,-24.866717,-115.904262,-12.084056,-11.24364,-108.990552,13.353498
1782501555.612955,5.840282,rotate_to_60deg_about_tip,0.002128,34.233,2.905529,-24.866353,-115.904262,-12.083985,-11.238615,-108.990552,13.351072
1782501555.622949,5.850277,rotate_to_60deg_about_tip,0.001743,34.223,2.909938,-24.867006,-115.904262,-12.083916,-11.234829,-108.990552,13.348762
1782501555.632952,5.86028,rotate_to_60deg_about_tip,0.002035,34.212,2.915783,-24.866625,-115.904262,-12.083841,-11.229565,-108.990552,13.346219
1782501555.642949,5.870276,rotate_to_60deg_about_tip,0.00234,34.2015,2.921363,-24.866261,-115.904262,-12.08377,-11.224541,-108.990552,13.343791
1782501555.652954,5.880281,rotate_to_60deg_about_tip,0.001281,34.1905,2.92673,-24.86688,-115.904262,-12.084695,-11.220278,-108.990552,13.340246
1782501555.662941,5.890269,rotate_to_60deg_about_tip,0.001599,34.181,2.931778,-24.86655,-115.904262,-12.08463,-11.215733,-108.990552,13.338048
1782501555.672949,5.900277,rotate_to_60deg_about_tip,0.001992,34.1695,2.93789,-24.866152,-115.904262,-12.084552,-11.210232,-108.990552,13.335386
1782501555.68295,5.910278,rotate_to_60deg_about_tip,0.001478,34.159,2.942565,-24.866788,-115.904262,-12.084481,-11.20621,-108.990552,13.332954
1782501555.692968,5.920295,rotate_to_60deg_about_tip,0.001606,34.155,2.94469,-24.866649,-115.904262,-12.084454,-11.204297,-108.990552,13.332027
1782501555.702955,5.930283,rotate_to_60deg_about_tip,0.001985,34.1435,2.950802,-24.86625,-115.904262,-12.084376,-11.198797,-108.990552,13.329363
1782501555.712947,5.940275,rotate_to_60deg_about_tip,0.001533,34.1325,2.955743,-24.866869,-115.904262,-12.084301,-11.194537,-108.990552,13.326813
1782501555.722951,5.950279,rotate_to_60deg_about_tip,0.001808,34.1235,2.960525,-24.866557,-115.904262,-12.08424,-11.190233,-108.990552,13.324726
1782501555.732955,5.960283,rotate_to_60deg_about_tip,0.00216,34.1125,2.966371,-24.866175,-115.904262,-12.084166,-11.184974,-108.990552,13.322174
1782501555.74295,5.970278,rotate_to_60deg_about_tip,0.001694,34.103,2.970515,-24.866846,-115.904262,-12.084102,-11.181432,-108.990552,13.319969
1782501555.752952,5.98028,rotate_to_60deg_about_tip,0.002031,34.0915,2.976626,-24.866447,-115.904262,-12.084024,-11.175935,-108.990552,13.3173
1782501555.762948,5.990276,rotate_to_60deg_about_tip,0.001671,34.081,2.981301,-24.867083,-115.904262,-12.083953,-11.171916,-108.990552,13.314861
1782501555.772961,6.000289,rotate_to_60deg_about_tip,0.001943,34.0705,2.986881,-24.866719,-115.904262,-12.083883,-11.166897,-108.990552,13.312422
1782501555.782948,6.010276,rotate_to_60deg_about_tip,0.002258,34.0595,2.992726,-24.866337,-115.904262,-12.083809,-11.16164,-108.990552,13.309865
1782501555.792964,6.020291,rotate_to_60deg_about_tip,0.0019,34.0495,2.997136,-24.86699,-115.904262,-12.083741,-11.157862,-108.990552,13.30754
1782501555.802949,6.030277,rotate_to_60deg_about_tip,0.001345,34.044,3.000486,-24.8668,-115.904262,-12.084705,-11.155234,-108.990552,13.305261
1782501555.812962,6.04029,rotate_to_60deg_about_tip,0.001734,34.0325,3.006597,-24.866401,-115.904262,-12.084627,-11.149739,-108.990552,13.302585
1782501555.822957,6.050284,rotate_to_60deg_about_tip,0.001206,34.023,3.010742,-24.867071,-115.904262,-12.084564,-11.1462,-108.990552,13.300374
1782501555.832951,6.060278,rotate_to_60deg_about_tip,0.001536,34.0125,3.016321,-24.866707,-115.904262,-12.084493,-11.141184,-108.990552,13.29793
1782501555.842968,6.070295,rotate_to_60deg_about_tip,0.001881,34.002,3.021901,-24.866343,-115.904262,-12.084423,-11.136169,-108.990552,13.295484
1782501555.852958,6.080286,rotate_to_60deg_about_tip,0.001419,33.9915,3.026577,-24.866979,-115.904262,-12.084353,-11.132153,-108.990552,13.293038
1782501555.862951,6.090278,rotate_to_60deg_about_tip,0.001768,33.98,3.032688,-24.86658,-115.904262,-12.084276,-11.126661,-108.990552,13.290357
1782501555.873022,6.10035,rotate_to_60deg_about_tip,0.00212,33.969,3.038533,-24.866198,-115.904262,-12.084203,-11.121408,-108.990552,13.287793
1782501555.882948,6.110276,rotate_to_60deg_about_tip,0.00212,33.969,3.038533,-24.866198,-115.904262,-12.084203,-11.121408,-108.990552,13.287793
1782501555.892964,6.120291,rotate_to_60deg_about_tip,0.003065,33.951,3.044006,-24.869438,-115.904262,-12.082682,-11.116678,-108.990552,13.284993
1782501555.902971,6.130299,rotate_to_60deg_about_tip,0.002066,33.9455,3.050117,-24.866383,-115.904262,-12.084046,-11.111188,-108.990552,13.28231
1782501555.912952,6.14028,rotate_to_60deg_about_tip,0.0017,33.9345,3.055059,-24.867001,-115.904262,-12.083973,-11.106936,-108.990552,13.279741
1782501555.922949,6.150277,rotate_to_60deg_about_tip,0.00201,33.923,3.061169,-24.866602,-115.904262,-12.083896,-11.101447,-108.990552,13.277056
1782501555.932953,6.16028,rotate_to_60deg_about_tip,0.002304,33.913,3.066483,-24.866255,-115.904262,-12.08383,-11.096674,-108.990552,13.274719
1782501555.94295,6.170278,rotate_to_60deg_about_tip,0.001818,33.9075,3.068502,-24.867064,-115.904262,-12.083793,-11.095049,-108.990552,13.273434
1782501555.95295,6.180277,rotate_to_60deg_about_tip,0.002079,33.897,3.074082,-24.8667,-115.904262,-12.083724,-11.090037,-108.990552,13.270979
1782501555.962949,6.190277,rotate_to_60deg_about_tip,0.0018,33.886,3.080356,-24.866318,-115.904262,-12.084651,-11.084788,-108.990552,13.267406
1782501555.972956,6.200284,rotate_to_60deg_about_tip,0.001301,33.875,3.085298,-24.866936,-115.904262,-12.084578,-11.08054,-108.990552,13.264833
1782501555.982949,6.210276,rotate_to_60deg_about_tip,0.00164,33.8645,3.090877,-24.866572,-115.904262,-12.084509,-11.07553,-108.990552,13.262375
1782501555.992963,6.220291,rotate_to_60deg_about_tip,0.002042,33.8525,3.097254,-24.866155,-115.904262,-12.08443,-11.069805,-108.990552,13.259566
1782501556.002948,6.230275,rotate_to_60deg_about_tip,0.001551,33.842,3.10193,-24.866791,-115.904262,-12.08436,-11.065796,-108.990552,13.257106
1782501556.012949,6.240277,rotate_to_60deg_about_tip,0.001834,33.833,3.106713,-24.866479,-115.904262,-12.084301,-11.061503,-108.990552,13.254997
1782501556.022951,6.250279,rotate_to_60deg_about_tip,0.002028,33.827,3.109901,-24.86627,-115.904262,-12.084261,-11.058642,-108.990552,13.253591
1782501556.032954,6.260281,rotate_to_60deg_about_tip,0.0016,33.816,3.114843,-24.866888,-115.904262,-12.084189,-11.054396,-108.990552,13.251012
1782501556.042949,6.270277,rotate_to_60deg_about_tip,0.001925,33.805,3.120688,-24.866507,-115.904262,-12.084117,-11.04915,-108.990552,13.248432
1782501556.052953,6.280281,rotate_to_60deg_about_tip,0.002239,33.795,3.126002,-24.866159,-115.904262,-12.084051,-11.044382,-108.990552,13.246086
1782501556.062955,6.290282,rotate_to_60deg_about_tip,0.001845,33.7835,3.13121,-24.86676,-115.904262,-12.083976,-11.039899,-108.990552,13.243387
1782501556.072949,6.300277,rotate_to_60deg_about_tip,0.002118,33.774,3.136258,-24.86643,-115.904262,-12.083913,-11.03537,-108.990552,13.241156
1782501556.082949,6.310277,rotate_to_60deg_about_tip,0.001672,33.768,3.138543,-24.867222,-115.904262,-12.083874,-11.033509,-108.990552,13.239747
1782501556.092952,6.320279,rotate_to_60deg_about_tip,0.00209,33.751,3.147577,-24.866632,-115.904262,-12.083763,-11.025406,-108.990552,13.235752
1782501556.10295,6.330277,rotate_to_60deg_about_tip,0.002215,33.7465,3.149968,-24.866476,-115.904262,-12.083733,-11.023261,-108.990552,13.234695
1782501556.112951,6.340278,rotate_to_60deg_about_tip,0.00192,33.7355,3.15491,-24.867094,-115.904262,-12.083661,-11.019019,-108.990552,13.232108
1782501556.122952,6.350279,rotate_to_60deg_about_tip,0.001462,33.725,3.16092,-24.866729,-115.904262,-12.084593,-11.014015,-108.990552,13.228639
1782501556.132951,6.360278,rotate_to_60deg_about_tip,0.001762,33.716,3.165702,-24.866417,-115.904262,-12.084534,-11.009727,-108.990552,13.226521
1782501556.142955,6.370282,rotate_to_60deg_about_tip,0.001302,33.705,3.170645,-24.867035,-115.904262,-12.084463,-11.005486,-108.990552,13.223932
1782501556.152961,6.380288,rotate_to_60deg_about_tip,0.00164,33.694,3.17649,-24.866653,-115.904262,-12.084391,-11.000245,-108.990552,13.221342
1782501556.162948,6.390276,rotate_to_60deg_about_tip,0.001963,33.684,3.181803,-24.866306,-115.904262,-12.084326,-10.995481,-108.990552,13.218986
1782501556.172958,6.400285,rotate_to_60deg_about_tip,0.0015,33.674,3.186215,-24.866958,-115.904262,-12.084261,-10.991718,-108.990552,13.21663
1782501556.182851,6.410178,rotate_to_60deg_about_tip,0.001644,33.669,3.188871,-24.866785,-115.904262,-12.084229,-10.989337,-108.990552,13.215451
1782501556.192946,6.420274,rotate_to_60deg_about_tip,0.002075,33.655,3.196311,-24.866298,-115.904262,-12.084138,-10.982669,-108.990552,13.212151
1782501556.202949,6.430277,rotate_to_60deg_about_tip,0.001662,33.6445,3.200988,-24.866934,-115.904262,-12.08407,-10.978669,-108.990552,13.209674
1782501556.212948,6.440276,rotate_to_60deg_about_tip,0.001972,33.6335,3.206833,-24.866552,-115.904262,-12.083999,-10.973431,-108.990552,13.207078
1782501556.222948,6.450275,rotate_to_60deg_about_tip,0.001649,33.6225,3.211775,-24.86717,-115.904262,-12.083928,-10.969193,-108.990552,13.204482
1782501556.232949,6.460277,rotate_to_60deg_about_tip,0.00192,33.6115,3.21762,-24.866788,-115.904262,-12.083856,-10.963957,-108.990552,13.201884
1782501556.242853,6.47018,rotate_to_60deg_about_tip,0.002211,33.601,3.2232,-24.866423,-115.904262,-12.083789,-10.958958,-108.990552,13.199403
1782501556.252844,6.480171,rotate_to_60deg_about_tip,0.002358,33.596,3.225857,-24.866249,-115.904262,-12.083757,-10.956578,-108.990552,13.198222
1782501556.262845,6.490172,rotate_to_60deg_about_tip,0.002001,33.5855,3.230534,-24.866884,-115.904262,-12.083689,-10.952581,-108.990552,13.19574
1782501556.272853,6.50018,rotate_to_60deg_about_tip,0.002271,33.575,3.236113,-24.86652,-115.904262,-12.083621,-10.947583,-108.990552,13.193257
1782501556.282936,6.510263,rotate_to_60deg_about_tip,0.001988,33.5645,3.242124,-24.866155,-115.904262,-12.084554,-10.942587,-108.990552,13.189774
1782501556.293095,6.520423,rotate_to_60deg_about_tip,0.001504,33.553,3.247332,-24.866755,-115.904262,-12.08448,-10.938115,-108.990552,13.187052
1782501556.302949,6.530277,rotate_to_60deg_about_tip,0.001665,33.548,3.249989,-24.866582,-115.904262,-12.084448,-10.935736,-108.990552,13.185869
1782501556.312955,6.540282,rotate_to_60deg_about_tip,0.002061,33.536,3.256365,-24.866165,-115.904262,-12.084371,-10.930026,-108.990552,13.183027
1782501556.322949,6.550277,rotate_to_60deg_about_tip,0.001567,33.526,3.260777,-24.866817,-115.904262,-12.084307,-10.926269,-108.990552,13.180659
1782501556.332953,6.56028,rotate_to_60deg_about_tip,0.001875,33.516,3.266091,-24.86647,-115.904262,-12.084243,-10.921512,-108.990552,13.178289
1782501556.342951,6.570279,rotate_to_60deg_about_tip,0.002213,33.5055,3.27167,-24.866105,-115.904262,-12.084176,-10.916518,-108.990552,13.1758
1782501556.35295,6.580277,rotate_to_60deg_about_tip,0.001579,33.5015,3.272893,-24.866966,-115.904262,-12.08415,-10.915616,-108.990552,13.174852
1782501556.362951,6.590278,rotate_to_60deg_about_tip,0.001877,33.491,3.278473,-24.866601,-115.904262,-12.084083,-10.910622,-108.990552,13.172362
1782501556.372946,6.600274,rotate_to_60deg_about_tip,0.002245,33.479,3.284849,-24.866184,-115.904262,-12.084007,-10.904916,-108.990552,13.169515
1782501556.38295,6.610278,rotate_to_60deg_about_tip,0.001862,33.4675,3.290058,-24.866785,-115.904262,-12.083933,-10.900448,-108.990552,13.166786
1782501556.392951,6.620279,rotate_to_60deg_about_tip,0.002042,33.461,3.293512,-24.866559,-115.904262,-12.083892,-10.897357,-108.990552,13.165242
1782501556.402953,6.630281,rotate_to_60deg_about_tip,0.002398,33.449,3.299888,-24.866142,-115.904262,-12.083816,-10.891652,-108.990552,13.162392
1782501556.412948,6.640275,rotate_to_60deg_about_tip,0.002038,33.4375,3.305097,-24.866742,-115.904262,-12.083743,-10.887186,-108.990552,13.15966
1782501556.422949,6.650277,rotate_to_60deg_about_tip,0.002296,33.428,3.310145,-24.866412,-115.904262,-12.083682,-10.88267,-108.990552,13.157402
1782501556.432952,6.66028,rotate_to_60deg_about_tip,0.001982,33.4175,3.314822,-24.867047,-115.904262,-12.083616,-10.87868,-108.990552,13.154906
1782501556.442955,6.670283,rotate_to_60deg_about_tip,0.00223,33.407,3.320401,-24.866682,-115.904262,-12.083549,-10.87369,-108.990552,13.152408
1782501556.452951,6.680279,rotate_to_60deg_about_tip,0.001891,33.396,3.326679,-24.8663,-115.904262,-12.08448,-10.868463,-108.990552,13.148791
1782501556.462948,6.690276,rotate_to_60deg_about_tip,0.001235,33.3915,3.328168,-24.867143,-115.904262,-12.084451,-10.867325,-108.990552,13.14772
1782501556.472953,6.70028,rotate_to_60deg_about_tip,0.001591,33.3795,3.334545,-24.866726,-115.904262,-12.084375,-10.861623,-108.990552,13.144863
1782501556.48295,6.710278,rotate_to_60deg_about_tip,0.001942,33.3685,3.34039,-24.866344,-115.904262,-12.084306,-10.856398,-108.990552,13.142243
1782501556.492958,6.720285,rotate_to_60deg_about_tip,0.00153,33.357,3.345599,-24.866944,-115.904262,-12.084234,-10.851935,-108.990552,13.139503
1782501556.502951,6.730279,rotate_to_60deg_about_tip,0.001732,33.35,3.349318,-24.866701,-115.904262,-12.08419,-10.84861,-108.990552,13.137835
1782501556.512947,6.740275,rotate_to_60deg_about_tip,0.002054,33.3395,3.354897,-24.866336,-115.904262,-12.084123,-10.843623,-108.990552,13.135331
1782501556.522949,6.750277,rotate_to_60deg_about_tip,0.001623,33.33,3.359044,-24.867005,-115.904262,-12.084064,-10.840111,-108.990552,13.133066
1782501556.532953,6.760281,rotate_to_60deg_about_tip,0.001953,33.318,3.36542,-24.866588,-115.904262,-12.083988,-10.834413,-108.990552,13.130203
1782501556.542954,6.770282,rotate_to_60deg_about_tip,0.002283,33.307,3.371265,-24.866206,-115.904262,-12.083919,-10.82919,-108.990552,13.127577
1782501556.552949,6.780277,rotate_to_60deg_about_tip,0.001864,33.2975,3.375411,-24.866875,-115.904262,-12.08386,-10.82568,-108.990552,13.125309
1782501556.562842,6.79017,rotate_to_60deg_about_tip,0.002161,33.2865,3.381256,-24.866493,-115.904262,-12.083791,-10.820458,-108.990552,13.122682
1782501556.572945,6.800273,rotate_to_60deg_about_tip,0.001869,33.275,3.386466,-24.867093,-115.904262,-12.083719,-10.815999,-108.990552,13.119934
1782501556.582951,6.810279,rotate_to_60deg_about_tip,0.001983,33.27,3.389122,-24.866919,-115.904262,-12.083688,-10.813626,-108.990552,13.118739
1782501556.592968,6.820296,rotate_to_60deg_about_tip,0.002275,33.2585,3.395233,-24.866519,-115.904262,-12.083616,-10.808167,-108.990552,13.11599
1782501556.60295,6.830277,rotate_to_60deg_about_tip,0.002004,33.2475,3.400176,-24.867137,-115.904262,-12.083547,-10.803947,-108.990552,13.113359
1782501556.612954,6.840281,rotate_to_60deg_about_tip,0.001522,33.236,3.406721,-24.866737,-115.904262,-12.084476,-10.79849,-108.990552,13.109607
1782501556.622952,6.850279,rotate_to_60deg_about_tip,0.001895,33.2245,3.412831,-24.866337,-115.904262,-12.084404,-10.793034,-108.990552,13.106854
1782501556.632948,6.860276,rotate_to_60deg_about_tip,0.001282,33.2195,3.414587,-24.867163,-115.904262,-12.084373,-10.791662,-108.990552,13.105657
1782501556.642949,6.870277,rotate_to_60deg_about_tip,0.001566,33.2095,3.419901,-24.866815,-115.904262,-12.084311,-10.786918,-108.990552,13.103262
1782501556.652958,6.880285,rotate_to_60deg_about_tip,0.001857,33.2,3.424948,-24.866485,-115.904262,-12.084252,-10.782411,-108.990552,13.100987
1782501556.662948,6.890276,rotate_to_60deg_about_tip,0.001482,33.1885,3.430158,-24.867085,-115.904262,-12.084181,-10.777956,-108.990552,13.098231
1782501556.67295,6.900277,rotate_to_60deg_about_tip,0.00177,33.178,3.435737,-24.86672,-115.904262,-12.084116,-10.772977,-108.990552,13.095713
1782501556.682951,6.910278,rotate_to_60deg_about_tip,0.002069,33.168,3.44105,-24.866372,-115.904262,-12.084054,-10.768234,-108.990552,13.093315
1782501556.692968,6.920296,rotate_to_60deg_about_tip,0.001708,33.1565,3.44626,-24.866972,-115.904262,-12.083983,-10.763781,-108.990552,13.090556
1782501556.703022,6.930349,rotate_to_60deg_about_tip,0.002005,33.1455,3.452105,-24.866589,-115.904262,-12.083915,-10.758566,-108.990552,13.087916
1782501556.712949,6.940276,rotate_to_60deg_about_tip,0.002135,33.141,3.454496,-24.866433,-115.904262,-12.083887,-10.756432,-108.990552,13.086835
1782501556.722945,6.950273,rotate_to_60deg_about_tip,0.003489,33.1245,3.459174,-24.869703,-115.904262,-12.082344,-10.752454,-108.990552,13.084314
1782501556.732962,6.96029,rotate_to_60deg_about_tip,0.002037,33.1205,3.464487,-24.86672,-115.904262,-12.083761,-10.747714,-108.990552,13.081911
1782501556.742954,6.970281,rotate_to_60deg_about_tip,0.002185,33.115,3.46741,-24.866528,-115.904262,-12.083727,-10.745107,-108.990552,13.08059
1782501556.752954,6.980281,rotate_to_60deg_about_tip,0.001889,33.1045,3.472088,-24.867163,-115.904262,-12.083662,-10.74113,-108.990552,13.078066
1782501556.762949,6.990277,rotate_to_60deg_about_tip,0.002161,33.0925,3.478464,-24.866745,-115.904262,-12.083589,-10.735443,-108.990552,13.075181
1782501556.772951,7.000279,rotate_to_60deg_about_tip,0.002422,33.0825,3.483777,-24.866398,-115.904262,-12.083527,-10.730704,-108.990552,13.072775
1782501556.78295,7.010278,rotate_to_60deg_about_tip,0.001318,33.0715,3.489157,-24.867015,-115.904262,-12.08446,-10.726492,-108.990552,13.069128
1782501556.792948,7.020276,rotate_to_60deg_about_tip,0.001687,33.0595,3.495533,-24.866597,-115.904262,-12.084386,-10.720807,-108.990552,13.06624
1782501556.802948,7.030275,rotate_to_60deg_about_tip,0.001995,33.05,3.50058,-24.866267,-115.904262,-12.084328,-10.716306,-108.990552,13.063952
1782501556.812853,7.04018,rotate_to_60deg_about_tip,0.001412,33.044,3.502868,-24.867058,-115.904262,-12.084292,-10.714464,-108.990552,13.062507
1782501556.822947,7.050275,rotate_to_60deg_about_tip,0.001713,33.0335,3.508447,-24.866693,-115.904262,-12.084227,-10.709491,-108.990552,13.059977
1782501556.832952,7.06028,rotate_to_60deg_about_tip,0.002037,33.023,3.514026,-24.866327,-115.904262,-12.084163,-10.704518,-108.990552,13.057446
1782501556.842953,7.07028,rotate_to_60deg_about_tip,0.001634,33.012,3.518971,-24.866944,-115.904262,-12.084096,-10.700308,-108.990552,13.054794
1782501556.852949,7.080276,rotate_to_60deg_about_tip,0.001943,33.001,3.524815,-24.866562,-115.904262,-12.084029,-10.695099,-108.990552,13.052141
1782501556.862952,7.09028,rotate_to_60deg_about_tip,0.002246,32.991,3.530128,-24.866214,-115.904262,-12.083969,-10.690365,-108.990552,13.049728
1782501556.872951,7.100278,rotate_to_60deg_about_tip,0.001858,32.98,3.535073,-24.866831,-115.904262,-12.083902,-10.686157,-108.990552,13.047072
1782501556.882845,7.110173,rotate_to_60deg_about_tip,0.002005,32.9745,3.537995,-24.866639,-115.904262,-12.083868,-10.683553,-108.990552,13.045744
1782501556.892951,7.120278,rotate_to_60deg_about_tip,0.002366,32.962,3.544636,-24.866204,-115.904262,-12.083793,-10.677636,-108.990552,13.042725
1782501556.902846,7.130173,rotate_to_60deg_about_tip,0.002005,32.951,3.549581,-24.866821,-115.904262,-12.083726,-10.673429,-108.990552,13.040067
1782501556.912948,7.140276,rotate_to_60deg_about_tip,0.002309,32.9395,3.555691,-24.866421,-115.904262,-12.083656,-10.667986,-108.990552,13.037288
1782501556.922851,7.150179,rotate_to_60deg_about_tip,0.002611,32.929,3.56127,-24.866056,-115.904262,-12.083593,-10.663018,-108.990552,13.034749
1782501556.932946,7.160274,rotate_to_60deg_about_tip,0.002229,32.919,3.565683,-24.866708,-115.904262,-12.083533,-10.659286,-108.990552,13.03233
1782501556.94295,7.170278,rotate_to_60deg_about_tip,0.001693,32.9135,3.569042,-24.866516,-115.904262,-12.084499,-10.656683,-108.990552,13.029999
1782501556.952953,7.180281,rotate_to_60deg_about_tip,0.002077,32.902,3.575152,-24.866116,-115.904262,-12.08443,-10.651243,-108.990552,13.027216
1782501556.962951,7.190279,rotate_to_60deg_about_tip,0.001578,32.8915,3.579831,-24.86675,-115.904262,-12.084367,-10.647275,-108.990552,13.024674
1782501556.972949,7.200277,rotate_to_60deg_about_tip,0.001925,32.8805,3.585676,-24.866367,-115.904262,-12.084301,-10.642072,-108.990552,13.022009
1782501556.982958,7.210286,rotate_to_60deg_about_tip,0.001489,32.87,3.590355,-24.867002,-115.904262,-12.084238,-10.638106,-108.990552,13.019465
1782501556.992961,7.220289,rotate_to_60deg_about_tip,0.00179,32.8595,3.595934,-24.866636,-115.904262,-12.084175,-10.63314,-108.990552,13.01692
1782501557.00295,7.230278,rotate_to_60deg_about_tip,0.002145,32.848,3.602044,-24.866236,-115.904262,-12.084106,-10.627702,-108.990552,13.014132
1782501557.012948,7.240275,rotate_to_60deg_about_tip,0.001618,32.8415,3.604598,-24.867009,-115.904262,-12.084067,-10.625628,-108.990552,13.012555
1782501557.02295,7.250278,rotate_to_60deg_about_tip,0.001903,32.831,3.610177,-24.866644,-115.904262,-12.084004,-10.620664,-108.990552,13.010008
1782501557.032967,7.260294,rotate_to_60deg_about_tip,0.002213,32.8205,3.615755,-24.866278,-115.904262,-12.083941,-10.6157,-108.990552,13.007459
1782501557.042949,7.270277,rotate_to_60deg_about_tip,0.001828,32.81,3.620435,-24.866913,-115.904262,-12.083878,-10.611736,-108.990552,13.00491
1782501557.052951,7.280278,rotate_to_60deg_about_tip,0.00212,32.799,3.626279,-24.86653,-115.904262,-12.083813,-10.606536,-108.990552,13.002238
1782501557.06296,7.290287,rotate_to_60deg_about_tip,0.002425,32.7885,3.631858,-24.866164,-115.904262,-12.08375,-10.601574,-108.990552,12.999687
1782501557.07295,7.300277,rotate_to_60deg_about_tip,0.002074,32.777,3.637068,-24.866763,-115.904262,-12.083682,-10.597139,-108.990552,12.996892
1782501557.082955,7.310283,rotate_to_60deg_about_tip,0.002203,32.772,3.639725,-24.866589,-115.904262,-12.083652,-10.594776,-108.990552,12.995677
1782501557.093045,7.320372,rotate_to_60deg_about_tip,0.002521,32.7605,3.645835,-24.866189,-115.904262,-12.083584,-10.589342,-108.990552,12.99288
1782501557.10296,7.330287,rotate_to_60deg_about_tip,0.002062,32.755,3.647858,-24.866997,-115.904262,-12.083551,-10.587744,-108.990552,12.991542
1782501557.112951,7.340279,rotate_to_60deg_about_tip,0.002308,32.7445,3.653436,-24.866632,-115.904262,-12.083489,-10.582783,-108.990552,12.988987
1782501557.12295,7.350277,rotate_to_60deg_about_tip,0.001913,32.735,3.658921,-24.866301,-115.904262,-12.084433,-10.578295,-108.990552,12.985675
1782501557.132947,7.360275,rotate_to_60deg_about_tip,0.001452,32.724,3.663867,-24.866918,-115.904262,-12.084368,-10.574099,-108.990552,12.982996
1782501557.142951,7.370279,rotate_to_60deg_about_tip,0.001787,32.713,3.669711,-24.866534,-115.904262,-12.084303,-10.568904,-108.990552,12.980317
1782501557.152951,7.380278,rotate_to_60deg_about_tip,0.002141,32.702,3.675555,-24.866151,-115.904262,-12.084238,-10.563709,-108.990552,12.977636
1782501557.162946,7.390273,rotate_to_60deg_about_tip,0.001681,32.6915,3.680235,-24.866786,-115.904262,-12.084176,-10.55975,-108.990552,12.975077
1782501557.172843,7.400171,rotate_to_60deg_about_tip,0.001827,32.6865,3.682891,-24.866611,-115.904262,-12.084146,-10.557389,-108.990552,12.973857
1782501557.182946,7.410273,rotate_to_60deg_about_tip,0.002197,32.6745,3.689267,-24.866193,-115.904262,-12.084075,-10.551724,-108.990552,12.970931
1782501557.192951,7.420279,rotate_to_60deg_about_tip,0.001772,32.664,3.693947,-24.866828,-115.904262,-12.084014,-10.547766,-108.990552,12.968369
1782501557.202961,7.430288,rotate_to_60deg_about_tip,0.002084,32.653,3.699791,-24.866444,-115.904262,-12.083949,-10.542574,-108.990552,12.965684
1782501557.21285,7.440177,rotate_to_60deg_about_tip,0.001741,32.642,3.704736,-24.867061,-115.904262,-12.083885,-10.538382,-108.990552,12.962998
1782501557.222846,7.450174,rotate_to_60deg_about_tip,0.001861,32.637,3.707393,-24.866887,-115.904262,-12.083855,-10.536022,-108.990552,12.961777
1782501557.232952,7.460279,rotate_to_60deg_about_tip,0.002182,32.625,3.713768,-24.866469,-115.904262,-12.083785,-10.530358,-108.990552,12.958845
1782501557.242951,7.470279,rotate_to_60deg_about_tip,0.001861,32.6145,3.718448,-24.867103,-115.904262,-12.083723,-10.526404,-108.990552,12.956279
1782501557.252947,7.480274,rotate_to_60deg_about_tip,0.002093,32.6045,3.723761,-24.866755,-115.904262,-12.083665,-10.521685,-108.990552,12.953834
1782501557.26296,7.490288,rotate_to_60deg_about_tip,0.002384,32.5935,3.729605,-24.866371,-115.904262,-12.083601,-10.516495,-108.990552,12.951144
1782501557.272949,7.500277,rotate_to_60deg_about_tip,0.00208,32.5825,3.734551,-24.866988,-115.904262,-12.083537,-10.512306,-108.990552,12.948452
1782501557.282952,7.510279,rotate_to_60deg_about_tip,0.0016,32.5725,3.740303,-24.86664,-115.904262,-12.084478,-10.507589,-108.990552,12.945005
1782501557.292959,7.520287,rotate_to_60deg_about_tip,0.00196,32.5615,3.746147,-24.866256,-115.904262,-12.084414,-10.5024,-108.990552,12.942312
1782501557.302948,7.530276,rotate_to_60deg_about_tip,0.001482,32.551,3.750827,-24.86689,-115.904262,-12.084353,-10.498448,-108.990552,12.93974
1782501557.312952,7.540279,rotate_to_60deg_about_tip,0.001677,32.5445,3.75428,-24.866664,-115.904262,-12.084316,-10.495383,-108.990552,12.938148
1782501557.32295,7.550278,rotate_to_60deg_about_tip,0.001976,32.535,3.759327,-24.866333,-115.904262,-12.08426,-10.490903,-108.990552,12.93582
1782501557.332952,7.560279,rotate_to_60deg_about_tip,0.001527,32.525,3.763742,-24.866984,-115.904262,-12.084202,-10.487188,-108.990552,12.933368
1782501557.342952,7.570279,rotate_to_60deg_about_tip,0.001855,32.5135,3.769851,-24.866583,-115.904262,-12.084136,-10.481766,-108.990552,12.930548
1782501557.352951,7.580279,rotate_to_60deg_about_tip,0.002209,32.502,3.775961,-24.866183,-115.904262,-12.084069,-10.476345,-108.990552,12.927727
1782501557.362951,7.590279,rotate_to_60deg_about_tip,0.00177,32.492,3.780376,-24.866834,-115.904262,-12.084012,-10.472631,-108.990552,12.925273
1782501557.372951,7.600279,rotate_to_60deg_about_tip,0.002094,32.4805,3.786485,-24.866433,-115.904262,-12.083945,-10.467211,-108.990552,12.922449
1782501557.382949,7.610277,rotate_to_60deg_about_tip,0.001618,32.4755,3.788244,-24.867259,-115.904262,-12.083916,-10.465855,-108.990552,12.921222
1782501557.392963,7.620291,rotate_to_60deg_about_tip,0.001895,32.4635,3.794619,-24.866841,-115.904262,-12.083847,-10.4602,-108.990552,12.918274
1782501557.40295,7.630277,rotate_to_60deg_about_tip,0.002163,32.4535,3.799931,-24.866492,-115.904262,-12.08379,-10.455488,-108.990552,12.915817
1782501557.412956,7.640284,rotate_to_60deg_about_tip,0.001855,32.4425,3.804877,-24.867109,-115.904262,-12.083726,-10.451305,-108.990552,12.913113
1782501557.422951,7.650278,rotate_to_60deg_about_tip,0.002099,32.432,3.810456,-24.866743,-115.904262,-12.083666,-10.446358,-108.990552,12.910531
1782501557.432949,7.660276,rotate_to_60deg_about_tip,0.002404,32.4205,3.816565,-24.866342,-115.904262,-12.0836,-10.440941,-108.990552,12.907702
1782501557.442951,7.670278,rotate_to_60deg_about_tip,0.001263,32.411,3.821155,-24.867011,-115.904262,-12.084546,-10.437466,-108.990552,12.904364
1782501557.45295,7.680278,rotate_to_60deg_about_tip,0.001592,32.4005,3.826733,-24.866645,-115.904262,-12.084486,-10.432521,-108.990552,12.901779
1782501557.46295,7.690278,rotate_to_60deg_about_tip,0.00177,32.395,3.829655,-24.866453,-115.904262,-12.084454,-10.429931,-108.990552,12.900425
1782501557.472946,7.700274,rotate_to_60deg_about_tip,0.001343,32.3835,3.834867,-24.867052,-115.904262,-12.084389,-10.425515,-108.990552,12.897593
1782501557.482949,7.710277,rotate_to_60deg_about_tip,0.001683,32.372,3.840976,-24.866651,-115.904262,-12.084323,-10.4201,-108.990552,12.894759
1782501557.4929,7.720227,rotate_to_60deg_about_tip,0.002433,32.361,3.844164,-24.868621,-115.904262,-12.083028,-10.417275,-108.990552,12.89328
1782501557.50295,7.730277,rotate_to_60deg_about_tip,0.001436,32.356,3.848579,-24.867093,-115.904262,-12.084232,-10.413568,-108.990552,12.890815
1782501557.512954,7.740281,rotate_to_60deg_about_tip,0.001784,32.3435,3.85522,-24.866657,-115.904262,-12.084161,-10.407683,-108.990552,12.887732
1782501557.522957,7.750284,rotate_to_60deg_about_tip,0.002072,32.334,3.860267,-24.866326,-115.904262,-12.084107,-10.403212,-108.990552,12.885389
1782501557.532955,7.760283,rotate_to_60deg_about_tip,0.002229,32.329,3.862923,-24.866152,-115.904262,-12.084078,-10.400859,-108.990552,12.884155
1782501557.542953,7.770281,rotate_to_60deg_about_tip,0.001823,32.3175,3.868135,-24.866751,-115.904262,-12.084013,-10.396446,-108.990552,12.881316
1782501557.552965,7.780293,rotate_to_60deg_about_tip,0.00211,32.3075,3.873447,-24.866402,-115.904262,-12.083957,-10.391741,-108.990552,12.878847
1782501557.562956,7.790284,rotate_to_60deg_about_tip,0.002445,32.2965,3.879291,-24.866018,-115.904262,-12.083894,-10.386565,-108.990552,12.87613
1782501557.572953,7.80028,rotate_to_60deg_about_tip,0.002036,32.2855,3.884237,-24.866635,-115.904262,-12.083832,-10.382389,-108.990552,12.873412
1782501557.582949,7.810277,rotate_to_60deg_about_tip,0.002332,32.275,3.889815,-24.866268,-115.904262,-12.083773,-10.37745,-108.990552,12.870816
1782501557.592951,7.820279,rotate_to_60deg_about_tip,0.002633,32.265,3.895128,-24.86592,-115.904262,-12.083717,-10.372746,-108.990552,12.868343
1782501557.602952,7.83028,rotate_to_60deg_about_tip,0.002222,32.2545,3.899809,-24.866554,-115.904262,-12.083657,-10.368807,-108.990552,12.865746
1782501557.612949,7.840276,rotate_to_60deg_about_tip,0.001975,32.243,3.90636,-24.866152,-115.904262,-12.084593,-10.363399,-108.990552,12.8619
1782501557.622949,7.850277,rotate_to_60deg_about_tip,0.002147,32.238,3.909016,-24.865978,-115.904262,-12.084565,-10.361047,-108.990552,12.860663
1782501557.632948,7.860276,rotate_to_60deg_about_tip,0.001608,32.2275,3.913697,-24.866612,-115.904262,-12.084506,-10.35711,-108.990552,12.858063
1782501557.642956,7.870284,rotate_to_60deg_about_tip,0.001954,32.217,3.919275,-24.866246,-115.904262,-12.084447,-10.352173,-108.990552,12.855463
1782501557.652958,7.880286,rotate_to_60deg_about_tip,0.002359,32.205,3.92565,-24.865827,-115.904262,-12.084379,-10.346531,-108.990552,12.852489
1782501557.662849,7.890176,rotate_to_60deg_about_tip,0.001837,32.1945,3.930331,-24.866461,-115.904262,-12.084321,-10.342595,-108.990552,12.849887
1782501557.672951,7.900278,rotate_to_60deg_about_tip,0.00203,32.1885,3.933518,-24.866251,-115.904262,-12.084287,-10.339775,-108.990552,12.848399
1782501557.682952,7.910279,rotate_to_60deg_about_tip,0.001602,32.177,3.938731,-24.86685,-115.904262,-12.084223,-10.33537,-108.990552,12.845548
1782501557.692952,7.92028,rotate_to_60deg_about_tip,0.001897,32.167,3.944043,-24.866501,-115.904262,-12.084167,-10.33067,-108.990552,12.843067
1782501557.702947,7.930275,rotate_to_60deg_about_tip,0.002257,32.1555,3.950152,-24.8661,-115.904262,-12.084103,-10.325266,-108.990552,12.840213
1782501557.712949,7.940276,rotate_to_60deg_about_tip,0.001825,32.1445,3.955099,-24.866716,-115.904262,-12.084042,-10.321097,-108.990552,12.837482
1782501557.72295,7.950278,rotate_to_60deg_about_tip,0.002116,32.1345,3.960411,-24.866367,-115.904262,-12.083986,-10.316399,-108.990552,12.834998
1782501557.732947,7.960275,rotate_to_60deg_about_tip,0.00247,32.123,3.96652,-24.865966,-115.904262,-12.083922,-10.310997,-108.990552,12.832141
1782501557.742945,7.970272,rotate_to_60deg_about_tip,0.002035,32.1125,3.971201,-24.8666,-115.904262,-12.083864,-10.307064,-108.990552,12.829532
1782501557.752959,7.980287,rotate_to_60deg_about_tip,0.002336,32.102,3.976779,-24.866234,-115.904262,-12.083806,-10.302133,-108.990552,12.826922
1782501557.762951,7.990278,rotate_to_60deg_about_tip,0.002486,32.097,3.979435,-24.866059,-115.904262,-12.083778,-10.299784,-108.990552,12.825678
1782501557.772949,8.000276,rotate_to_60deg_about_tip,0.002112,32.0855,3.984648,-24.866658,-115.904262,-12.083715,-10.295384,-108.990552,12.822818
1782501557.782949,8.010277,rotate_to_60deg_about_tip,0.001839,32.0745,3.990935,-24.866274,-115.904262,-12.084654,-10.290218,-108.990552,12.81908
1782501557.792952,8.020279,rotate_to_60deg_about_tip,0.001313,32.064,3.995616,-24.866908,-115.904262,-12.084596,-10.286288,-108.990552,12.816467
1782501557.802951,8.030279,rotate_to_60deg_about_tip,0.001652,32.0535,4.001194,-24.866541,-115.904262,-12.084538,-10.281359,-108.990552,12.813852
1782501557.812948,8.040276,rotate_to_60deg_about_tip,0.002019,32.0425,4.007037,-24.866157,-115.904262,-12.084478,-10.276195,-108.990552,12.811112
1782501557.822954,8.050281,rotate_to_60deg_about_tip,0.001498,32.0325,4.011453,-24.866808,-115.904262,-12.084423,-10.272501,-108.990552,12.80862
1782501557.832963,8.060291,rotate_to_60deg_about_tip,0.001827,32.022,4.017031,-24.866442,-115.904262,-12.084365,-10.267573,-108.990552,12.806003
1782501557.842952,8.070279,rotate_to_60deg_about_tip,0.002055,32.015,4.020749,-24.866198,-115.904262,-12.084327,-10.264288,-108.990552,12.804258
1782501557.852952,8.080279,rotate_to_60deg_about_tip,0.001569,32.005,4.025165,-24.866849,-115.904262,-12.084272,-10.260595,-108.990552,12.801763
1782501557.862957,8.090285,rotate_to_60deg_about_tip,0.001852,31.9955,4.030212,-24.866517,-115.904262,-12.08422,-10.256138,-108.990552,12.799393
1782501557.872947,8.100275,rotate_to_60deg_about_tip,0.001459,31.985,4.034893,-24.86715,-115.904262,-12.084162,-10.252211,-108.990552,12.796773
1782501557.882949,8.110277,rotate_to_60deg_about_tip,0.001761,31.9735,4.041002,-24.866749,-115.904262,-12.084099,-10.246816,-108.990552,12.793902
1782501557.89295,8.120277,rotate_to_60deg_about_tip,0.00269,31.9635,4.043658,-24.868745,-115.904262,-12.082796,-10.244471,-108.990552,12.792653
1782501557.902949,8.130276,rotate_to_60deg_about_tip,0.001543,31.9585,4.048074,-24.867225,-115.904262,-12.084018,-10.24078,-108.990552,12.790155
1782501557.912948,8.140275,rotate_to_60deg_about_tip,0.00289,31.943,4.053652,-24.869029,-115.904262,-12.082684,-10.235856,-108.990552,12.787532
1782501557.922945,8.150273,rotate_to_60deg_about_tip,0.002081,31.9375,4.05923,-24.866492,-115.904262,-12.083903,-10.230931,-108.990552,12.784907
1782501557.932946,8.160274,rotate_to_60deg_about_tip,0.001763,31.926,4.064443,-24.867091,-115.904262,-12.083841,-10.226539,-108.990552,12.782031
1782501557.942946,8.170274,rotate_to_60deg_about_tip,0.001867,31.9215,4.066833,-24.866934,-115.904262,-12.083816,-10.224429,-108.990552,12.780906
1782501557.952944,8.180272,rotate_to_60deg_about_tip,0.001579,31.9095,4.073652,-24.866515,-115.904262,-12.084751,-10.218802,-108.990552,12.776904
1782501557.962947,8.190275,rotate_to_60deg_about_tip,0.001032,31.9,4.077803,-24.867183,-115.904262,-12.0847,-10.215349,-108.990552,12.774526
1782501557.972949,8.200277,rotate_to_60deg_about_tip,0.001394,31.8885,4.083912,-24.866782,-115.904262,-12.084638,-10.209958,-108.990552,12.771647
1782501557.982949,8.210276,rotate_to_60deg_about_tip,0.001742,31.878,4.089489,-24.866415,-115.904262,-12.084581,-10.205036,-108.990552,12.769017
1782501557.992895,8.220222,rotate_to_60deg_about_tip,0.001264,31.867,4.094437,-24.867031,-115.904262,-12.084522,-10.200881,-108.990552,12.766261
1782501558.002946,8.230273,rotate_to_60deg_about_tip,0.001587,31.8565,4.100014,-24.866665,-115.904262,-12.084465,-10.195961,-108.990552,12.76363
1782501558.012945,8.240272,rotate_to_60deg_about_tip,0.001911,31.8465,4.105326,-24.866315,-115.904262,-12.084411,-10.191275,-108.990552,12.761123
1782501558.022946,8.250273,rotate_to_60deg_about_tip,0.001439,31.836,4.110008,-24.866949,-115.904262,-12.084355,-10.187355,-108.990552,12.75849
1782501558.032961,8.260289,rotate_to_60deg_about_tip,0.0016,31.8305,4.11293,-24.866757,-115.904262,-12.084325,-10.184779,-108.990552,12.75711
1782501558.042946,8.270274,rotate_to_60deg_about_tip,0.001956,31.819,4.119038,-24.866355,-115.904262,-12.084263,-10.179391,-108.990552,12.754224
1782501558.052946,8.280274,rotate_to_60deg_about_tip,0.001508,31.809,4.123455,-24.867006,-115.904262,-12.08421,-10.175707,-108.990552,12.751714
1782501558.06295,8.290277,rotate_to_60deg_about_tip,0.001831,31.7975,4.129563,-24.866604,-115.904262,-12.084148,-10.170321,-108.990552,12.748826
1782501558.072948,8.300276,rotate_to_60deg_about_tip,0.002136,31.7875,4.134875,-24.866255,-115.904262,-12.084095,-10.165638,-108.990552,12.746315
1782501558.082895,8.310222,rotate_to_60deg_about_tip,0.001714,31.777,4.139557,-24.866888,-115.904262,-12.084039,-10.161721,-108.990552,12.743676
1782501558.092948,8.320276,rotate_to_60deg_about_tip,0.002004,31.7665,4.145135,-24.866522,-115.904262,-12.083983,-10.156805,-108.990552,12.741037
1782501558.102848,8.330176,rotate_to_60deg_about_tip,0.002318,31.756,4.150712,-24.866155,-115.904262,-12.083927,-10.151889,-108.990552,12.738397
1782501558.112946,8.340274,rotate_to_60deg_about_tip,0.001883,31.7465,4.154863,-24.866823,-115.904262,-12.083876,-10.148441,-108.990552,12.736007
1782501558.122947,8.350274,rotate_to_60deg_about_tip,0.001643,31.735,4.161417,-24.866422,-115.904262,-12.084815,-10.143058,-108.990552,12.732114
1782501558.132946,8.360274,rotate_to_60deg_about_tip,0.001782,31.731,4.163542,-24.866282,-115.904262,-12.084794,-10.141186,-108.990552,12.731107
1782501558.142945,8.370273,rotate_to_60deg_about_tip,0.001261,31.7195,4.168756,-24.86688,-115.904262,-12.084733,-10.136804,-108.990552,12.728212
1782501558.152951,8.380279,rotate_to_60deg_about_tip,0.001645,31.708,4.174864,-24.866478,-115.904262,-12.084672,-10.131422,-108.990552,12.725316
1782501558.162948,8.390275,rotate_to_60deg_about_tip,0.001986,31.698,4.180176,-24.866129,-115.904262,-12.084619,-10.126743,-108.990552,12.722797
1782501558.172843,8.40017,rotate_to_60deg_about_tip,0.001467,31.687,4.185124,-24.866745,-115.904262,-12.084561,-10.122596,-108.990552,12.720025
1782501558.182942,8.410269,rotate_to_60deg_about_tip,0.001826,31.676,4.190967,-24.866361,-115.904262,-12.084503,-10.11745,-108.990552,12.717252
1782501558.19296,8.420287,rotate_to_60deg_about_tip,0.001342,31.6655,4.195649,-24.866994,-115.904262,-12.084447,-10.113539,-108.990552,12.714604
1782501558.202944,8.430272,rotate_to_60deg_about_tip,0.001676,31.6545,4.201492,-24.86661,-115.904262,-12.084389,-10.108393,-108.990552,12.711829
1782501558.212947,8.440274,rotate_to_60deg_about_tip,0.00185,31.649,4.204413,-24.866417,-115.904262,-12.08436,-10.105821,-108.990552,12.710441
1782501558.222947,8.450275,rotate_to_60deg_about_tip,0.001393,31.639,4.20883,-24.867068,-115.904262,-12.084308,-10.102144,-108.990552,12.707917
1782501558.232958,8.460285,rotate_to_60deg_about_tip,0.001675,31.629,4.214142,-24.866719,-115.904262,-12.084255,-10.097468,-108.990552,12.705392
1782501558.242947,8.470275,rotate_to_60deg_about_tip,0.001344,31.6175,4.219356,-24.867317,-115.904262,-12.084195,-10.093091,-108.990552,12.702488
1782501558.252946,8.480274,rotate_to_60deg_about_tip,0.001558,31.6085,4.224136,-24.867003,-115.904262,-12.084148,-10.088883,-108.990552,12.700214
1782501558.262949,8.490277,rotate_to_60deg_about_tip,0.001846,31.598,4.229713,-24.866636,-115.904262,-12.084093,-10.083975,-108.990552,12.69756
1782501558.272944,8.500271,rotate_to_60deg_about_tip,0.001526,31.5865,4.234927,-24.867234,-115.904262,-12.084033,-10.079599,-108.990552,12.694653
1782501558.282947,8.510274,rotate_to_60deg_about_tip,0.001801,31.575,4.241035,-24.866832,-115.904262,-12.083973,-10.074224,-108.990552,12.691744
1782501558.293011,8.520338,rotate_to_60deg_about_tip,0.00209,31.5645,4.246612,-24.866465,-115.904262,-12.083918,-10.069317,-108.990552,12.689087
1782501558.302947,8.530274,rotate_to_60deg_about_tip,0.002236,31.5595,4.249268,-24.86629,-115.904262,-12.083892,-10.066981,-108.990552,12.687822
1782501558.312944,8.540272,rotate_to_60deg_about_tip,0.003294,31.5485,4.251295,-24.869476,-115.904262,-12.082442,-10.065411,-108.990552,12.68643
1782501558.322948,8.550276,rotate_to_60deg_about_tip,0.001375,31.543,4.257585,-24.866714,-115.904262,-12.084806,-10.060271,-108.990552,12.682645
1782501558.332901,8.560229,rotate_to_60deg_about_tip,0.001735,31.5325,4.263162,-24.866347,-115.904262,-12.084752,-10.055366,-108.990552,12.679986
1782501558.342949,8.570276,rotate_to_60deg_about_tip,0.001211,31.5215,4.26811,-24.866962,-115.904262,-12.084694,-10.051227,-108.990552,12.677199
1782501558.352846,8.580173,rotate_to_60deg_about_tip,0.001538,31.5115,4.273422,-24.866613,-115.904262,-12.084643,-10.046556,-108.990552,12.674664
1782501558.362946,8.590273,rotate_to_60deg_about_tip,0.001051,31.5015,4.277839,-24.867264,-115.904262,-12.084591,-10.042885,-108.990552,12.672129
1782501558.372949,8.600277,rotate_to_60deg_about_tip,0.001357,31.491,4.283416,-24.866897,-115.904262,-12.084537,-10.037982,-108.990552,12.669466
1782501558.382943,8.610271,rotate_to_60deg_about_tip,0.00169,31.4805,4.288993,-24.86653,-115.904262,-12.084483,-10.033079,-108.990552,12.666802
1782501558.392947,8.620275,rotate_to_60deg_about_tip,0.001239,31.47,4.293676,-24.867163,-115.904262,-12.084428,-10.029176,-108.990552,12.664138
1782501558.402948,8.630275,rotate_to_60deg_about_tip,0.001553,31.459,4.299519,-24.866778,-115.904262,-12.084372,-10.02404,-108.990552,12.661345
1782501558.412946,8.640274,rotate_to_60deg_about_tip,0.001832,31.45,4.304299,-24.866464,-115.904262,-12.084325,-10.019839,-108.990552,12.65906
1782501558.422951,8.650279,rotate_to_60deg_about_tip,0.001416,31.439,4.309247,-24.867079,-115.904262,-12.084269,-10.015704,-108.990552,12.656265
1782501558.432945,8.660272,rotate_to_60deg_about_tip,0.001692,31.429,4.314559,-24.86673,-115.904262,-12.084218,-10.011037,-108.990552,12.653724
1782501558.442948,8.670276,rotate_to_60deg_about_tip,0.00184,31.424,4.317214,-24.866555,-115.904262,-12.084192,-10.008703,-108.990552,12.652453
1782501558.45295,8.680278,rotate_to_60deg_about_tip,0.001506,31.4115,4.322959,-24.867118,-115.904262,-12.084128,-10.00387,-108.990552,12.649275
1782501558.46295,8.690278,rotate_to_60deg_about_tip,0.001751,31.402,4.328005,-24.866786,-115.904262,-12.084079,-9.999437,-108.990552,12.646859
1782501558.472951,8.700279,rotate_to_60deg_about_tip,0.002037,31.392,4.333316,-24.866436,-115.904262,-12.084028,-9.994772,-108.990552,12.644315
1782501558.48295,8.710277,rotate_to_60deg_about_tip,0.001684,31.3805,4.338531,-24.867034,-115.904262,-12.08397,-9.990407,-108.990552,12.641388
1782501558.492892,8.72022,rotate_to_60deg_about_tip,0.001951,31.37,4.344107,-24.866667,-115.904262,-12.083916,-9.985509,-108.990552,12.638715
1782501558.502943,8.73027,rotate_to_60deg_about_tip,0.00164,31.36,4.348525,-24.867317,-115.904262,-12.083865,-9.981844,-108.990552,12.636168
1782501558.512949,8.740276,rotate_to_60deg_about_tip,0.001194,31.3485,4.355082,-24.866915,-115.904262,-12.084807,-9.976481,-108.990552,12.632239
1782501558.522946,8.750274,rotate_to_60deg_about_tip,0.001344,31.344,4.357472,-24.866758,-115.904262,-12.084784,-9.974382,-108.990552,12.631092
1782501558.532948,8.760275,rotate_to_60deg_about_tip,0.001753,31.332,4.363845,-24.866338,-115.904262,-12.084723,-9.968787,-108.990552,12.628033
1782501558.542946,8.770274,rotate_to_60deg_about_tip,0.001171,31.323,4.367732,-24.867024,-115.904262,-12.084678,-9.96559,-108.990552,12.625738
1782501558.552963,8.78029,rotate_to_60deg_about_tip,0.001525,31.312,4.373574,-24.866639,-115.904262,-12.084622,-9.960462,-108.990552,12.622933
1782501558.562948,8.790276,rotate_to_60deg_about_tip,0.001892,31.301,4.379416,-24.866255,-115.904262,-12.084566,-9.955334,-108.990552,12.620126
1782501558.572945,8.800273,rotate_to_60deg_about_tip,0.00141,31.2895,4.384631,-24.866852,-115.904262,-12.084508,-9.950974,-108.990552,12.617191
1782501558.582898,8.810225,rotate_to_60deg_about_tip,0.001726,31.2795,4.389942,-24.866503,-115.904262,-12.084458,-9.946313,-108.990552,12.614637
1782501558.592957,8.820285,rotate_to_60deg_about_tip,0.002087,31.2685,4.395784,-24.866118,-115.904262,-12.084403,-9.941187,-108.990552,12.611828
1782501558.602946,8.830273,rotate_to_60deg_about_tip,0.001398,31.2645,4.397015,-24.866978,-115.904262,-12.084383,-9.940323,-108.990552,12.610806
1782501558.612942,8.84027,rotate_to_60deg_about_tip,0.001772,31.252,4.403654,-24.866541,-115.904262,-12.08432,-9.934498,-108.990552,12.607612
1782501558.622948,8.850276,rotate_to_60deg_about_tip,0.002122,31.241,4.409496,-24.866156,-115.904262,-12.084265,-9.929373,-108.990552,12.6048
1782501558.632943,8.86027,rotate_to_60deg_about_tip,0.001638,31.231,4.413914,-24.866807,-115.904262,-12.084215,-9.925715,-108.990552,12.602242
1782501558.64295,8.870278,rotate_to_60deg_about_tip,0.001979,31.2195,4.420022,-24.866404,-115.904262,-12.084157,-9.920358,-108.990552,12.5993
1782501558.652945,8.880272,rotate_to_60deg_about_tip,0.002309,31.209,4.425598,-24.866037,-115.904262,-12.084105,-9.915468,-108.990552,12.596613
1782501558.662948,8.890275,rotate_to_60deg_about_tip,0.001822,31.1995,4.42975,-24.866705,-115.904262,-12.084057,-9.912043,-108.990552,12.594182
1782501558.67295,8.900277,rotate_to_60deg_about_tip,0.002142,31.1885,4.435592,-24.86632,-115.904262,-12.084002,-9.906921,-108.990552,12.591365
1782501558.682948,8.910276,rotate_to_60deg_about_tip,0.00244,31.1795,4.438248,-24.867868,-115.904262,-12.082933,-9.904593,-108.990552,12.590084
1782501558.692949,8.920277,rotate_to_60deg_about_tip,0.001872,31.173,4.442931,-24.866778,-115.904262,-12.083925,-9.900704,-108.990552,12.587394
1782501558.702948,8.930275,rotate_to_60deg_about_tip,0.00216,31.1625,4.448508,-24.866411,-115.904262,-12.083873,-9.895816,-108.990552,12.584703
1782501558.712949,8.940277,rotate_to_60deg_about_tip,0.002335,31.1565,4.451694,-24.866201,-115.904262,-12.083843,-9.893023,-108.990552,12.583165
1782501558.722951,8.950278,rotate_to_60deg_about_tip,0.001273,31.146,4.456829,-24.866834,-115.904262,-12.084791,-9.889135,-108.990552,12.579473
1782501558.732948,8.960276,rotate_to_60deg_about_tip,0.001646,31.135,4.46267,-24.866449,-115.904262,-12.084737,-9.884015,-108.990552,12.576651
1782501558.742951,8.970278,rotate_to_60deg_about_tip,0.001151,31.1235,4.467885,-24.867047,-115.904262,-12.08468,-9.879664,-108.990552,12.5737
1782501558.752951,8.980278,rotate_to_60deg_about_tip,0.001471,31.1135,4.473196,-24.866697,-115.904262,-12.084631,-9.87501,-108.990552,12.571134
1782501558.762948,8.990275,rotate_to_60deg_about_tip,0.001669,31.1075,4.476383,-24.866487,-115.904262,-12.084601,-9.872219,-108.990552,12.569593
1782501558.772945,9.000273,rotate_to_60deg_about_tip,0.001209,31.096,4.481597,-24.867085,-115.904262,-12.084544,-9.867868,-108.990552,12.56664
1782501558.782952,9.010279,rotate_to_60deg_about_tip,0.001528,31.0855,4.487174,-24.866717,-115.904262,-12.084493,-9.862984,-108.990552,12.563942
1782501558.792952,9.02028,rotate_to_60deg_about_tip,0.001882,31.0745,4.493016,-24.866332,-115.904262,-12.084439,-9.857867,-108.990552,12.561115
1782501558.802948,9.030275,rotate_to_60deg_about_tip,0.001405,31.064,4.497699,-24.866965,-115.904262,-12.084387,-9.853983,-108.990552,12.558416
1782501558.812945,9.040273,rotate_to_60deg_about_tip,0.001717,31.0535,4.503276,-24.866598,-115.904262,-12.084336,-9.8491,-108.990552,12.555716
1782501558.822948,9.050275,rotate_to_60deg_about_tip,0.001337,31.042,4.508491,-24.867195,-115.904262,-12.084279,-9.844752,-108.990552,12.552757
1782501558.832899,9.060227,rotate_to_60deg_about_tip,0.001614,31.0315,4.514067,-24.866828,-115.904262,-12.084228,-9.83987,-108.990552,12.550055
1782501558.842947,9.070275,rotate_to_60deg_about_tip,0.001758,31.0265,4.516722,-24.866653,-115.904262,-12.084204,-9.837546,-108.990552,12.548768
1782501558.852948,9.080275,rotate_to_60deg_about_tip,0.001396,31.016,4.521406,-24.867286,-115.904262,-12.084152,-9.833664,-108.990552,12.546065
1782501558.86295,9.090277,rotate_to_60deg_about_tip,0.00166,31.005,4.527248,-24.866901,-115.904262,-12.084099,-9.828551,-108.990552,12.543232
1782501558.872946,9.100273,rotate_to_60deg_about_tip,0.00198,30.9935,4.533355,-24.866498,-115.904262,-12.084043,-9.823206,-108.990552,12.540269
1782501558.882945,9.110272,rotate_to_60deg_about_tip,0.001613,30.983,4.538039,-24.867131,-115.904262,-12.083992,-9.819326,-108.990552,12.537563
1782501558.892946,9.120273,rotate_to_60deg_about_tip,0.001856,30.973,4.543349,-24.866781,-115.904262,-12.083943,-9.814679,-108.990552,12.534984
1782501558.902848,9.130176,rotate_to_60deg_about_tip,0.002159,30.962,4.549191,-24.866396,-115.904262,-12.08389,-9.809568,-108.990552,12.532147
1782501558.912943,9.14027,rotate_to_60deg_about_tip,0.001785,30.952,4.553609,-24.867046,-115.904262,-12.083842,-9.805922,-108.990552,12.529568
1782501558.922946,9.150274,rotate_to_60deg_about_tip,0.002039,30.9415,4.559185,-24.866678,-115.904262,-12.083791,-9.801044,-108.990552,12.526858
1782501558.932946,9.160274,rotate_to_60deg_about_tip,0.001767,30.9305,4.564135,-24.867293,-115.904262,-12.083738,-9.796934,-108.990552,12.524018
1782501558.942945,9.170272,rotate_to_60deg_about_tip,0.001043,30.9265,4.566712,-24.867153,-115.904262,-12.084719,-9.795076,-108.990552,12.521985
1782501558.952962,9.18029,rotate_to_60deg_about_tip,0.001407,30.915,4.572819,-24.866751,-115.904262,-12.084663,-9.789735,-108.990552,12.519015
1782501558.962947,9.190274,rotate_to_60deg_about_tip,0.00097,30.904,4.577769,-24.867366,-115.904262,-12.08461,-9.785627,-108.990552,12.516173
1782501558.97295,9.200278,rotate_to_60deg_about_tip,0.001264,30.8935,4.583344,-24.866998,-115.904262,-12.08456,-9.780751,-108.990552,12.513459
1782501558.982944,9.210272,rotate_to_60deg_about_tip,0.001622,30.882,4.589451,-24.866596,-115.904262,-12.084505,-9.775412,-108.990552,12.510485
1782501558.992949,9.220277,rotate_to_60deg_about_tip,0.001152,30.8725,4.593605,-24.867263,-115.904262,-12.084459,-9.772002,-108.990552,12.508028
1782501559.002948,9.230276,rotate_to_60deg_about_tip,0.00144,30.862,4.599181,-24.866896,-115.904262,-12.084409,-9.767128,-108.990552,12.505312
1782501559.012943,9.240271,rotate_to_60deg_about_tip,0.001775,30.851,4.605022,-24.866511,-115.904262,-12.084356,-9.762022,-108.990552,12.502465
1782501559.022946,9.250273,rotate_to_60deg_about_tip,0.001346,30.8405,4.609706,-24.867143,-115.904262,-12.084306,-9.758149,-108.990552,12.499747
1782501559.032951,9.260278,rotate_to_60deg_about_tip,0.001478,30.8355,4.612361,-24.866968,-115.904262,-12.084283,-9.755829,-108.990552,12.498452
1782501559.042966,9.270293,rotate_to_60deg_about_tip,0.001824,30.8235,4.618734,-24.866548,-115.904262,-12.084225,-9.75026,-108.990552,12.495344
1782501559.052946,9.280274,rotate_to_60deg_about_tip,0.001408,30.814,4.622887,-24.867216,-115.904262,-12.08418,-9.746852,-108.990552,12.492882
1782501559.062949,9.290277,rotate_to_60deg_about_tip,0.001698,30.8025,4.628994,-24.866813,-115.904262,-12.084126,-9.741517,-108.990552,12.489901
1782501559.072946,9.300273,rotate_to_60deg_about_tip,0.001984,30.7925,4.634304,-24.866463,-115.904262,-12.084078,-9.736878,-108.990552,12.487309
1782501559.082994,9.310321,rotate_to_60deg_about_tip,0.001612,30.7815,4.639254,-24.867078,-115.904262,-12.084026,-9.732776,-108.990552,12.484455
1782501559.092999,9.320327,rotate_to_60deg_about_tip,0.00354,30.7705,4.641644,-24.869707,-115.904262,-12.082288,-9.730689,-108.990552,12.483288
1782501559.102949,9.330276,rotate_to_60deg_about_tip,0.00203,30.7655,4.64775,-24.866518,-115.904262,-12.083951,-9.725356,-108.990552,12.480304
1782501559.112965,9.340292,rotate_to_60deg_about_tip,0.003365,30.7535,4.650671,-24.869112,-115.904262,-12.082206,-9.722805,-108.990552,12.478876
1782501559.122946,9.350274,rotate_to_60deg_about_tip,0.001793,30.75,4.65509,-24.866975,-115.904262,-12.083877,-9.719168,-108.990552,12.47628
1782501559.132947,9.360275,rotate_to_60deg_about_tip,0.002111,30.7375,4.661728,-24.866537,-115.904262,-12.083819,-9.713373,-108.990552,12.473033
1782501559.142947,9.370275,rotate_to_60deg_about_tip,0.002393,30.7275,4.667038,-24.866187,-115.904262,-12.083772,-9.708737,-108.990552,12.470435
1782501559.152946,9.380273,rotate_to_60deg_about_tip,0.001997,30.7175,4.671457,-24.866837,-115.904262,-12.083725,-9.705102,-108.990552,12.467837
1782501559.162946,9.390274,rotate_to_60deg_about_tip,0.001685,30.706,4.678017,-24.866434,-115.904262,-12.084671,-9.699771,-108.990552,12.463847
1782501559.172949,9.400276,rotate_to_60deg_about_tip,0.001187,30.695,4.682967,-24.867049,-115.904262,-12.084619,-9.695673,-108.990552,12.460986
1782501559.182944,9.410272,rotate_to_60deg_about_tip,0.00134,30.69,4.685623,-24.866874,-115.904262,-12.084596,-9.693356,-108.990552,12.459685
1782501559.192947,9.420274,rotate_to_60deg_about_tip,0.00171,30.6785,4.691729,-24.866471,-115.904262,-12.084542,-9.688028,-108.990552,12.456693
1782501559.202949,9.430276,rotate_to_60deg_about_tip,0.001218,30.6685,4.696148,-24.867121,-115.904262,-12.084495,-9.684394,-108.990552,12.45409
1782501559.212948,9.440276,rotate_to_60deg_about_tip,0.001572,30.6565,4.70252,-24.866701,-115.904262,-12.08444,-9.678835,-108.990552,12.450966
1782501559.222944,9.450272,rotate_to_60deg_about_tip,0.001841,30.648,4.707034,-24.866403,-115.904262,-12.0844,-9.674898,-108.990552,12.448752
1782501559.232947,9.460275,rotate_to_60deg_about_tip,0.001355,30.6385,4.711188,-24.86707,-115.904262,-12.084356,-9.671497,-108.990552,12.446277
1782501559.242946,9.470273,rotate_to_60deg_about_tip,0.001683,30.627,4.717294,-24.866668,-115.904262,-12.084303,-9.666171,-108.990552,12.44328
1782501559.252947,9.480275,rotate_to_60deg_about_tip,0.002039,30.6155,4.7234,-24.866265,-115.904262,-12.084249,-9.660846,-108.990552,12.440282
1782501559.262947,9.490275,rotate_to_60deg_about_tip,0.001572,30.6055,4.72782,-24.866915,-115.904262,-12.084203,-9.657216,-108.990552,12.437674
1782501559.272948,9.500275,rotate_to_60deg_about_tip,0.001739,30.5995,4.731006,-24.866704,-115.904262,-12.084175,-9.654438,-108.990552,12.436108
1782501559.282944,9.510272,rotate_to_60deg_about_tip,0.002067,30.5885,4.736846,-24.866319,-115.904262,-12.084124,-9.649345,-108.990552,12.433238
1782501559.292949,9.520276,rotate_to_60deg_about_tip,0.001684,30.5765,4.742328,-24.866899,-115.904262,-12.084069,-9.64479,-108.990552,12.430106
1782501559.302946,9.530273,rotate_to_60deg_about_tip,0.001957,30.5665,4.747637,-24.866549,-115.904262,-12.084023,-9.640162,-108.990552,12.427495
1782501559.312948,9.540275,rotate_to_60deg_about_tip,0.001635,30.5545,4.753119,-24.867128,-115.904262,-12.083968,-9.635608,-108.990552,12.42436
1782501559.322948,9.550275,rotate_to_60deg_about_tip,0.001862,30.545,4.758163,-24.866795,-115.904262,-12.083924,-9.631212,-108.990552,12.421878
1782501559.332944,9.560272,rotate_to_60deg_about_tip,0.002146,30.5345,4.763738,-24.866428,-115.904262,-12.083876,-9.626353,-108.990552,12.419134
1782501559.342947,9.570274,rotate_to_60deg_about_tip,0.00229,30.5295,4.766393,-24.866252,-115.904262,-12.083853,-9.62404,-108.990552,12.417827
1782501559.352948,9.580275,rotate_to_60deg_about_tip,0.001904,30.519,4.771078,-24.866885,-115.904262,-12.083805,-9.620182,-108.990552,12.415081
1782501559.36295,9.590278,rotate_to_60deg_about_tip,0.00217,30.5085,4.776653,-24.866517,-115.904262,-12.083757,-9.615325,-108.990552,12.412335
1782501559.372944,9.600272,rotate_to_60deg_about_tip,0.001892,30.496,4.7824,-24.867079,-115.904262,-12.0837,-9.610543,-108.990552,12.409064
1782501559.382945,9.610273,rotate_to_60deg_about_tip,0.002034,30.4895,4.785851,-24.866851,-115.904262,-12.083671,-9.607537,-108.990552,12.407362
1782501559.392947,9.620275,rotate_to_60deg_about_tip,0.001679,30.4785,4.792148,-24.866466,-115.904262,-12.084621,-9.60245,-108.990552,12.403482
1782501559.402947,9.630275,rotate_to_60deg_about_tip,0.001224,30.4665,4.79763,-24.867045,-115.904262,-12.084566,-9.597901,-108.990552,12.400339
1782501559.412949,9.640277,rotate_to_60deg_about_tip,0.001562,30.4555,4.80347,-24.86666,-115.904262,-12.084516,-9.592815,-108.990552,12.397457
1782501559.422946,9.650273,rotate_to_60deg_about_tip,0.001886,30.4455,4.80878,-24.86631,-115.904262,-12.084471,-9.588192,-108.990552,12.394837
1782501559.432957,9.660284,rotate_to_60deg_about_tip,0.001425,30.434,4.813996,-24.866907,-115.904262,-12.084419,-9.583876,-108.990552,12.391822
1782501559.442952,9.67028,rotate_to_60deg_about_tip,0.001728,30.424,4.819305,-24.866556,-115.904262,-12.084374,-9.579254,-108.990552,12.389199
1782501559.452947,9.680275,rotate_to_60deg_about_tip,0.001291,30.414,4.823725,-24.867206,-115.904262,-12.084329,-9.575632,-108.990552,12.386575
1782501559.46296,9.690288,rotate_to_60deg_about_tip,0.001445,30.408,4.826911,-24.866996,-115.904262,-12.084302,-9.57286,-108.990552,12.385001
1782501559.472947,9.700275,rotate_to_60deg_about_tip,0.001714,30.3985,4.831955,-24.866663,-115.904262,-12.084259,-9.56847,-108.990552,12.382508
1782501559.482963,9.71029,rotate_to_60deg_about_tip,0.002067,30.387,4.838061,-24.86626,-115.904262,-12.084207,-9.563156,-108.990552,12.379488
1782501559.492951,9.720279,rotate_to_60deg_about_tip,0.001633,30.376,4.843011,-24.866874,-115.904262,-12.084158,-9.559074,-108.990552,12.376599
1782501559.502954,9.730281,rotate_to_60deg_about_tip,0.002522,30.366,4.845932,-24.868602,-115.904262,-12.082931,-9.556534,-108.990552,12.375154
1782501559.51296,9.740288,rotate_to_60deg_about_tip,0.002079,30.3605,4.851241,-24.866331,-115.904262,-12.084089,-9.551914,-108.990552,12.372527
1782501559.522949,9.750277,rotate_to_60deg_about_tip,0.002882,30.3435,4.856723,-24.869044,-115.904262,-12.082698,-9.547372,-108.990552,12.369372
1782501559.532962,9.760289,rotate_to_60deg_about_tip,0.001972,30.3385,4.862032,-24.86656,-115.904262,-12.08399,-9.542754,-108.990552,12.366743
1782501559.54295,9.770278,rotate_to_60deg_about_tip,0.001635,30.3275,4.866983,-24.867175,-115.904262,-12.083941,-9.538674,-108.990552,12.363849
1782501559.55295,9.780278,rotate_to_60deg_about_tip,0.001734,30.323,4.869372,-24.867017,-115.904262,-12.083921,-9.536597,-108.990552,12.362665
1782501559.562947,9.790274,rotate_to_60deg_about_tip,0.002008,30.312,4.875212,-24.866631,-115.904262,-12.083872,-9.531518,-108.990552,12.359771
1782501559.572945,9.800273,rotate_to_60deg_about_tip,0.002272,30.3025,4.880256,-24.866298,-115.904262,-12.08383,-9.527132,-108.990552,12.35727
1782501559.582946,9.810274,rotate_to_60deg_about_tip,0.001931,30.2905,4.885738,-24.866878,-115.904262,-12.083777,-9.522593,-108.990552,12.35411
1782501559.592947,9.820275,rotate_to_60deg_about_tip,0.002181,30.2805,4.891047,-24.866527,-115.904262,-12.083733,-9.517978,-108.990552,12.351476
1782501559.602947,9.830275,rotate_to_60deg_about_tip,0.001878,30.2695,4.895998,-24.867142,-115.904262,-12.083684,-9.513901,-108.990552,12.348577
1782501559.612948,9.840276,rotate_to_60deg_about_tip,0.002105,30.259,4.901573,-24.866774,-115.904262,-12.083638,-9.509056,-108.990552,12.345809
1782501559.622947,9.850275,rotate_to_60deg_about_tip,0.001762,30.248,4.90787,-24.866388,-115.904262,-12.084589,-9.503981,-108.990552,12.341909
1782501559.632942,9.860269,rotate_to_60deg_about_tip,0.001215,30.239,4.91176,-24.867073,-115.904262,-12.084549,-9.500828,-108.990552,12.339535
1782501559.642949,9.870277,rotate_to_60deg_about_tip,0.001548,30.228,4.9176,-24.866687,-115.904262,-12.084501,-9.495754,-108.990552,12.336633
1782501559.652946,9.880273,rotate_to_60deg_about_tip,0.001691,30.2235,4.919989,-24.866529,-115.904262,-12.084481,-9.493678,-108.990552,12.335446
1782501559.662948,9.890276,rotate_to_60deg_about_tip,0.001248,30.2125,4.92494,-24.867144,-115.904262,-12.084433,-9.489605,-108.990552,12.332542
1782501559.672943,9.90027,rotate_to_60deg_about_tip,0.00156,30.2015,4.93078,-24.866758,-115.904262,-12.084385,-9.484532,-108.990552,12.329637
1782501559.682948,9.910275,rotate_to_60deg_about_tip,0.001193,30.1905,4.935731,-24.867372,-115.904262,-12.084337,-9.480459,-108.990552,12.326732
1782501559.692947,9.920275,rotate_to_60deg_about_tip,0.001474,30.179,4.941837,-24.866969,-115.904262,-12.084287,-9.475157,-108.990552,12.323693
1782501559.702942,9.930269,rotate_to_60deg_about_tip,0.001773,30.1685,4.947411,-24.866601,-115.904262,-12.084241,-9.470316,-108.990552,12.320918
1782501559.712945,9.940272,rotate_to_60deg_about_tip,0.001375,30.1585,4.951831,-24.86725,-115.904262,-12.084197,-9.466706,-108.990552,12.318274
1782501559.722947,9.950274,rotate_to_60deg_about_tip,0.001646,30.1475,4.957671,-24.866865,-115.904262,-12.084149,-9.461635,-108.990552,12.315365
1782501559.732947,9.960275,rotate_to_60deg_about_tip,0.001927,30.1375,4.96298,-24.866514,-115.904262,-12.084106,-9.457027,-108.990552,12.312719
1782501559.742945,9.970273,rotate_to_60deg_about_tip,0.001525,30.128,4.967135,-24.867181,-115.904262,-12.084065,-9.453649,-108.990552,12.310205
1782501559.752949,9.980277,rotate_to_60deg_about_tip,0.001652,30.1225,4.970055,-24.866988,-115.904262,-12.084041,-9.451114,-108.990552,12.308749
1782501559.762943,9.99027,rotate_to_60deg_about_tip,0.001925,30.112,4.975629,-24.86662,-115.904262,-12.083996,-9.446276,-108.990552,12.305969
1782501559.772943,10.000271,rotate_to_60deg_about_tip,0.001601,30.101,4.980581,-24.867234,-115.904262,-12.083948,-9.442208,-108.990552,12.303055
1782501559.782948,10.010276,rotate_to_60deg_about_tip,0.00186,30.0895,4.986686,-24.866831,-115.904262,-12.083899,-9.43691,-108.990552,12.300008
1782501559.792958,10.020285,rotate_to_60deg_about_tip,0.002151,30.0785,4.992525,-24.866445,-115.904262,-12.083851,-9.431843,-108.990552,12.297093
1782501559.802946,10.030273,rotate_to_60deg_about_tip,0.0018,30.068,4.997211,-24.867077,-115.904262,-12.083806,-9.428008,-108.990552,12.294309
1782501559.812956,10.040284,rotate_to_60deg_about_tip,0.002043,30.0575,5.002785,-24.866709,-115.904262,-12.083761,-9.423172,-108.990552,12.291524
1782501559.822949,10.050277,rotate_to_60deg_about_tip,0.002321,30.047,5.00836,-24.866341,-115.904262,-12.083716,-9.418337,-108.990552,12.288739
1782501559.832961,10.060288,rotate_to_60deg_about_tip,0.00197,30.0365,5.013045,-24.866973,-115.904262,-12.083671,-9.414503,-108.990552,12.285952
1782501559.842949,10.070277,rotate_to_60deg_about_tip,0.002058,30.0325,5.015169,-24.866832,-115.904262,-12.083654,-9.412661,-108.990552,12.284891
1782501559.852944,10.080271,rotate_to_60deg_about_tip,0.002329,30.0215,5.021009,-24.866446,-115.904262,-12.083607,-9.407597,-108.990552,12.28197
1782501559.862947,10.090274,rotate_to_60deg_about_tip,0.001202,30.011,5.026154,-24.867078,-115.904262,-12.084562,-9.403764,-108.990552,12.278182
1782501559.872945,10.100272,rotate_to_60deg_about_tip,0.001535,30.0,5.031994,-24.866692,-115.904262,-12.084515,-9.398701,-108.990552,12.275259
1782501559.882949,10.110277,rotate_to_60deg_about_tip,0.001923,29.988,5.038364,-24.866272,-115.904262,-12.084464,-9.393179,-108.990552,12.27207
1782501559.892949,10.120276,rotate_to_60deg_about_tip,0.001286,29.9825,5.040396,-24.867079,-115.904262,-12.084441,-9.391648,-108.990552,12.270608
1782501559.902955,10.130282,rotate_to_60deg_about_tip,0.001621,29.971,5.046501,-24.866675,-115.904262,-12.084392,-9.386356,-108.990552,12.26755
1782501559.912996,10.140323,rotate_to_60deg_about_tip,0.001252,29.959,5.051983,-24.867254,-115.904262,-12.084342,-9.381836,-108.990552,12.264358
1782501559.922969,10.150297,rotate_to_60deg_about_tip,0.002922,29.9485,5.054637,-24.869416,-115.904262,-12.082834,-9.379535,-108.990552,12.263028
1782501559.932963,10.160291,rotate_to_60deg_about_tip,0.001696,29.9425,5.060742,-24.866676,-115.904262,-12.084272,-9.374246,-108.990552,12.259967
1782501559.942945,10.170273,rotate_to_60deg_about_tip,0.003375,29.9275,5.064632,-24.869909,-115.904262,-12.082611,-9.371106,-108.990552,12.257571
1782501559.952962,10.18029,rotate_to_60deg_about_tip,0.001532,29.923,5.070206,-24.866992,-115.904262,-12.08419,-9.366277,-108.990552,12.254775
1782501559.962944,10.190271,rotate_to_60deg_about_tip,0.001862,29.911,5.076576,-24.866571,-115.904262,-12.084139,-9.360759,-108.990552,12.251579
1782501559.97295,10.200277,rotate_to_60deg_about_tip,0.00198,29.907,5.0787,-24.86643,-115.904262,-12.084123,-9.35892,-108.990552,12.250513
1782501559.982954,10.210282,rotate_to_60deg_about_tip,0.001614,29.895,5.084182,-24.867009,-115.904262,-12.084072,-9.354403,-108.990552,12.247315
1782501559.992949,10.220276,rotate_to_60deg_about_tip,0.001943,29.8825,5.090818,-24.866571,-115.904262,-12.08402,-9.348656,-108.990552,12.243982
1782501560.002946,10.230273,rotate_to_60deg_about_tip,0.001601,29.8715,5.095769,-24.867185,-115.904262,-12.083974,-9.3446,-108.990552,12.241049
1782501560.012949,10.240277,rotate_to_60deg_about_tip,0.001711,29.8665,5.098423,-24.86701,-115.904262,-12.083953,-9.342302,-108.990552,12.239715
1782501560.022948,10.250275,rotate_to_60deg_about_tip,0.001974,29.856,5.103997,-24.866641,-115.904262,-12.083909,-9.337476,-108.990552,12.236913
1782501560.032899,10.260226,rotate_to_60deg_about_tip,0.001658,29.8455,5.108683,-24.867273,-115.904262,-12.083866,-9.333651,-108.990552,12.234111
1782501560.042951,10.270278,rotate_to_60deg_about_tip,0.001902,29.834,5.114788,-24.866869,-115.904262,-12.083818,-9.328367,-108.990552,12.23104
1782501560.052942,10.28027,rotate_to_60deg_about_tip,0.002155,29.824,5.120096,-24.866519,-115.904262,-12.083776,-9.323773,-108.990552,12.228369
1782501560.062943,10.290271,rotate_to_60deg_about_tip,0.001831,29.8135,5.124782,-24.86715,-115.904262,-12.083733,-9.319949,-108.990552,12.225564
1782501560.072948,10.300275,rotate_to_60deg_about_tip,0.002093,29.8015,5.131152,-24.866729,-115.904262,-12.083683,-9.314437,-108.990552,12.222357
1782501560.082946,10.310274,rotate_to_60deg_about_tip,0.002243,29.7955,5.134337,-24.866519,-115.904262,-12.083658,-9.311681,-108.990552,12.220753
1782501560.092948,10.320275,rotate_to_60deg_about_tip,0.001955,29.784,5.139554,-24.867115,-115.904262,-12.083611,-9.3074,-108.990552,12.217678
1782501560.102955,10.330283,rotate_to_60deg_about_tip,0.001509,29.772,5.146386,-24.866694,-115.904262,-12.084562,-9.301889,-108.990552,12.213468
1782501560.112945,10.340272,rotate_to_60deg_about_tip,0.001833,29.762,5.151694,-24.866343,-115.904262,-12.084521,-9.297298,-108.990552,12.210792
1782501560.122944,10.350272,rotate_to_60deg_about_tip,0.001365,29.7505,5.156911,-24.86694,-115.904262,-12.084473,-9.293018,-108.990552,12.207714
1782501560.132948,10.360276,rotate_to_60deg_about_tip,0.001668,29.7405,5.162219,-24.866589,-115.904262,-12.084432,-9.288428,-108.990552,12.205036
1782501560.142945,10.370272,rotate_to_60deg_about_tip,0.001842,29.735,5.165139,-24.866396,-115.904262,-12.08441,-9.285903,-108.990552,12.203563
1782501560.152946,10.380274,rotate_to_60deg_about_tip,0.001375,29.7245,5.169825,-24.867027,-115.904262,-12.084367,-9.282084,-108.990552,12.20075
1782501560.162949,10.390276,rotate_to_60deg_about_tip,0.001676,29.714,5.175399,-24.866659,-115.904262,-12.084324,-9.277265,-108.990552,12.197937
1782501560.172945,10.400272,rotate_to_60deg_about_tip,0.001294,29.703,5.180351,-24.867273,-115.904262,-12.084279,-9.273218,-108.990552,12.194988
1782501560.182944,10.410271,rotate_to_60deg_about_tip,0.001541,29.693,5.185659,-24.866922,-115.904262,-12.084239,-9.26863,-108.990552,12.192307
1782501560.192958,10.420285,rotate_to_60deg_about_tip,0.001868,29.6815,5.191763,-24.866518,-115.904262,-12.084192,-9.263354,-108.990552,12.189222
1782501560.202948,10.430275,rotate_to_60deg_about_tip,0.001459,29.6715,5.196184,-24.867167,-115.904262,-12.084151,-9.259766,-108.990552,12.186539
1782501560.21296,10.440288,rotate_to_60deg_about_tip,0.001734,29.6605,5.202023,-24.866781,-115.904262,-12.084107,-9.254721,-108.990552,12.183587
1782501560.222948,10.450275,rotate_to_60deg_about_tip,0.002031,29.65,5.207596,-24.866413,-115.904262,-12.084064,-9.249906,-108.990552,12.180768
1782501560.232957,10.460284,rotate_to_60deg_about_tip,0.002196,29.6445,5.210515,-24.86622,-115.904262,-12.084042,-9.247383,-108.990552,12.179291
1782501560.242948,10.470276,rotate_to_60deg_about_tip,0.001756,29.6345,5.214937,-24.866869,-115.904262,-12.084002,-9.243798,-108.990552,12.176605
1782501560.252943,10.48027,rotate_to_60deg_about_tip,0.002036,29.624,5.22051,-24.8665,-115.904262,-12.08396,-9.238984,-108.990552,12.173784
1782501560.262847,10.490174,rotate_to_60deg_about_tip,0.001677,29.6135,5.225196,-24.867132,-115.904262,-12.083917,-9.23517,-108.990552,12.170961
1782501560.272839,10.500166,rotate_to_60deg_about_tip,0.001908,29.6035,5.230504,-24.866781,-115.904262,-12.083877,-9.230586,-108.990552,12.168273
1782501560.282943,10.510271,rotate_to_60deg_about_tip,0.002186,29.593,5.236077,-24.866412,-115.904262,-12.083835,-9.225773,-108.990552,12.165449
1782501560.292956,10.520284,rotate_to_60deg_about_tip,0.00185,29.5815,5.241295,-24.867008,-115.904262,-12.083789,-9.221503,-108.990552,12.162355
1782501560.302948,10.530276,rotate_to_60deg_about_tip,0.002136,29.5695,5.247664,-24.866587,-115.904262,-12.083741,-9.216004,-108.990552,12.159126
1782501560.312946,10.540273,rotate_to_60deg_about_tip,0.002391,29.56,5.252706,-24.866254,-115.904262,-12.083703,-9.211651,-108.990552,12.156569
1782501560.322965,10.550293,rotate_to_60deg_about_tip,0.002023,29.5495,5.257393,-24.866885,-115.904262,-12.083662,-9.20784,-108.990552,12.153741
1782501560.332971,10.560299,rotate_to_60deg_about_tip,0.002023,29.5495,5.257393,-24.866885,-115.904262,-12.083662,-9.20784,-108.990552,12.153741
1782501560.342947,10.570275,rotate_to_60deg_about_tip,0.002274,29.539,5.262966,-24.866516,-115.904262,-12.08362,-9.20303,-108.990552,12.150913
1782501560.352946,10.580273,rotate_to_60deg_about_tip,0.001962,29.529,5.267388,-24.867165,-115.904262,-12.08358,-9.199449,-108.990552,12.148218
1782501560.362949,10.590276,rotate_to_60deg_about_tip,0.001436,29.5185,5.273424,-24.866797,-115.904262,-12.084539,-9.19464,-108.990552,12.144388
1782501560.372949,10.600276,rotate_to_60deg_about_tip,0.00177,29.508,5.278997,-24.866428,-115.904262,-12.084497,-9.189832,-108.990552,12.141557
1782501560.382944,10.610271,rotate_to_60deg_about_tip,0.001289,29.4975,5.283684,-24.86706,-115.904262,-12.084456,-9.186024,-108.990552,12.138725
1782501560.392947,10.620275,rotate_to_60deg_about_tip,0.001657,29.485,5.290318,-24.866621,-115.904262,-12.084406,-9.180301,-108.990552,12.135353
1782501560.402945,10.630272,rotate_to_60deg_about_tip,0.001972,29.475,5.295626,-24.86627,-115.904262,-12.084367,-9.175723,-108.990552,12.132654
1782501560.412956,10.640283,rotate_to_60deg_about_tip,0.001493,29.4645,5.300313,-24.866901,-115.904262,-12.084326,-9.171916,-108.990552,12.12982
1782501560.422944,10.650271,rotate_to_60deg_about_tip,0.001636,29.4595,5.302966,-24.866725,-115.904262,-12.084306,-9.169628,-108.990552,12.12847
1782501560.432951,10.660278,rotate_to_60deg_about_tip,0.002111,29.444,5.311193,-24.866181,-115.904262,-12.084245,-9.162534,-108.990552,12.124283
1782501560.442949,10.670276,rotate_to_60deg_about_tip,0.001655,29.433,5.316145,-24.866795,-115.904262,-12.084202,-9.1585,-108.990552,12.121311
1782501560.452946,10.680274,rotate_to_60deg_about_tip,0.001768,29.429,5.318268,-24.866654,-115.904262,-12.084187,-9.15667,-108.990552,12.120229
1782501560.462948,10.690275,rotate_to_60deg_about_tip,0.002111,29.4175,5.324372,-24.866251,-115.904262,-12.084142,-9.151408,-108.990552,12.117121
1782501560.472881,10.700209,rotate_to_60deg_about_tip,0.001645,29.408,5.328528,-24.866917,-115.904262,-12.084105,-9.148062,-108.990552,12.114552
1782501560.48287,10.710198,rotate_to_60deg_about_tip,0.001915,29.398,5.333835,-24.866566,-115.904262,-12.084066,-9.143488,-108.990552,12.111847
1782501560.492944,10.720272,rotate_to_60deg_about_tip,0.002239,29.387,5.339673,-24.86618,-115.904262,-12.084023,-9.138457,-108.990552,12.10887
1782501560.502958,10.730285,rotate_to_60deg_about_tip,0.001807,29.3765,5.34436,-24.866811,-115.904262,-12.083983,-9.134655,-108.990552,12.106028
1782501560.512948,10.740275,rotate_to_60deg_about_tip,0.002118,29.365,5.350464,-24.866407,-115.904262,-12.083938,-9.129396,-108.990552,12.102915
1782501560.522943,10.75027,rotate_to_60deg_about_tip,0.001764,29.3535,5.355681,-24.867003,-115.904262,-12.083894,-9.125138,-108.990552,12.0998
1782501560.532944,10.760272,rotate_to_60deg_about_tip,0.001981,29.3445,5.360458,-24.866687,-115.904262,-12.083859,-9.121023,-108.990552,12.097362
1782501560.542948,10.770275,rotate_to_60deg_about_tip,0.002265,29.334,5.36603,-24.866318,-115.904262,-12.083819,-9.116223,-108.990552,12.094516
1782501560.552948,10.780275,rotate_to_60deg_about_tip,0.00189,29.3235,5.370718,-24.86695,-115.904262,-12.083778,-9.112424,-108.990552,12.09167
1782501560.562948,10.790275,rotate_to_60deg_about_tip,0.002006,29.3185,5.373371,-24.866774,-115.904262,-12.083759,-9.110138,-108.990552,12.090314
1782501560.572951,10.800279,rotate_to_60deg_about_tip,0.002287,29.3075,5.379209,-24.866388,-115.904262,-12.083717,-9.105111,-108.990552,12.087331
1782501560.582944,10.810272,rotate_to_60deg_about_tip,0.001952,29.2965,5.384161,-24.867001,-115.904262,-12.083675,-9.101085,-108.990552,12.084346
1782501560.592948,10.820276,rotate_to_60deg_about_tip,0.002215,29.285,5.390265,-24.866598,-115.904262,-12.083631,-9.09583,-108.990552,12.081225
1782501560.602945,10.830273,rotate_to_60deg_about_tip,0.001115,29.273,5.396213,-24.867176,-115.904262,-12.084585,-9.091348,-108.990552,12.076967
1782501560.612962,10.84029,rotate_to_60deg_about_tip,0.001288,29.267,5.399397,-24.866965,-115.904262,-12.084562,-9.088607,-108.990552,12.075338
1782501560.622946,10.850274,rotate_to_60deg_about_tip,0.00158,29.2575,5.404439,-24.866632,-115.904262,-12.084526,-9.084268,-108.990552,12.072758
1782501560.63296,10.860288,rotate_to_60deg_about_tip,0.001156,29.246,5.409657,-24.867228,-115.904262,-12.084483,-9.080016,-108.990552,12.069633
1782501560.642946,10.870273,rotate_to_60deg_about_tip,0.001402,29.237,5.414433,-24.866912,-115.904262,-12.084449,-9.075906,-108.990552,12.067187
1782501560.652949,10.880277,rotate_to_60deg_about_tip,0.001735,29.226,5.420271,-24.866525,-115.904262,-12.084407,-9.070883,-108.990552,12.064197
1782501560.662947,10.890275,rotate_to_60deg_about_tip,0.001316,29.2145,5.425489,-24.867121,-115.904262,-12.084364,-9.066632,-108.990552,12.061069
1782501560.672896,10.900224,rotate_to_60deg_about_tip,0.001618,29.2035,5.431327,-24.866735,-115.904262,-12.084322,-9.06161,-108.990552,12.058077
1782501560.682945,10.910273,rotate_to_60deg_about_tip,0.001254,29.1925,5.436279,-24.867348,-115.904262,-12.084281,-9.057589,-108.990552,12.055083
1782501560.692946,10.920274,rotate_to_60deg_about_tip,0.001462,29.1835,5.441055,-24.867032,-115.904262,-12.084247,-9.053482,-108.990552,12.052633
1782501560.702949,10.930276,rotate_to_60deg_about_tip,0.001635,29.177,5.444505,-24.866804,-115.904262,-12.084222,-9.050515,-108.990552,12.050864
1782501560.712967,10.940295,rotate_to_60deg_about_tip,0.001909,29.1675,5.449546,-24.86647,-115.904262,-12.084187,-9.04618,-108.990552,12.048276
1782501560.723015,10.950342,rotate_to_60deg_about_tip,0.001523,29.156,5.454764,-24.867066,-115.904262,-12.084144,-9.041932,-108.990552,12.045144
1782501560.732947,10.960274,rotate_to_60deg_about_tip,0.001647,29.151,5.457418,-24.866891,-115.904262,-12.084125,-9.039651,-108.990552,12.043781
1782501560.742953,10.97028,rotate_to_60deg_about_tip,0.001934,29.1405,5.46299,-24.866522,-115.904262,-12.084086,-9.034861,-108.990552,12.04092
1782501560.752946,10.980274,rotate_to_60deg_about_tip,0.001555,29.13,5.467677,-24.867153,-115.904262,-12.084047,-9.031071,-108.990552,12.038057
1782501560.762946,10.990273,rotate_to_60deg_about_tip,0.00178,29.1205,5.472719,-24.866819,-115.904262,-12.084012,-9.026738,-108.990552,12.035466
1782501560.772894,11.000221,rotate_to_60deg_about_tip,0.002063,29.11,5.47829,-24.86645,-115.904262,-12.083973,-9.021949,-108.990552,12.032602
1782501560.782949,11.010277,rotate_to_60deg_about_tip,0.001699,29.099,5.483243,-24.867064,-115.904262,-12.083932,-9.017933,-108.990552,12.0296
1782501560.792945,11.020273,rotate_to_60deg_about_tip,0.00195,29.0885,5.488815,-24.866695,-115.904262,-12.083893,-9.013145,-108.990552,12.026734
1782501560.802944,11.030271,rotate_to_60deg_about_tip,0.002235,29.078,5.494387,-24.866326,-115.904262,-12.083854,-9.008358,-108.990552,12.023867
1782501560.812969,11.040297,rotate_to_60deg_about_tip,0.001769,29.0715,5.496952,-24.867097,-115.904262,-12.08383,-9.006395,-108.990552,12.022092
1782501560.822946,11.050274,rotate_to_60deg_about_tip,0.00202,29.0605,5.502789,-24.866711,-115.904262,-12.08379,-9.001381,-108.990552,12.019087
1782501560.832967,11.060294,rotate_to_60deg_about_tip,0.002295,29.05,5.508361,-24.866342,-115.904262,-12.083751,-8.996595,-108.990552,12.016218
1782501560.842947,11.070275,rotate_to_60deg_about_tip,0.001902,29.041,5.512252,-24.867026,-115.904262,-12.083718,-8.993493,-108.990552,12.013758
1782501560.852857,11.080185,rotate_to_60deg_about_tip,0.001482,29.0305,5.518291,-24.866657,-115.904262,-12.08468,-8.988708,-108.990552,12.009887
1782501560.862943,11.090271,rotate_to_60deg_about_tip,0.001024,29.019,5.52351,-24.867253,-115.904262,-12.084638,-8.984469,-108.990552,12.006741
1782501560.872893,11.100221,rotate_to_60deg_about_tip,0.001315,29.009,5.528816,-24.866901,-115.904262,-12.084601,-8.979913,-108.990552,12.004005
1782501560.882946,11.110274,rotate_to_60deg_about_tip,0.001663,28.998,5.534653,-24.866515,-115.904262,-12.084561,-8.974902,-108.990552,12.000995
1782501560.892851,11.120179,rotate_to_60deg_about_tip,0.001194,28.987,5.539606,-24.867128,-115.904262,-12.084521,-8.970891,-108.990552,11.997984
1782501560.902844,11.130171,rotate_to_60deg_about_tip,0.00135,28.9815,5.542525,-24.866935,-115.904262,-12.084501,-8.968386,-108.990552,11.996477
1782501560.912946,11.140273,rotate_to_60deg_about_tip,0.001717,28.9695,5.548892,-24.866513,-115.904262,-12.084458,-8.962922,-108.990552,11.993191
1782501560.922945,11.150273,rotate_to_60deg_about_tip,0.001245,28.9595,5.553315,-24.867162,-115.904262,-12.084422,-8.959368,-108.990552,11.990451
1782501560.93295,11.160277,rotate_to_60deg_about_tip,0.001549,28.9485,5.559152,-24.866775,-115.904262,-12.084382,-8.95436,-108.990552,11.987436
1782501560.942946,11.170274,rotate_to_60deg_about_tip,0.0019,28.937,5.565254,-24.866371,-115.904262,-12.08434,-8.949124,-108.990552,11.984283
1782501560.952945,11.180273,rotate_to_60deg_about_tip,0.001414,28.9275,5.569411,-24.867037,-115.904262,-12.084306,-8.9458,-108.990552,11.981678
1782501560.962949,11.190277,rotate_to_60deg_about_tip,0.001675,28.918,5.574452,-24.866703,-115.904262,-12.084272,-8.941476,-108.990552,11.979072
1782501560.972889,11.200217,rotate_to_60deg_about_tip,0.002021,28.9065,5.580554,-24.866299,-115.904262,-12.084231,-8.936242,-108.990552,11.975916
1782501560.98295,11.210278,rotate_to_60deg_about_tip,0.001557,28.8965,5.584976,-24.866948,-115.904262,-12.084195,-8.932692,-108.990552,11.973171
1782501560.992951,11.220279,rotate_to_60deg_about_tip,0.001703,28.891,5.587895,-24.866754,-115.904262,-12.084175,-8.930189,-108.990552,11.971661
1782501561.00295,11.230278,rotate_to_60deg_about_tip,0.002006,28.8805,5.593466,-24.866385,-115.904262,-12.084138,-8.925412,-108.990552,11.968778
1782501561.012966,11.240293,rotate_to_60deg_about_tip,0.001587,28.87,5.598154,-24.867016,-115.904262,-12.0841,-8.921635,-108.990552,11.965893
1782501561.022947,11.250275,rotate_to_60deg_about_tip,0.001872,28.859,5.60399,-24.866629,-115.904262,-12.084061,-8.916632,-108.990552,11.962871
1782501561.03296,11.260288,rotate_to_60deg_about_tip,0.001521,28.8485,5.608678,-24.86726,-115.904262,-12.084024,-8.912856,-108.990552,11.959985
1782501561.042959,11.270287,rotate_to_60deg_about_tip,0.001741,28.8385,5.613984,-24.866909,-115.904262,-12.083989,-8.908308,-108.990552,11.957235
1782501561.052851,11.280179,rotate_to_60deg_about_tip,0.002027,28.8275,5.619821,-24.866522,-115.904262,-12.08395,-8.903306,-108.990552,11.95421
1782501561.062895,11.290223,rotate_to_60deg_about_tip,0.001681,28.8165,5.624774,-24.867136,-115.904262,-12.083911,-8.899305,-108.990552,11.951184
1782501561.072901,11.300228,rotate_to_60deg_about_tip,0.001812,28.8105,5.627957,-24.866925,-115.904262,-12.08389,-8.896577,-108.990552,11.949532
1782501561.082898,11.310225,rotate_to_60deg_about_tip,0.0021,28.799,5.634059,-24.86652,-115.904262,-12.083849,-8.891349,-108.990552,11.946367
1782501561.092905,11.320233,rotate_to_60deg_about_tip,0.00176,28.7885,5.638747,-24.867151,-115.904262,-12.083812,-8.887577,-108.990552,11.943476
1782501561.102904,11.330232,rotate_to_60deg_about_tip,0.001343,28.7775,5.645053,-24.866765,-115.904262,-12.084774,-8.882577,-108.990552,11.939446
1782501561.112906,11.340233,rotate_to_60deg_about_tip,0.00088,28.766,5.650271,-24.86736,-115.904262,-12.084733,-8.878352,-108.990552,11.936278
1782501561.122977,11.350304,rotate_to_60deg_about_tip,0.001021,28.761,5.652924,-24.867184,-115.904262,-12.084716,-8.87608,-108.990552,11.9349
1782501561.132948,11.360275,rotate_to_60deg_about_tip,0.001217,28.7545,5.656373,-24.866956,-115.904262,-12.084693,-8.873126,-108.990552,11.933108
1782501561.142949,11.370277,rotate_to_60deg_about_tip,0.001522,28.745,5.661413,-24.866622,-115.904262,-12.08466,-8.86881,-108.990552,11.930489
1782501561.152951,11.380279,rotate_to_60deg_about_tip,0.001048,28.734,5.666367,-24.867235,-115.904262,-12.084622,-8.864813,-108.990552,11.927456
1782501561.162954,11.390282,rotate_to_60deg_about_tip,0.001353,28.7235,5.671938,-24.866866,-115.904262,-12.084585,-8.860044,-108.990552,11.924559
1782501561.172952,11.40028,rotate_to_60deg_about_tip,0.000958,28.7125,5.676891,-24.867479,-115.904262,-12.084547,-8.856048,-108.990552,11.921524
1782501561.182951,11.410279,rotate_to_60deg_about_tip,0.001242,28.701,5.682993,-24.867075,-115.904262,-12.084507,-8.850826,-108.990552,11.918349
1782501561.192955,11.420283,rotate_to_60deg_about_tip,0.001519,28.6915,5.688033,-24.866741,-115.904262,-12.084475,-8.846512,-108.990552,11.915726
1782501561.202951,11.430279,rotate_to_60deg_about_tip,0.001118,28.6805,5.692986,-24.867354,-115.904262,-12.084437,-8.842518,-108.990552,11.912688
1782501561.212954,11.440282,rotate_to_60deg_about_tip,0.001249,28.675,5.695904,-24.867161,-115.904262,-12.084418,-8.840021,-108.990552,11.911169
1782501561.222952,11.45028,rotate_to_60deg_about_tip,0.001581,28.663,5.702271,-24.866739,-115.904262,-12.084377,-8.834574,-108.990552,11.907853
1782501561.232953,11.460281,rotate_to_60deg_about_tip,0.001212,28.6515,5.70749,-24.867335,-115.904262,-12.084337,-8.830354,-108.990552,11.904674
1782501561.242948,11.470275,rotate_to_60deg_about_tip,0.00144,28.642,5.71253,-24.867001,-115.904262,-12.084305,-8.826043,-108.990552,11.902047
1782501561.252949,11.480277,rotate_to_60deg_about_tip,0.001718,28.632,5.717835,-24.866649,-115.904262,-12.08427,-8.821505,-108.990552,11.899281
1782501561.262951,11.490278,rotate_to_60deg_about_tip,0.001249,28.6255,5.720401,-24.86742,-115.904262,-12.084248,-8.819556,-108.990552,11.897483
1782501561.272949,11.500276,rotate_to_60deg_about_tip,0.001502,28.614,5.726503,-24.867016,-115.904262,-12.084209,-8.814338,-108.990552,11.8943
1782501561.28295,11.510277,rotate_to_60deg_about_tip,0.001797,28.603,5.732338,-24.866629,-115.904262,-12.084172,-8.809348,-108.990552,11.891255
1782501561.292943,11.52027,rotate_to_60deg_about_tip,0.001413,28.593,5.736761,-24.867277,-115.904262,-12.084138,-8.805812,-108.990552,11.888487
1782501561.302948,11.530275,rotate_to_60deg_about_tip,0.001691,28.581,5.743128,-24.866855,-115.904262,-12.084097,-8.80037,-108.990552,11.885163
1782501561.312951,11.540278,rotate_to_60deg_about_tip,0.001991,28.57,5.748964,-24.866469,-115.904262,-12.08406,-8.795381,-108.990552,11.882115
1782501561.322948,11.550276,rotate_to_60deg_about_tip,0.001602,28.5595,5.753652,-24.867099,-115.904262,-12.084024,-8.79162,-108.990552,11.879205
1782501561.332952,11.560279,rotate_to_60deg_about_tip,0.001705,28.555,5.756039,-24.866941,-115.904262,-12.084009,-8.78958,-108.990552,11.877957
1782501561.342951,11.570278,rotate_to_60deg_about_tip,0.001988,28.544,5.761875,-24.866554,-115.904262,-12.083972,-8.784593,-108.990552,11.874907
1782501561.35295,11.580278,rotate_to_60deg_about_tip,0.001644,28.533,5.766828,-24.867167,-115.904262,-12.083935,-8.780607,-108.990552,11.871856
1782501561.362954,11.590281,rotate_to_60deg_about_tip,0.001879,28.5225,5.772399,-24.866798,-115.904262,-12.0839,-8.775848,-108.990552,11.868943
1782501561.372947,11.600275,rotate_to_60deg_about_tip,0.002153,28.512,5.777969,-24.866429,-115.904262,-12.083865,-8.771089,-108.990552,11.866029
1782501561.382948,11.610276,rotate_to_60deg_about_tip,0.001057,28.5015,5.783129,-24.86706,-115.904262,-12.08483,-8.767331,-108.990552,11.862114
1782501561.392949,11.620277,rotate_to_60deg_about_tip,0.001401,28.491,5.788699,-24.86669,-115.904262,-12.084795,-8.762574,-108.990552,11.859198
1782501561.402948,11.630276,rotate_to_60deg_about_tip,0.000918,28.4795,5.793918,-24.867286,-115.904262,-12.084757,-8.758363,-108.990552,11.856003
1782501561.412951,11.640278,rotate_to_60deg_about_tip,0.001235,28.469,5.799488,-24.866916,-115.904262,-12.084722,-8.753607,-108.990552,11.853086
1782501561.42295,11.650277,rotate_to_60deg_about_tip,0.001428,28.463,5.802671,-24.866705,-115.904262,-12.084702,-8.750889,-108.990552,11.851418
1782501561.432947,11.660275,rotate_to_60deg_about_tip,0.001777,28.4525,5.808241,-24.866336,-115.904262,-12.084667,-8.746134,-108.990552,11.848499
1782501561.442945,11.670272,rotate_to_60deg_about_tip,0.001244,28.442,5.81293,-24.866967,-115.904262,-12.084633,-8.742379,-108.990552,11.845579
1782501561.45295,11.680278,rotate_to_60deg_about_tip,0.001573,28.4315,5.8185,-24.866597,-115.904262,-12.084598,-8.737624,-108.990552,11.842658
1782501561.46295,11.690278,rotate_to_60deg_about_tip,0.001121,28.42,5.823719,-24.867193,-115.904262,-12.08456,-8.733418,-108.990552,11.839458
1782501561.472899,11.700227,rotate_to_60deg_about_tip,0.001422,28.4095,5.829289,-24.866824,-115.904262,-12.084526,-8.728664,-108.990552,11.836536
1782501561.482923,11.71025,rotate_to_60deg_about_tip,0.001607,28.4035,5.832472,-24.866612,-115.904262,-12.084506,-8.725948,-108.990552,11.834865
1782501561.492939,11.720266,rotate_to_60deg_about_tip,0.001142,28.3935,5.836895,-24.867261,-115.904262,-12.084473,-8.722422,-108.990552,11.832081
1782501561.502903,11.730231,rotate_to_60deg_about_tip,0.001467,28.3815,5.843261,-24.866839,-115.904262,-12.084434,-8.716991,-108.990552,11.828738
1782501561.512902,11.74023,rotate_to_60deg_about_tip,0.001739,28.3725,5.848035,-24.866522,-115.904262,-12.084405,-8.712918,-108.990552,11.82623
1782501561.522901,11.750229,rotate_to_60deg_about_tip,0.001303,28.3615,5.852989,-24.867135,-115.904262,-12.084369,-8.708941,-108.990552,11.823164
1782501561.532911,11.760239,rotate_to_60deg_about_tip,0.001587,28.351,5.858559,-24.866766,-115.904262,-12.084335,-8.704191,-108.990552,11.820237
1782501561.542975,11.770302,rotate_to_60deg_about_tip,0.001901,28.3405,5.864129,-24.866396,-115.904262,-12.084301,-8.699441,-108.990552,11.817308
1782501561.552962,11.78029,rotate_to_60deg_about_tip,0.001318,28.3355,5.8659,-24.86722,-115.904262,-12.084285,-8.698179,-108.990552,11.815914
1782501561.56295,11.790278,rotate_to_60deg_about_tip,0.001582,28.325,5.87147,-24.866851,-115.904262,-12.084251,-8.69343,-108.990552,11.812984
1782501561.572945,11.800273,rotate_to_60deg_about_tip,0.001911,28.3135,5.87757,-24.866446,-115.904262,-12.084214,-8.688229,-108.990552,11.809774
1782501561.582949,11.810276,rotate_to_60deg_about_tip,0.001375,28.308,5.879606,-24.867253,-115.904262,-12.084196,-8.686742,-108.990552,11.808239
1782501561.592849,11.820176,rotate_to_60deg_about_tip,0.00165,28.2965,5.885706,-24.866848,-115.904262,-12.084159,-8.681543,-108.990552,11.805028
1782501561.602945,11.830272,rotate_to_60deg_about_tip,0.00197,28.285,5.891807,-24.866444,-115.904262,-12.084122,-8.676343,-108.990552,11.801816
1782501561.612962,11.84029,rotate_to_60deg_about_tip,0.001586,28.2735,5.897026,-24.867039,-115.904262,-12.084086,-8.672145,-108.990552,11.798602
1782501561.622949,11.850276,rotate_to_60deg_about_tip,0.00185,28.263,5.902595,-24.86667,-115.904262,-12.084052,-8.667399,-108.990552,11.795668
1782501561.632944,11.860272,rotate_to_60deg_about_tip,0.001988,28.258,5.905247,-24.866494,-115.904262,-12.084036,-8.665139,-108.990552,11.79427
1782501561.642948,11.870276,rotate_to_60deg_about_tip,0.001597,28.248,5.909671,-24.867142,-115.904262,-12.084004,-8.66162,-108.990552,11.791474
1782501561.652947,11.880275,rotate_to_60deg_about_tip,0.001866,28.2365,5.915771,-24.866737,-115.904262,-12.083968,-8.656424,-108.990552,11.788257
1782501561.662955,11.890283,rotate_to_60deg_about_tip,0.001573,28.225,5.92099,-24.867332,-115.904262,-12.083931,-8.652228,-108.990552,11.785039
1782501561.672951,11.900279,rotate_to_60deg_about_tip,0.001783,28.2145,5.926559,-24.866963,-115.904262,-12.083898,-8.647484,-108.990552,11.7821
1782501561.682951,11.910279,rotate_to_60deg_about_tip,0.002052,28.2035,5.932394,-24.866576,-115.904262,-12.083864,-8.642516,-108.990552,11.779021
1782501561.692949,11.920277,rotate_to_60deg_about_tip,0.000772,28.1985,5.934639,-24.8674,-115.904262,-12.084848,-8.641257,-108.990552,11.776621
1782501561.702949,11.930276,rotate_to_60deg_about_tip,0.001122,28.187,5.940739,-24.866995,-115.904262,-12.084812,-8.636064,-108.990552,11.7734
1782501561.712953,11.94028,rotate_to_60deg_about_tip,0.001467,28.1765,5.946308,-24.866626,-115.904262,-12.084779,-8.631322,-108.990552,11.770458
1782501561.722959,11.950286,rotate_to_60deg_about_tip,0.000947,28.166,5.950997,-24.867256,-115.904262,-12.084746,-8.627581,-108.990552,11.767515
1782501561.732849,11.960176,rotate_to_60deg_about_tip,0.001281,28.155,5.956832,-24.866869,-115.904262,-12.084711,-8.622615,-108.990552,11.764431
1782501561.742942,11.97027,rotate_to_60deg_about_tip,0.001673,28.143,5.963197,-24.866447,-115.904262,-12.084674,-8.617198,-108.990552,11.761066
1782501561.752947,11.980275,rotate_to_60deg_about_tip,0.001151,28.1325,5.967886,-24.867077,-115.904262,-12.084641,-8.613459,-108.990552,11.75812
1782501561.762891,11.990219,rotate_to_60deg_about_tip,0.001472,28.122,5.973455,-24.866708,-115.904262,-12.084609,-8.608721,-108.990552,11.755174
1782501561.772949,12.000276,rotate_to_60deg_about_tip,0.001633,28.117,5.976107,-24.866532,-115.904262,-12.084593,-8.606464,-108.990552,11.75377
1782501561.782943,12.010271,rotate_to_60deg_about_tip,0.001142,28.1065,5.980796,-24.867162,-115.904262,-12.084561,-8.602726,-108.990552,11.750823
1782501561.792944,12.020272,rotate_to_60deg_about_tip,0.001507,28.094,5.987426,-24.866722,-115.904262,-12.084522,-8.597087,-108.990552,11.747312
1782501561.802953,12.030281,rotate_to_60deg_about_tip,0.001063,28.084,5.991849,-24.867371,-115.904262,-12.084491,-8.593576,-108.990552,11.744503
1782501561.812952,12.040279,rotate_to_60deg_about_tip,0.001315,28.074,5.997153,-24.867019,-115.904262,-12.084461,-8.589065,-108.990552,11.741693
1782501561.822948,12.050276,rotate_to_60deg_about_tip,0.001606,28.064,6.002457,-24.866667,-115.904262,-12.08443,-8.584555,-108.990552,11.738883
1782501561.832954,12.060282,rotate_to_60deg_about_tip,0.001193,28.053,6.007411,-24.867279,-115.904262,-12.084396,-8.580594,-108.990552,11.73579
1782501561.842984,12.070312,rotate_to_60deg_about_tip,0.001474,28.042,6.013245,-24.866892,-115.904262,-12.084363,-8.575634,-108.990552,11.732696
1782501561.852949,12.080276,rotate_to_60deg_about_tip,0.00178,28.0315,6.018814,-24.866523,-115.904262,-12.084331,-8.5709,-108.990552,11.729742
1782501561.86296,12.090287,rotate_to_60deg_about_tip,0.001358,28.0205,6.023768,-24.867136,-115.904262,-12.084297,-8.566941,-108.990552,11.726647
1782501561.872901,12.100229,rotate_to_60deg_about_tip,0.001605,28.011,6.028807,-24.866801,-115.904262,-12.084268,-8.562659,-108.990552,11.723973
1782501561.882903,12.11023,rotate_to_60deg_about_tip,0.001718,28.007,6.030928,-24.86666,-115.904262,-12.084256,-8.560856,-108.990552,11.722846
1782501561.892909,12.120237,rotate_to_60deg_about_tip,0.001363,27.995,6.036413,-24.867238,-115.904262,-12.08422,-8.556448,-108.990552,11.719467
1782501561.902903,12.13023,rotate_to_60deg_about_tip,0.001628,27.984,6.042247,-24.866851,-115.904262,-12.084187,-8.551491,-108.990552,11.716369
1782501561.912903,12.14023,rotate_to_60deg_about_tip,0.00195,27.9725,6.048346,-24.866446,-115.904262,-12.084152,-8.54631,-108.990552,11.713128
1782501561.922911,12.150238,rotate_to_60deg_about_tip,0.001559,27.961,6.053565,-24.867041,-115.904262,-12.084117,-8.542129,-108.990552,11.709886
1782501561.933041,12.160368,rotate_to_60deg_about_tip,0.001798,27.9515,6.058604,-24.866707,-115.904262,-12.084089,-8.537849,-108.990552,11.707208
1782501561.942949,12.170276,rotate_to_60deg_about_tip,0.001798,27.9515,6.058604,-24.866707,-115.904262,-12.084089,-8.537849,-108.990552,11.707208
1782501561.952948,12.180275,rotate_to_60deg_about_tip,0.002123,27.94,6.064703,-24.866302,-115.904262,-12.084054,-8.53267,-108.990552,11.703964
1782501561.962947,12.190274,rotate_to_60deg_about_tip,0.001712,27.929,6.069657,-24.866915,-115.904262,-12.084022,-8.528716,-108.990552,11.700861
1782501561.972947,12.200275,rotate_to_60deg_about_tip,0.001996,27.918,6.075491,-24.866527,-115.904262,-12.083989,-8.523763,-108.990552,11.697757
1782501561.982946,12.210273,rotate_to_60deg_about_tip,0.001629,27.9075,6.08018,-24.867158,-115.904262,-12.083958,-8.520035,-108.990552,11.694792
1782501561.992948,12.220276,rotate_to_60deg_about_tip,0.001865,27.897,6.085748,-24.866788,-115.904262,-12.083926,-8.515308,-108.990552,11.691827
1782501562.002949,12.230277,rotate_to_60deg_about_tip,0.002167,27.8855,6.091847,-24.866383,-115.904262,-12.083892,-8.510131,-108.990552,11.688579
1782501562.012956,12.240283,rotate_to_60deg_about_tip,0.001765,27.876,6.096006,-24.867049,-115.904262,-12.083864,-8.506855,-108.990552,11.685895
1782501562.02295,12.250278,rotate_to_60deg_about_tip,0.001886,27.8705,6.098922,-24.866855,-115.904262,-12.083848,-8.50438,-108.990552,11.68434
1782501562.032952,12.26028,rotate_to_60deg_about_tip,0.002187,27.8585,6.105286,-24.866433,-115.904262,-12.083813,-8.49898,-108.990552,11.680948
1782501562.042953,12.270281,rotate_to_60deg_about_tip,0.001809,27.849,6.109445,-24.867098,-115.904262,-12.083785,-8.495705,-108.990552,11.678262
1782501562.052947,12.280275,rotate_to_60deg_about_tip,0.001433,27.837,6.116285,-24.866676,-115.904262,-12.08475,-8.490307,-108.990552,11.673868
1782501562.062947,12.290274,rotate_to_60deg_about_tip,0.001768,27.827,6.121588,-24.866324,-115.904262,-12.08472,-8.485808,-108.990552,11.671038
1782501562.072947,12.300274,rotate_to_60deg_about_tip,0.001221,27.8165,6.126278,-24.866954,-115.904262,-12.08469,-8.482085,-108.990552,11.668067
1782501562.082951,12.310279,rotate_to_60deg_about_tip,0.001588,27.805,6.132376,-24.866549,-115.904262,-12.084656,-8.476913,-108.990552,11.664811
1782501562.09295,12.320277,rotate_to_60deg_about_tip,0.001903,27.7955,6.137414,-24.866215,-115.904262,-12.084629,-8.472641,-108.990552,11.662121
1782501562.102946,12.330273,rotate_to_60deg_about_tip,0.001347,27.7855,6.141838,-24.866863,-115.904262,-12.0846,-8.469145,-108.990552,11.659288
1782501562.112949,12.340276,rotate_to_60deg_about_tip,0.001711,27.774,6.147937,-24.866458,-115.904262,-12.084567,-8.463974,-108.990552,11.65603
1782501562.122948,12.350276,rotate_to_60deg_about_tip,0.001185,27.7645,6.152096,-24.867123,-115.904262,-12.084539,-8.460704,-108.990552,11.653337
1782501562.132948,12.360276,rotate_to_60deg_about_tip,0.001355,27.7585,6.155277,-24.866912,-115.904262,-12.084522,-8.458007,-108.990552,11.651636
1782501562.142953,12.370281,rotate_to_60deg_about_tip,0.001643,27.749,6.160315,-24.866577,-115.904262,-12.084495,-8.453737,-108.990552,11.648943
1782501562.152949,12.380277,rotate_to_60deg_about_tip,0.001234,27.7365,6.166065,-24.867137,-115.904262,-12.084459,-8.449119,-108.990552,11.645397
1782501562.162889,12.390216,rotate_to_60deg_about_tip,0.001511,27.7265,6.171368,-24.866785,-115.904262,-12.08443,-8.444626,-108.990552,11.64256
1782501562.17295,12.400277,rotate_to_60deg_about_tip,0.001784,27.7175,6.17614,-24.866468,-115.904262,-12.084404,-8.440582,-108.990552,11.640006
1782501562.182951,12.410279,rotate_to_60deg_about_tip,0.001361,27.7055,6.181625,-24.867046,-115.904262,-12.08437,-8.436191,-108.990552,11.636599
1782501562.192943,12.420271,rotate_to_60deg_about_tip,0.001682,27.694,6.187723,-24.866641,-115.904262,-12.084337,-8.431025,-108.990552,11.633334
1782501562.202948,12.430276,rotate_to_60deg_about_tip,0.001832,27.689,6.190375,-24.866465,-115.904262,-12.084323,-8.428779,-108.990552,11.631913
1782501562.212947,12.440275,rotate_to_60deg_about_tip,0.001411,27.6775,6.195594,-24.86706,-115.904262,-12.084291,-8.424615,-108.990552,11.628646
1782501562.222951,12.450279,rotate_to_60deg_about_tip,0.001707,27.6665,6.201427,-24.866672,-115.904262,-12.08426,-8.419675,-108.990552,11.62552
1782501562.232958,12.460286,rotate_to_60deg_about_tip,0.001321,27.656,6.206116,-24.867302,-115.904262,-12.08423,-8.41596,-108.990552,11.622535
1782501562.242951,12.470279,rotate_to_60deg_about_tip,0.001575,27.645,6.211949,-24.866915,-115.904262,-12.084199,-8.411022,-108.990552,11.619407
1782501562.25296,12.480288,rotate_to_60deg_about_tip,0.00189,27.6335,6.218047,-24.86651,-115.904262,-12.084167,-8.40586,-108.990552,11.616136
1782501562.26289,12.490218,rotate_to_60deg_about_tip,0.001474,27.6235,6.222471,-24.867158,-115.904262,-12.084139,-8.402371,-108.990552,11.613291
1782501562.272949,12.500277,rotate_to_60deg_about_tip,0.001601,27.618,6.225388,-24.866964,-115.904262,-12.084124,-8.399903,-108.990552,11.611726
1782501562.282903,12.510231,rotate_to_60deg_about_tip,0.001861,27.608,6.23069,-24.866612,-115.904262,-12.084096,-8.395415,-108.990552,11.608879
1782501562.292905,12.520232,rotate_to_60deg_about_tip,0.001513,27.5965,6.23591,-24.867207,-115.904262,-12.084064,-8.391255,-108.990552,11.605605
1782501562.302907,12.530235,rotate_to_60deg_about_tip,0.001763,27.5855,6.241743,-24.86682,-115.904262,-12.084033,-8.38632,-108.990552,11.602472
1782501562.3129,12.540228,rotate_to_60deg_about_tip,0.002029,27.5755,6.247045,-24.866467,-115.904262,-12.084005,-8.381834,-108.990552,11.599623
1782501562.322849,12.550176,rotate_to_60deg_about_tip,0.001676,27.5635,6.25253,-24.867045,-115.904262,-12.083972,-8.377451,-108.990552,11.596203
1782501562.332952,12.560279,rotate_to_60deg_about_tip,0.001888,27.5545,6.257302,-24.866728,-115.904262,-12.083947,-8.373415,-108.990552,11.593637
1782501562.342947,12.570274,rotate_to_60deg_about_tip,0.002031,27.549,6.260218,-24.866534,-115.904262,-12.083932,-8.370948,-108.990552,11.592069
1782501562.352947,12.580275,rotate_to_60deg_about_tip,0.001663,27.539,6.264642,-24.867182,-115.904262,-12.083905,-8.367464,-108.990552,11.589217
1782501562.36289,12.590218,rotate_to_60deg_about_tip,0.001889,27.5285,6.27021,-24.866812,-115.904262,-12.083876,-8.362756,-108.990552,11.586221
1782501562.372948,12.600276,rotate_to_60deg_about_tip,0.002156,27.518,6.275777,-24.866442,-115.904262,-12.083847,-8.358049,-108.990552,11.583225
1782501562.382949,12.610277,rotate_to_60deg_about_tip,0.00169,27.513,6.27755,-24.867266,-115.904262,-12.083834,-8.356807,-108.990552,11.581798
1782501562.392952,12.620279,rotate_to_60deg_about_tip,0.00192,27.5015,6.283648,-24.866861,-115.904262,-12.083802,-8.351653,-108.990552,11.578515
1782501562.40295,12.630277,rotate_to_60deg_about_tip,0.002136,27.4925,6.28842,-24.866544,-115.904262,-12.083778,-8.347619,-108.990552,11.575945
1782501562.41295,12.640277,rotate_to_60deg_about_tip,0.001805,27.482,6.293109,-24.867174,-115.904262,-12.083749,-8.343914,-108.990552,11.572946
1782501562.422949,12.650277,rotate_to_60deg_about_tip,0.00203,27.471,6.298941,-24.866786,-115.904262,-12.08372,-8.338985,-108.990552,11.569803
1782501562.43295,12.660278,rotate_to_60deg_about_tip,0.002286,27.4605,6.304508,-24.866417,-115.904262,-12.083691,-8.33428,-108.990552,11.566802
1782501562.442946,12.670273,rotate_to_60deg_about_tip,0.001147,27.4505,6.309412,-24.867064,-115.904262,-12.084664,-8.3308,-108.990552,11.562943
1782501562.452959,12.680286,rotate_to_60deg_about_tip,0.001486,27.4395,6.315244,-24.866677,-115.904262,-12.084635,-8.325873,-108.990552,11.559798
1782501562.462893,12.690221,rotate_to_60deg_about_tip,0.00101,27.429,6.319934,-24.867307,-115.904262,-12.084607,-8.322171,-108.990552,11.556794
1782501562.472948,12.700276,rotate_to_60deg_about_tip,0.00117,27.423,6.323115,-24.867096,-115.904262,-12.084591,-8.319484,-108.990552,11.555077
1782501562.482946,12.710274,rotate_to_60deg_about_tip,0.001497,27.412,6.328947,-24.866708,-115.904262,-12.084561,-8.314558,-108.990552,11.551929
1782501562.492959,12.720287,rotate_to_60deg_about_tip,0.001799,27.4025,6.333984,-24.866373,-115.904262,-12.084536,-8.310304,-108.990552,11.54921
1782501562.502948,12.730275,rotate_to_60deg_about_tip,0.001322,27.391,6.339204,-24.866968,-115.904262,-12.084506,-8.306156,-108.990552,11.545917
1782501562.512955,12.740283,rotate_to_60deg_about_tip,0.00165,27.38,6.345036,-24.866581,-115.904262,-12.084476,-8.301232,-108.990552,11.542766
1782501562.522953,12.75028,rotate_to_60deg_about_tip,0.001157,27.371,6.34893,-24.867264,-115.904262,-12.084453,-8.298204,-108.990552,11.540188
1782501562.532951,12.760278,rotate_to_60deg_about_tip,0.001417,27.361,6.354232,-24.866911,-115.904262,-12.084426,-8.293728,-108.990552,11.537322
1782501562.542852,12.77018,rotate_to_60deg_about_tip,0.001726,27.3505,6.359798,-24.866541,-115.904262,-12.084399,-8.28903,-108.990552,11.534312
1782501562.552845,12.780173,rotate_to_60deg_about_tip,0.00129,27.3395,6.364753,-24.867154,-115.904262,-12.08437,-8.285108,-108.990552,11.531158
1782501562.562949,12.790277,rotate_to_60deg_about_tip,0.001444,27.3335,6.367934,-24.866943,-115.904262,-12.084354,-8.282424,-108.990552,11.529437
1782501562.572957,12.800284,rotate_to_60deg_about_tip,0.001742,27.323,6.373501,-24.866573,-115.904262,-12.084327,-8.277727,-108.990552,11.526425
1782501562.58296,12.810287,rotate_to_60deg_about_tip,0.001339,27.3115,6.378721,-24.867167,-115.904262,-12.084297,-8.273583,-108.990552,11.523124
1782501562.592965,12.820292,rotate_to_60deg_about_tip,0.001635,27.3,6.384817,-24.866762,-115.904262,-12.084267,-8.26844,-108.990552,11.519823
1782501562.602945,12.830273,rotate_to_60deg_about_tip,0.001954,27.289,6.390649,-24.866375,-115.904262,-12.084238,-8.263521,-108.990552,11.516665
1782501562.612964,12.840292,rotate_to_60deg_about_tip,0.001532,27.2775,6.395869,-24.866969,-115.904262,-12.084209,-8.259379,-108.990552,11.513362
1782501562.622948,12.850276,rotate_to_60deg_about_tip,0.001661,27.2725,6.39852,-24.866793,-115.904262,-12.084196,-8.257144,-108.990552,11.511925
1782501562.63296,12.860287,rotate_to_60deg_about_tip,0.001987,27.261,6.404616,-24.866388,-115.904262,-12.084166,-8.252003,-108.990552,11.508621
1782501562.642946,12.870273,rotate_to_60deg_about_tip,0.001555,27.2505,6.409306,-24.867018,-115.904262,-12.084139,-8.248309,-108.990552,11.505602
1782501562.652945,12.880273,rotate_to_60deg_about_tip,0.001824,27.24,6.414872,-24.866648,-115.904262,-12.084112,-8.243617,-108.990552,11.502583
1782501562.662944,12.890272,rotate_to_60deg_about_tip,0.002138,27.229,6.420704,-24.866261,-115.904262,-12.084084,-8.238701,-108.990552,11.49942
1782501562.672903,12.90023,rotate_to_60deg_about_tip,0.001723,27.2175,6.425923,-24.866855,-115.904262,-12.084055,-8.234563,-108.990552,11.496111
1782501562.682902,12.910229,rotate_to_60deg_about_tip,0.001851,27.2125,6.428574,-24.866679,-115.904262,-12.084042,-8.232329,-108.990552,11.494672
1782501562.692902,12.920229,rotate_to_60deg_about_tip,0.002171,27.201,6.43467,-24.866274,-115.904262,-12.084013,-8.227191,-108.990552,11.491362
1782501562.7029,12.930228,rotate_to_60deg_about_tip,0.001758,27.19,6.439625,-24.866886,-115.904262,-12.083985,-8.223278,-108.990552,11.488195
1782501562.7129,12.940228,rotate_to_60deg_about_tip,0.002025,27.1795,6.445191,-24.866516,-115.904262,-12.083958,-8.218588,-108.990552,11.485171
1782501562.722935,12.950262,rotate_to_60deg_about_tip,0.001697,27.167,6.450941,-24.867076,-115.904262,-12.083927,-8.214006,-108.990552,11.48157
1782501562.733049,12.960377,rotate_to_60deg_about_tip,0.001913,27.1575,6.455977,-24.866741,-115.904262,-12.083903,-8.209764,-108.990552,11.478833
1782501562.742946,12.970274,rotate_to_60deg_about_tip,0.002066,27.1515,6.459158,-24.86653,-115.904262,-12.083888,-8.207086,-108.990552,11.477103
1782501562.752959,12.980287,rotate_to_60deg_about_tip,0.002187,27.147,6.461543,-24.866371,-115.904262,-12.083877,-8.205077,-108.990552,11.475806
1782501562.762947,12.990274,rotate_to_60deg_about_tip,0.001812,27.136,6.466498,-24.866983,-115.904262,-12.083849,-8.201166,-108.990552,11.472634
1782501562.772847,13.000175,rotate_to_60deg_about_tip,0.002057,27.1255,6.472064,-24.866613,-115.904262,-12.083823,-8.196479,-108.990552,11.469606
1782501562.782944,13.010272,rotate_to_60deg_about_tip,0.001716,27.116,6.476224,-24.867279,-115.904262,-12.083799,-8.193239,-108.990552,11.466865
1782501562.792949,13.020277,rotate_to_60deg_about_tip,0.001928,27.105,6.482055,-24.866891,-115.904262,-12.083772,-8.188331,-108.990552,11.463691
1782501562.802949,13.030276,rotate_to_60deg_about_tip,0.002175,27.0945,6.487621,-24.866521,-115.904262,-12.083746,-8.183646,-108.990552,11.46066
1782501562.812948,13.040275,rotate_to_60deg_about_tip,0.001833,27.0845,6.492045,-24.867168,-115.904262,-12.083722,-8.180184,-108.990552,11.457772
1782501562.822948,13.050275,rotate_to_60deg_about_tip,0.002088,27.072,6.498671,-24.866728,-115.904262,-12.083691,-8.174608,-108.990552,11.454162
1782501562.832947,13.060275,rotate_to_60deg_about_tip,0.002346,27.0615,6.504237,-24.866358,-115.904262,-12.083665,-8.169925,-108.990552,11.451128
1782501562.842949,13.070277,rotate_to_60deg_about_tip,0.00197,27.052,6.508397,-24.867023,-115.904262,-12.083642,-8.166688,-108.990552,11.448383
1782501562.852945,13.080272,rotate_to_60deg_about_tip,0.002103,27.0455,6.511842,-24.866794,-115.904262,-12.083626,-8.163789,-108.990552,11.446504
1782501562.86295,13.090278,rotate_to_60deg_about_tip,0.002337,27.0355,6.517143,-24.866441,-115.904262,-12.083602,-8.15933,-108.990552,11.443613
1782501562.87295,13.100278,rotate_to_60deg_about_tip,0.00124,27.0235,6.52311,-24.867018,-115.904262,-12.084572,-8.15498,-108.990552,11.439142
1782501562.882957,13.110285,rotate_to_60deg_about_tip,0.001555,27.013,6.528676,-24.866648,-115.904262,-12.084547,-8.1503,-108.990552,11.436105
1782501562.892894,13.120222,rotate_to_60deg_about_tip,0.001777,27.006,6.532386,-24.866402,-115.904262,-12.08453,-8.147179,-108.990552,11.434079
1782501562.902942,13.13027,rotate_to_60deg_about_tip,0.001275,26.9955,6.537076,-24.867032,-115.904262,-12.084505,-8.1435,-108.990552,11.43104
1782501562.912945,13.140272,rotate_to_60deg_about_tip,0.001597,26.9845,6.542907,-24.866644,-115.904262,-12.084478,-8.138597,-108.990552,11.427856
1782501562.922953,13.15028,rotate_to_60deg_about_tip,0.001128,26.975,6.547067,-24.867309,-115.904262,-12.084455,-8.135364,-108.990552,11.425104
1782501562.932956,13.160283,rotate_to_60deg_about_tip,0.001394,26.9645,6.552632,-24.866939,-115.904262,-12.08443,-8.130686,-108.990552,11.422063
1782501562.94295,13.170277,rotate_to_60deg_about_tip,0.001684,26.9545,6.557933,-24.866586,-115.904262,-12.084406,-8.126231,-108.990552,11.419165
1782501562.95295,13.180277,rotate_to_60deg_about_tip,0.001242,26.944,6.562623,-24.867216,-115.904262,-12.084381,-8.122554,-108.990552,11.416122
1782501562.962852,13.19018,rotate_to_60deg_about_tip,0.00154,26.9325,6.568718,-24.866811,-115.904262,-12.084354,-8.117432,-108.990552,11.412788
1782501562.972946,13.200274,rotate_to_60deg_about_tip,0.001803,26.9235,6.573488,-24.866494,-115.904262,-12.084333,-8.113424,-108.990552,11.410178
1782501562.982958,13.210286,rotate_to_60deg_about_tip,0.001381,26.912,6.578708,-24.867088,-115.904262,-12.084306,-8.109304,-108.990552,11.406842
1782501562.992945,13.220272,rotate_to_60deg_about_tip,0.001672,26.901,6.584539,-24.866701,-115.904262,-12.08428,-8.104406,-108.990552,11.40365
1782501563.002948,13.230275,rotate_to_60deg_about_tip,0.001921,26.8925,6.589044,-24.866401,-115.904262,-12.08426,-8.100622,-108.990552,11.401183
1782501563.01295,13.240278,rotate_to_60deg_about_tip,0.001497,26.881,6.594264,-24.866996,-115.904262,-12.084233,-8.096503,-108.990552,11.397845
1782501563.022947,13.250275,rotate_to_60deg_about_tip,0.001638,26.8755,6.597179,-24.866802,-115.904262,-12.08422,-8.094055,-108.990552,11.396248
1782501563.032957,13.260284,rotate_to_60deg_about_tip,0.001949,26.8645,6.603009,-24.866414,-115.904262,-12.084194,-8.08916,-108.990552,11.393053
1782501563.04286,13.270187,rotate_to_60deg_about_tip,0.001492,26.855,6.607169,-24.867079,-115.904262,-12.084172,-8.085933,-108.990552,11.390293
1782501563.052849,13.280177,rotate_to_60deg_about_tip,0.001742,26.845,6.612469,-24.866726,-115.904262,-12.084149,-8.081483,-108.990552,11.387387
1782501563.062947,13.290275,rotate_to_60deg_about_tip,0.001434,26.832,6.618484,-24.867268,-115.904262,-12.084119,-8.0767,-108.990552,11.383608
1782501563.072947,13.300275,rotate_to_60deg_about_tip,0.001629,26.823,6.623254,-24.866951,-115.904262,-12.084098,-8.072697,-108.990552,11.380991
1782501563.082952,13.310279,rotate_to_60deg_about_tip,0.001926,26.8115,6.629349,-24.866545,-115.904262,-12.084072,-8.067582,-108.990552,11.377646
1782501563.092955,13.320283,rotate_to_60deg_about_tip,0.001458,26.8055,6.631654,-24.867334,-115.904262,-12.084058,-8.065913,-108.990552,11.3759
1782501563.102911,13.330238,rotate_to_60deg_about_tip,0.001707,26.7935,6.638014,-24.866911,-115.904262,-12.084031,-8.060577,-108.990552,11.372408
1782501563.112902,13.340229,rotate_to_60deg_about_tip,0.001974,26.783,6.643578,-24.866541,-115.904262,-12.084007,-8.055909,-108.990552,11.369352
1782501563.122902,13.350229,rotate_to_60deg_about_tip,0.001631,26.771,6.649063,-24.867118,-115.904262,-12.083979,-8.051574,-108.990552,11.365858
1782501563.132903,13.36023,rotate_to_60deg_about_tip,0.001832,26.762,6.653833,-24.8668,-115.904262,-12.083959,-8.047573,-108.990552,11.363237
1782501563.143014,13.370342,rotate_to_60deg_about_tip,0.00209,26.752,6.659133,-24.866448,-115.904262,-12.083936,-8.043129,-108.990552,11.360324
1782501563.152947,13.380274,rotate_to_60deg_about_tip,0.003193,26.7405,6.661703,-24.869264,-115.904262,-12.082453,-8.04124,-108.990552,11.358429
1782501563.162948,13.390276,rotate_to_60deg_about_tip,0.001827,26.736,6.666738,-24.866884,-115.904262,-12.0839,-8.037019,-108.990552,11.355661
1782501563.172949,13.400277,rotate_to_60deg_about_tip,0.001995,26.729,6.670447,-24.866637,-115.904262,-12.083885,-8.033908,-108.990552,11.35362
1782501563.182951,13.410279,rotate_to_60deg_about_tip,0.001682,26.7175,6.675667,-24.867231,-115.904262,-12.083859,-8.029799,-108.990552,11.350267
1782501563.192947,13.420274,rotate_to_60deg_about_tip,0.001893,26.707,6.681232,-24.866861,-115.904262,-12.083835,-8.025134,-108.990552,11.347204
1782501563.202952,13.43028,rotate_to_60deg_about_tip,0.002186,26.695,6.687591,-24.866438,-115.904262,-12.083809,-8.019804,-108.990552,11.343703
1782501563.212948,13.440275,rotate_to_60deg_about_tip,0.001708,26.691,6.688837,-24.867297,-115.904262,-12.0838,-8.019028,-108.990552,11.342536
1782501563.222961,13.450289,rotate_to_60deg_about_tip,0.001947,26.6785,6.695461,-24.866856,-115.904262,-12.083772,-8.013477,-108.990552,11.338887
1782501563.232944,13.460272,rotate_to_60deg_about_tip,0.002235,26.6665,6.70182,-24.866433,-115.904262,-12.083745,-8.008148,-108.990552,11.335384
1782501563.242946,13.470274,rotate_to_60deg_about_tip,0.001853,26.6575,6.705715,-24.867116,-115.904262,-12.083726,-8.005152,-108.990552,11.332755
1782501563.252948,13.480276,rotate_to_60deg_about_tip,0.002079,26.6465,6.711545,-24.866728,-115.904262,-12.083701,-8.000269,-108.990552,11.329542
1782501563.262948,13.490276,rotate_to_60deg_about_tip,0.002349,26.6355,6.717374,-24.86634,-115.904262,-12.083677,-7.995387,-108.990552,11.326327
1782501563.272952,13.500279,rotate_to_60deg_about_tip,0.001902,26.6295,6.719679,-24.867128,-115.904262,-12.083664,-7.993724,-108.990552,11.324573
1782501563.282953,13.510281,rotate_to_60deg_about_tip,0.002133,26.618,6.725773,-24.866723,-115.904262,-12.083639,-7.98862,-108.990552,11.321211
1782501563.292951,13.520278,rotate_to_60deg_about_tip,0.002385,26.6075,6.731338,-24.866353,-115.904262,-12.083616,-7.983961,-108.990552,11.318141
1782501563.302959,13.530287,rotate_to_60deg_about_tip,0.002042,26.5965,6.736293,-24.866965,-115.904262,-12.083592,-7.980081,-108.990552,11.314923
1782501563.31296,13.540287,rotate_to_60deg_about_tip,0.002253,26.5865,6.741592,-24.866612,-115.904262,-12.083571,-7.975644,-108.990552,11.311997
1782501563.322948,13.550275,rotate_to_60deg_about_tip,0.001969,26.5755,6.746547,-24.867224,-115.904262,-12.083547,-7.971765,-108.990552,11.308777
1782501563.332949,13.560277,rotate_to_60deg_about_tip,0.001399,26.565,6.752597,-24.866854,-115.904262,-12.084525,-7.967108,-108.990552,11.304703
1782501563.342948,13.570276,rotate_to_60deg_about_tip,0.001704,26.555,6.757896,-24.866501,-115.904262,-12.084503,-7.962674,-108.990552,11.301775
1782501563.352945,13.580273,rotate_to_60deg_about_tip,0.001234,26.544,6.762851,-24.867114,-115.904262,-12.08448,-7.958796,-108.990552,11.298552
1782501563.362948,13.590276,rotate_to_60deg_about_tip,0.001355,26.5395,6.765236,-24.866955,-115.904262,-12.08447,-7.956801,-108.990552,11.297234
1782501563.372947,13.600275,rotate_to_60deg_about_tip,0.001724,26.527,6.771859,-24.866514,-115.904262,-12.084444,-7.95126,-108.990552,11.293571
1782501563.382959,13.610286,rotate_to_60deg_about_tip,0.001245,26.517,6.776285,-24.867161,-115.904262,-12.084422,-7.947827,-108.990552,11.290639
1782501563.392944,13.620271,rotate_to_60deg_about_tip,0.001568,26.505,6.782643,-24.866738,-115.904262,-12.084397,-7.942509,-108.990552,11.28712
1782501563.402949,13.630276,rotate_to_60deg_about_tip,0.001133,26.496,6.786539,-24.867421,-115.904262,-12.084378,-7.93952,-108.990552,11.284481
1782501563.412951,13.640279,rotate_to_60deg_about_tip,0.00138,26.485,6.792368,-24.867033,-115.904262,-12.084355,-7.934646,-108.990552,11.281253
1782501563.422953,13.65028,rotate_to_60deg_about_tip,0.001711,26.473,6.798726,-24.86661,-115.904262,-12.08433,-7.92933,-108.990552,11.277732
1782501563.432954,13.660281,rotate_to_60deg_about_tip,0.001171,26.4685,6.800237,-24.867451,-115.904262,-12.084321,-7.928336,-108.990552,11.276411
1782501563.442858,13.670186,rotate_to_60deg_about_tip,0.001392,26.458,6.805801,-24.867081,-115.904262,-12.084299,-7.923685,-108.990552,11.273328
1782501563.452944,13.680272,rotate_to_60deg_about_tip,0.001681,26.447,6.811629,-24.866693,-115.904262,-12.084276,-7.918813,-108.990552,11.270097
1782501563.46295,13.690278,rotate_to_60deg_about_tip,0.00131,26.4355,6.816849,-24.867287,-115.904262,-12.084252,-7.91472,-108.990552,11.266719
1782501563.472958,13.700285,rotate_to_60deg_about_tip,0.001429,26.43,6.819764,-24.867093,-115.904262,-12.084241,-7.912285,-108.990552,11.265103
1782501563.482954,13.710282,rotate_to_60deg_about_tip,0.001751,26.4175,6.826387,-24.866652,-115.904262,-12.084215,-7.90675,-108.990552,11.261429
1782501563.4929,13.720227,rotate_to_60deg_about_tip,0.001363,26.407,6.831077,-24.867282,-115.904262,-12.084193,-7.903102,-108.990552,11.258342
1782501563.502904,13.730232,rotate_to_60deg_about_tip,0.00161,26.396,6.836905,-24.866894,-115.904262,-12.084171,-7.898233,-108.990552,11.255107
1782501563.512903,13.740231,rotate_to_60deg_about_tip,0.001891,26.3855,6.842469,-24.866524,-115.904262,-12.08415,-7.893586,-108.990552,11.252019
1782501563.522899,13.750227,rotate_to_60deg_about_tip,0.001486,26.375,6.847159,-24.867153,-115.904262,-12.084128,-7.889939,-108.990552,11.248929
1782501563.532902,13.760229,rotate_to_60deg_about_tip,0.00172,26.365,6.852457,-24.866801,-115.904262,-12.084108,-7.885514,-108.990552,11.245986
1782501563.542969,13.770296,rotate_to_60deg_about_tip,0.002017,26.354,6.858286,-24.866413,-115.904262,-12.084086,-7.880647,-108.990552,11.242748
1782501563.553042,13.78037,rotate_to_60deg_about_tip,0.001568,26.345,6.862181,-24.867095,-115.904262,-12.084068,-7.877666,-108.990552,11.240097
1782501563.562947,13.790275,rotate_to_60deg_about_tip,0.001704,26.339,6.86536,-24.866883,-115.904262,-12.084056,-7.875012,-108.990552,11.23833
1782501563.572952,13.80028,rotate_to_60deg_about_tip,0.003077,26.324,6.870393,-24.868787,-115.904262,-12.082405,-7.87081,-108.990552,11.235531
1782501563.582953,13.810281,rotate_to_60deg_about_tip,0.0021,26.324,6.873307,-24.866354,-115.904262,-12.084026,-7.868378,-108.990552,11.233911
1782501563.59295,13.820277,rotate_to_60deg_about_tip,0.001717,26.312,6.878792,-24.866931,-115.904262,-12.084002,-7.864071,-108.990552,11.230374
1782501563.602956,13.830283,rotate_to_60deg_about_tip,0.002004,26.3005,6.884885,-24.866525,-115.904262,-12.083979,-7.858986,-108.990552,11.226984
1782501563.61295,13.840278,rotate_to_60deg_about_tip,0.00162,26.2905,6.889311,-24.867173,-115.904262,-12.083959,-7.855565,-108.990552,11.224035
1782501563.622952,13.850279,rotate_to_60deg_about_tip,0.001858,26.2795,6.895138,-24.866785,-115.904262,-12.083937,-7.850703,-108.990552,11.22079
1782501563.632948,13.860276,rotate_to_60deg_about_tip,0.002168,26.2675,6.901496,-24.866361,-115.904262,-12.083914,-7.845399,-108.990552,11.217249
1782501563.64295,13.870277,rotate_to_60deg_about_tip,0.001663,26.2625,6.903272,-24.867185,-115.904262,-12.083904,-7.844189,-108.990552,11.215774
1782501563.65295,13.880278,rotate_to_60deg_about_tip,0.001882,26.252,6.908835,-24.866815,-115.904262,-12.083884,-7.839549,-108.990552,11.212674
1782501563.662951,13.890278,rotate_to_60deg_about_tip,0.002117,26.2425,6.913868,-24.86648,-115.904262,-12.083865,-7.835352,-108.990552,11.209869
1782501563.672949,13.900276,rotate_to_60deg_about_tip,0.001742,26.2325,6.918294,-24.867127,-115.904262,-12.083846,-7.831934,-108.990552,11.206916
1782501563.68295,13.910278,rotate_to_60deg_about_tip,0.002035,26.219,6.925446,-24.866651,-115.904262,-12.08382,-7.82597,-108.990552,11.202927
1782501563.692953,13.92028,rotate_to_60deg_about_tip,0.001723,26.208,6.930401,-24.867263,-115.904262,-12.083798,-7.822112,-108.990552,11.199677
1782501563.702952,13.93028,rotate_to_60deg_about_tip,0.001811,26.203,6.93305,-24.867086,-115.904262,-12.083789,-7.819903,-108.990552,11.198199
1782501563.712949,13.940277,rotate_to_60deg_about_tip,0.002069,26.191,6.939407,-24.866663,-115.904262,-12.083766,-7.814604,-108.990552,11.194651
1782501563.722952,13.95028,rotate_to_60deg_about_tip,0.00176,26.1805,6.944098,-24.867292,-115.904262,-12.083746,-7.810968,-108.990552,11.191546
1782501563.732951,13.960279,rotate_to_60deg_about_tip,0.00197,26.169,6.95019,-24.866887,-115.904262,-12.083724,-7.805891,-108.990552,11.188144
1782501563.742948,13.970275,rotate_to_60deg_about_tip,0.00221,26.1585,6.955752,-24.866516,-115.904262,-12.083704,-7.801256,-108.990552,11.185037
1782501563.752946,13.980273,rotate_to_60deg_about_tip,0.00186,26.149,6.959913,-24.867181,-115.904262,-12.083686,-7.798063,-108.990552,11.182225
1782501563.76295,13.990278,rotate_to_60deg_about_tip,0.001978,26.1425,6.963356,-24.866952,-115.904262,-12.083674,-7.795195,-108.990552,11.1803
1782501563.772947,14.000274,rotate_to_60deg_about_tip,0.002207,26.132,6.968919,-24.866581,-115.904262,-12.083654,-7.790561,-108.990552,11.177191
1782501563.78295,14.010278,rotate_to_60deg_about_tip,0.001927,26.1195,6.974668,-24.86714,-115.904262,-12.08363,-7.786046,-108.990552,11.173489
1782501563.792951,14.020278,rotate_to_60deg_about_tip,0.00215,26.108,6.98076,-24.866735,-115.904262,-12.083609,-7.780972,-108.990552,11.170081
1782501563.80295,14.030278,rotate_to_60deg_about_tip,0.002397,26.0975,6.986323,-24.866364,-115.904262,-12.083589,-7.776341,-108.990552,11.166969
1782501563.812946,14.040273,rotate_to_60deg_about_tip,0.002038,26.0875,6.990748,-24.867011,-115.904262,-12.083571,-7.77293,-108.990552,11.164005
1782501563.82295,14.050278,rotate_to_60deg_about_tip,0.001528,26.078,6.996271,-24.866676,-115.904262,-12.084553,-7.768741,-108.990552,11.160188
1782501563.832948,14.060276,rotate_to_60deg_about_tip,0.001091,26.0665,7.001491,-24.867271,-115.904262,-12.084532,-7.76467,-108.990552,11.156776
1782501563.842951,14.070278,rotate_to_60deg_about_tip,0.001341,26.057,7.006523,-24.866935,-115.904262,-12.084515,-7.760481,-108.990552,11.153958
1782501563.852897,14.080225,rotate_to_60deg_about_tip,0.001638,26.047,7.01182,-24.866583,-115.904262,-12.084496,-7.756073,-108.990552,11.15099
1782501563.862948,14.090276,rotate_to_60deg_about_tip,0.001158,26.037,7.016246,-24.86723,-115.904262,-12.084478,-7.752665,-108.990552,11.148022
1782501563.87295,14.100277,rotate_to_60deg_about_tip,0.001297,26.0315,7.019159,-24.867036,-115.904262,-12.084468,-7.750241,-108.990552,11.146389
1782501563.882949,14.110276,rotate_to_60deg_about_tip,0.001656,26.019,7.025781,-24.866595,-115.904262,-12.084446,-7.744732,-108.990552,11.142676
1782501563.892917,14.120245,rotate_to_60deg_about_tip,0.001202,26.0085,7.030471,-24.867224,-115.904262,-12.084427,-7.741105,-108.990552,11.139557
1782501563.902911,14.130239,rotate_to_60deg_about_tip,0.001459,25.9985,7.035768,-24.866871,-115.904262,-12.084409,-7.736699,-108.990552,11.136586
1782501563.912894,14.140222,rotate_to_60deg_about_tip,0.001113,25.9865,7.041253,-24.867448,-115.904262,-12.084387,-7.732413,-108.990552,11.133019
1782501563.9229,14.150228,rotate_to_60deg_about_tip,0.001202,25.982,7.043637,-24.867289,-115.904262,-12.084379,-7.730431,-108.990552,11.131681
1782501563.932903,14.160231,rotate_to_60deg_about_tip,0.00147,25.971,7.049464,-24.866901,-115.904262,-12.08436,-7.725586,-108.990552,11.12841
1782501563.942902,14.170229,rotate_to_60deg_about_tip,0.001127,25.96,7.054419,-24.867513,-115.904262,-12.08434,-7.721741,-108.990552,11.125139
1782501563.952974,14.180302,rotate_to_60deg_about_tip,0.001358,25.9485,7.06051,-24.867107,-115.904262,-12.08432,-7.716678,-108.990552,11.121717
1782501563.96295,14.190278,rotate_to_60deg_about_tip,0.001509,25.9425,7.063689,-24.866895,-115.904262,-12.084309,-7.714036,-108.990552,11.119932
1782501563.972948,14.200276,rotate_to_60deg_about_tip,0.003515,25.927,7.067849,-24.86999,-115.904262,-12.082496,-7.710853,-108.990552,11.117104
1782501563.982891,14.210219,rotate_to_60deg_about_tip,0.001367,25.9215,7.073941,-24.867154,-115.904262,-12.084272,-7.705791,-108.990552,11.11368
1782501563.992951,14.220279,rotate_to_60deg_about_tip,0.00151,25.9155,7.077119,-24.866943,-115.904262,-12.084262,-7.70315,-108.990552,11.111893
1782501564.00295,14.230278,rotate_to_60deg_about_tip,0.001195,25.905,7.081809,-24.867572,-115.904262,-12.084243,-7.699529,-108.990552,11.108766
1782501564.012952,14.240279,rotate_to_60deg_about_tip,0.001389,25.894,7.087636,-24.867184,-115.904262,-12.084224,-7.694689,-108.990552,11.105488
1782501564.022948,14.250275,rotate_to_60deg_about_tip,0.00164,25.8835,7.093197,-24.866814,-115.904262,-12.084206,-7.690069,-108.990552,11.102359
1782501564.032949,14.260277,rotate_to_60deg_about_tip,0.001286,25.8735,7.097623,-24.867461,-115.904262,-12.084189,-7.686669,-108.990552,11.099378
1782501564.042951,14.270278,rotate_to_60deg_about_tip,0.001509,25.862,7.103714,-24.867055,-115.904262,-12.084169,-7.68161,-108.990552,11.095949
1782501564.052953,14.28028,rotate_to_60deg_about_tip,0.001757,25.852,7.10901,-24.866702,-115.904262,-12.084152,-7.677212,-108.990552,11.092966
1782501564.062949,14.290277,rotate_to_60deg_about_tip,0.001936,25.8455,7.112453,-24.866473,-115.904262,-12.084141,-7.674354,-108.990552,11.091027
1782501564.07295,14.300278,rotate_to_60deg_about_tip,0.001529,25.8345,7.117408,-24.867084,-115.904262,-12.084122,-7.670516,-108.990552,11.087745
1782501564.082951,14.310278,rotate_to_60deg_about_tip,0.001795,25.8235,7.123234,-24.866696,-115.904262,-12.084104,-7.66568,-108.990552,11.084461
1782501564.092947,14.320274,rotate_to_60deg_about_tip,0.002085,25.813,7.128795,-24.866326,-115.904262,-12.084086,-7.661064,-108.990552,11.081326
1782501564.102951,14.330278,rotate_to_60deg_about_tip,0.001661,25.802,7.133751,-24.866938,-115.904262,-12.084068,-7.657228,-108.990552,11.078041
1782501564.112949,14.340277,rotate_to_60deg_about_tip,0.001925,25.7915,7.139312,-24.866567,-115.904262,-12.08405,-7.652613,-108.990552,11.074904
1782501564.12295,14.350278,rotate_to_60deg_about_tip,0.00209,25.7855,7.142489,-24.866355,-115.904262,-12.08404,-7.649977,-108.990552,11.073112
1782501564.132949,14.360276,rotate_to_60deg_about_tip,0.001657,25.7755,7.146915,-24.867002,-115.904262,-12.084024,-7.646582,-108.990552,11.070123
1782501564.142947,14.370275,rotate_to_60deg_about_tip,0.00191,25.765,7.152476,-24.866632,-115.904262,-12.084006,-7.641969,-108.990552,11.066984
1782501564.152949,14.380277,rotate_to_60deg_about_tip,0.00157,25.7535,7.157696,-24.867226,-115.904262,-12.083987,-7.637917,-108.990552,11.063546
1782501564.162946,14.390274,rotate_to_60deg_about_tip,0.0018,25.7425,7.163522,-24.866838,-115.904262,-12.083969,-7.633085,-108.990552,11.060255
1782501564.172971,14.400299,rotate_to_60deg_about_tip,0.002052,25.7325,7.168818,-24.866485,-115.904262,-12.083953,-7.628693,-108.990552,11.057264
1782501564.182951,14.410279,rotate_to_60deg_about_tip,0.001596,25.726,7.17139,-24.867255,-115.904262,-12.083942,-7.626838,-108.990552,11.055318
1782501564.192945,14.420273,rotate_to_60deg_about_tip,0.001852,25.7135,7.17801,-24.866814,-115.904262,-12.083922,-7.621349,-108.990552,11.051577
1782501564.202947,14.430275,rotate_to_60deg_about_tip,0.002128,25.7025,7.183835,-24.866426,-115.904262,-12.083904,-7.61652,-108.990552,11.048283
1782501564.212981,14.440309,rotate_to_60deg_about_tip,0.001762,25.691,7.189056,-24.86702,-115.904262,-12.083886,-7.612471,-108.990552,11.044839
1782501564.222959,14.450286,rotate_to_60deg_about_tip,0.001998,25.6805,7.194616,-24.86665,-115.904262,-12.083869,-7.607862,-108.990552,11.041693
1782501564.232962,14.460289,rotate_to_60deg_about_tip,0.001668,25.67,7.199307,-24.867279,-115.904262,-12.083852,-7.604254,-108.990552,11.038547
1782501564.242897,14.470225,rotate_to_60deg_about_tip,0.001764,25.6645,7.202219,-24.867085,-115.904262,-12.083843,-7.60184,-108.990552,11.036899
1782501564.252956,14.480284,rotate_to_60deg_about_tip,0.001977,25.6545,7.207515,-24.866732,-115.904262,-12.083827,-7.597452,-108.990552,11.033901
1782501564.262946,14.490273,rotate_to_60deg_about_tip,0.001688,25.643,7.212735,-24.867326,-115.904262,-12.083809,-7.593407,-108.990552,11.030452
1782501564.272945,14.500272,rotate_to_60deg_about_tip,0.001875,25.6325,7.218296,-24.866956,-115.904262,-12.083793,-7.588801,-108.990552,11.027303
1782501564.282897,14.510225,rotate_to_60deg_about_tip,0.002086,25.623,7.223326,-24.86662,-115.904262,-12.083778,-7.584634,-108.990552,11.024452
1782501564.292904,14.520231,rotate_to_60deg_about_tip,0.001778,25.6115,7.228546,-24.867214,-115.904262,-12.08376,-7.58059,-108.990552,11.021001
1782501564.302908,14.530236,rotate_to_60deg_about_tip,0.001967,25.6015,7.233842,-24.866861,-115.904262,-12.083744,-7.576205,-108.990552,11.017999
1782501564.312902,14.540229,rotate_to_60deg_about_tip,0.00161,25.591,7.239896,-24.866491,-115.904262,-12.084728,-7.571601,-108.990552,11.013847
1782501564.322899,14.550227,rotate_to_60deg_about_tip,0.000948,25.585,7.242204,-24.867279,-115.904262,-12.084719,-7.56997,-108.990552,11.012045
1782501564.332903,14.560231,rotate_to_60deg_about_tip,0.001267,25.574,7.248029,-24.866891,-115.904262,-12.084702,-7.565148,-108.990552,11.00874
1782501564.343014,14.570341,rotate_to_60deg_about_tip,0.001634,25.5625,7.254118,-24.866485,-115.904262,-12.084684,-7.560107,-108.990552,11.005285
1782501564.352922,14.58025,rotate_to_60deg_about_tip,0.000945,25.558,7.255632,-24.867326,-115.904262,-12.084678,-7.559135,-108.990552,11.003932
1782501564.362951,14.590279,rotate_to_60deg_about_tip,0.002005,25.543,7.261457,-24.868549,-115.904262,-12.083452,-7.554314,-108.990552,11.000626
1782501564.372971,14.600299,rotate_to_60deg_about_tip,0.001561,25.537,7.266752,-24.866585,-115.904262,-12.084646,-7.549933,-108.990552,10.997619
1782501564.382947,14.610275,rotate_to_60deg_about_tip,0.001044,25.527,7.271178,-24.867232,-115.904262,-12.084631,-7.546551,-108.990552,10.994611
1782501564.39295,14.620277,rotate_to_60deg_about_tip,0.00137,25.5155,7.277267,-24.866826,-115.904262,-12.084613,-7.541513,-108.990552,10.991151
1782501564.402948,14.630276,rotate_to_60deg_about_tip,0.000949,25.504,7.282488,-24.86742,-115.904262,-12.084596,-7.537476,-108.990552,10.987691
1782501564.41295,14.640277,rotate_to_60deg_about_tip,0.001184,25.4945,7.287518,-24.867085,-115.904262,-12.084582,-7.533316,-108.990552,10.984831
1782501564.422949,14.650276,rotate_to_60deg_about_tip,0.001354,25.4885,7.290695,-24.866873,-115.904262,-12.084573,-7.530688,-108.990552,10.983025
1782501564.432951,14.660279,rotate_to_60deg_about_tip,0.001692,25.4775,7.296519,-24.866485,-115.904262,-12.084557,-7.525871,-108.990552,10.979712
1782501564.442949,14.670277,rotate_to_60deg_about_tip,0.001164,25.468,7.300681,-24.867149,-115.904262,-12.084543,-7.522712,-108.990552,10.976851
1782501564.452957,14.680284,rotate_to_60deg_about_tip,0.001443,25.458,7.305976,-24.866796,-115.904262,-12.084528,-7.518334,-108.990552,10.973838
1782501564.46295,14.690277,rotate_to_60deg_about_tip,0.001035,25.4465,7.311196,-24.86739,-115.904262,-12.084511,-7.514301,-108.990552,10.970372
1782501564.472948,14.700275,rotate_to_60deg_about_tip,0.001303,25.4355,7.31702,-24.867002,-115.904262,-12.084495,-7.509487,-108.990552,10.967056
1782501564.482989,14.710316,rotate_to_60deg_about_tip,0.001591,25.4255,7.322315,-24.866649,-115.904262,-12.084481,-7.505111,-108.990552,10.964041
1782501564.492952,14.72028,rotate_to_60deg_about_tip,0.001126,25.4155,7.326741,-24.867296,-115.904262,-12.084467,-7.501735,-108.990552,10.961025
1782501564.502948,14.730275,rotate_to_60deg_about_tip,0.001417,25.404,7.33283,-24.86689,-115.904262,-12.08445,-7.496704,-108.990552,10.957555
1782501564.512949,14.740277,rotate_to_60deg_about_tip,0.001574,25.3985,7.335742,-24.866696,-115.904262,-12.084442,-7.494298,-108.990552,10.955896
1782501564.522948,14.750275,rotate_to_60deg_about_tip,0.001152,25.3875,7.340697,-24.867308,-115.904262,-12.084427,-7.490487,-108.990552,10.952575
1782501564.53295,14.760277,rotate_to_60deg_about_tip,0.001368,25.3785,7.345463,-24.86699,-115.904262,-12.084414,-7.486551,-108.990552,10.949858
1782501564.542953,14.770281,rotate_to_60deg_about_tip,0.001691,25.367,7.351551,-24.866584,-115.904262,-12.084398,-7.481522,-108.990552,10.946386
1782501564.552952,14.78028,rotate_to_60deg_about_tip,0.001221,25.3575,7.355713,-24.867249,-115.904262,-12.084384,-7.478368,-108.990552,10.943516
1782501564.562952,14.790279,rotate_to_60deg_about_tip,0.001493,25.3465,7.361537,-24.86686,-115.904262,-12.084369,-7.473559,-108.990552,10.940193
1782501564.572964,14.800292,rotate_to_60deg_about_tip,0.001764,25.337,7.366566,-24.866525,-115.904262,-12.084356,-7.469406,-108.990552,10.937322
1782501564.582948,14.810276,rotate_to_60deg_about_tip,0.001335,25.3255,7.371787,-24.867119,-115.904262,-12.08434,-7.46538,-108.990552,10.933845
1782501564.592947,14.820275,rotate_to_60deg_about_tip,0.001606,25.315,7.377346,-24.866748,-115.904262,-12.084325,-7.460791,-108.990552,10.93067
1782501564.602946,14.830273,rotate_to_60deg_about_tip,0.001896,25.305,7.38264,-24.866395,-115.904262,-12.084312,-7.456421,-108.990552,10.927646
1782501564.612962,14.84029,rotate_to_60deg_about_tip,0.001466,25.293,7.388125,-24.866972,-115.904262,-12.084295,-7.452179,-108.990552,10.924015
1782501564.62295,14.850277,rotate_to_60deg_about_tip,0.001734,25.283,7.393419,-24.866619,-115.904262,-12.084282,-7.44781,-108.990552,10.920989
1782501564.632948,14.860276,rotate_to_60deg_about_tip,0.001878,25.278,7.396066,-24.866442,-115.904262,-12.084275,-7.445626,-108.990552,10.919476
1782501564.64295,14.870277,rotate_to_60deg_about_tip,0.001415,25.268,7.400492,-24.867089,-115.904262,-12.084261,-7.442258,-108.990552,10.916448
1782501564.652961,14.880289,rotate_to_60deg_about_tip,0.00168,25.2575,7.406051,-24.866718,-115.904262,-12.084247,-7.437673,-108.990552,10.913269
1782501564.662951,14.890278,rotate_to_60deg_about_tip,0.002009,25.246,7.412139,-24.866312,-115.904262,-12.084232,-7.432651,-108.990552,10.909785
1782501564.672946,14.900274,rotate_to_60deg_about_tip,0.001507,25.237,7.416036,-24.866995,-115.904262,-12.08422,-7.429722,-108.990552,10.907059
1782501564.682949,14.910277,rotate_to_60deg_about_tip,0.001778,25.2265,7.421595,-24.866624,-115.904262,-12.084206,-7.425138,-108.990552,10.903877
1782501564.692898,14.920226,rotate_to_60deg_about_tip,0.001398,25.215,7.426815,-24.867218,-115.904262,-12.084191,-7.421118,-108.990552,10.900391
1782501564.702902,14.93023,rotate_to_60deg_about_tip,0.00165,25.204,7.432638,-24.86683,-115.904262,-12.084177,-7.416318,-108.990552,10.897055
1782501564.712905,14.940233,rotate_to_60deg_about_tip,0.001918,25.194,7.437932,-24.866477,-115.904262,-12.084164,-7.411954,-108.990552,10.894022
1782501564.722904,14.950231,rotate_to_60deg_about_tip,0.001413,25.1875,7.440505,-24.867247,-115.904262,-12.084155,-7.410118,-108.990552,10.89205
1782501564.732904,14.960232,rotate_to_60deg_about_tip,0.001656,25.1765,7.446328,-24.866859,-115.904262,-12.084141,-7.405319,-108.990552,10.888712
1782501564.742964,14.970292,rotate_to_60deg_about_tip,0.001905,25.167,7.451357,-24.866523,-115.904262,-12.084129,-7.401174,-108.990552,10.885829
1782501564.752958,14.980286,rotate_to_60deg_about_tip,0.003566,25.1565,7.452872,-24.86977,-115.904262,-12.082294,-7.400212,-108.990552,10.884463
1782501564.762953,14.990281,rotate_to_60deg_about_tip,0.002553,25.147,7.45896,-24.868562,-115.904262,-12.082888,-7.395196,-108.990552,10.880971
1782501564.772952,15.00028,rotate_to_60deg_about_tip,0.001853,25.1415,7.463989,-24.866623,-115.904262,-12.084096,-7.391053,-108.990552,10.878086
1782501564.782953,15.01028,rotate_to_60deg_about_tip,0.001464,25.1315,7.468415,-24.86727,-115.904262,-12.084084,-7.387692,-108.990552,10.875049
1782501564.79295,15.020278,rotate_to_60deg_about_tip,0.001707,25.12,7.474502,-24.866864,-115.904262,-12.084069,-7.382679,-108.990552,10.871554
1782501564.80295,15.030277,rotate_to_60deg_about_tip,0.001989,25.109,7.480325,-24.866476,-115.904262,-12.084055,-7.377883,-108.990552,10.868211
1782501564.812963,15.040291,rotate_to_60deg_about_tip,0.00094,25.098,7.485778,-24.867087,-115.904262,-12.085042,-7.374089,-108.990552,10.863866
1782501564.822967,15.050295,rotate_to_60deg_about_tip,0.001245,25.089,7.490542,-24.866769,-115.904262,-12.08503,-7.370166,-108.990552,10.86113
1782501564.832949,15.060276,rotate_to_60deg_about_tip,0.001643,25.0775,7.49663,-24.866363,-115.904262,-12.085016,-7.365155,-108.990552,10.857631
1782501564.842947,15.070274,rotate_to_60deg_about_tip,0.001008,25.068,7.500791,-24.867028,-115.904262,-12.085005,-7.362016,-108.990552,10.854741
1782501564.852952,15.08028,rotate_to_60deg_about_tip,0.00133,25.0585,7.50582,-24.866693,-115.904262,-12.084993,-7.357877,-108.990552,10.85185
1782501564.86295,15.090277,rotate_to_60deg_about_tip,0.000786,25.047,7.51104,-24.867287,-115.904262,-12.084979,-7.353868,-108.990552,10.848349
1782501564.872945,15.100273,rotate_to_60deg_about_tip,0.001093,25.0375,7.516068,-24.866951,-115.904262,-12.084968,-7.34973,-108.990552,10.845456
1782501564.88296,15.110288,rotate_to_60deg_about_tip,0.001278,25.032,7.51898,-24.866757,-115.904262,-12.084961,-7.347335,-108.990552,10.843781
1782501564.892892,15.120219,rotate_to_60deg_about_tip,0.001671,25.0205,7.525067,-24.866351,-115.904262,-12.084947,-7.342327,-108.990552,10.840278
1782501564.902943,15.130271,rotate_to_60deg_about_tip,0.001079,25.01,7.529758,-24.86698,-115.904262,-12.084935,-7.338755,-108.990552,10.837079
1782501564.91295,15.140278,rotate_to_60deg_about_tip,0.001481,24.998,7.53611,-24.866556,-115.904262,-12.084921,-7.333531,-108.990552,10.833421
1782501564.922955,15.150283,rotate_to_60deg_about_tip,0.000893,24.988,7.540536,-24.867203,-115.904262,-12.084909,-7.330178,-108.990552,10.830373
1782501564.93295,15.160277,rotate_to_60deg_about_tip,0.001263,24.9765,7.546623,-24.866797,-115.904262,-12.084895,-7.325173,-108.990552,10.826866
1782501564.942948,15.170275,rotate_to_60deg_about_tip,0.00143,24.9715,7.549269,-24.866621,-115.904262,-12.08489,-7.322997,-108.990552,10.825341
1782501564.952946,15.180274,rotate_to_60deg_about_tip,0.000856,24.9615,7.553695,-24.867268,-115.904262,-12.084878,-7.319646,-108.990552,10.82229
1782501564.962968,15.190296,rotate_to_60deg_about_tip,0.001184,24.951,7.559253,-24.866897,-115.904262,-12.084866,-7.315077,-108.990552,10.819086
1782501564.97295,15.200278,rotate_to_60deg_about_tip,0.001531,24.9405,7.56481,-24.866526,-115.904262,-12.084854,-7.31051,-108.990552,10.815881
1782501564.982948,15.210275,rotate_to_60deg_about_tip,0.001,24.929,7.570031,-24.86712,-115.904262,-12.084841,-7.306507,-108.990552,10.81237
1782501564.992897,15.220224,rotate_to_60deg_about_tip,0.001317,24.919,7.575323,-24.866767,-115.904262,-12.084829,-7.302158,-108.990552,10.809316
1782501565.002899,15.230227,rotate_to_60deg_about_tip,0.001515,24.913,7.578499,-24.866555,-115.904262,-12.084823,-7.299549,-108.990552,10.807483
1782501565.012964,15.240291,rotate_to_60deg_about_tip,0.001037,24.9,7.584513,-24.867096,-115.904262,-12.084808,-7.294896,-108.990552,10.803512
1782501565.022951,15.250278,rotate_to_60deg_about_tip,0.001369,24.8895,7.59007,-24.866725,-115.904262,-12.084796,-7.290331,-108.990552,10.800303
1782501565.03295,15.260278,rotate_to_60deg_about_tip,0.001767,24.8775,7.596421,-24.866301,-115.904262,-12.084783,-7.285115,-108.990552,10.796634
1782501565.042953,15.270281,rotate_to_60deg_about_tip,0.001198,24.867,7.601112,-24.866931,-115.904262,-12.084771,-7.281551,-108.990552,10.793424
1782501565.052949,15.280277,rotate_to_60deg_about_tip,0.001534,24.8565,7.606669,-24.86656,-115.904262,-12.08476,-7.276988,-108.990552,10.790212
1782501565.062962,15.290289,rotate_to_60deg_about_tip,0.000997,24.846,7.61136,-24.867189,-115.904262,-12.084749,-7.273426,-108.990552,10.787
1782501565.072948,15.300275,rotate_to_60deg_about_tip,0.001128,24.8415,7.613742,-24.86703,-115.904262,-12.084744,-7.27147,-108.990552,10.785623
1782501565.082905,15.310233,rotate_to_60deg_about_tip,0.001504,24.8295,7.620093,-24.866606,-115.904262,-12.084731,-7.266257,-108.990552,10.78195
1782501565.092906,15.320234,rotate_to_60deg_about_tip,0.00098,24.819,7.624783,-24.867236,-115.904262,-12.084719,-7.262696,-108.990552,10.778735
1782501565.102897,15.330225,rotate_to_60deg_about_tip,0.001348,24.8065,7.631399,-24.866794,-115.904262,-12.084706,-7.257267,-108.990552,10.774907
1782501565.112902,15.34023,rotate_to_60deg_about_tip,0.000879,24.7955,7.636354,-24.867406,-115.904262,-12.084694,-7.25349,-108.990552,10.771538
1782501565.1229,15.350228,rotate_to_60deg_about_tip,0.001018,24.79,7.639265,-24.867212,-115.904262,-12.084689,-7.251102,-108.990552,10.769853
1782501565.132903,15.36023,rotate_to_60deg_about_tip,0.001308,24.78,7.644557,-24.866858,-115.904262,-12.084678,-7.24676,-108.990552,10.766788
1782501565.143054,15.370381,rotate_to_60deg_about_tip,0.001606,24.7705,7.649585,-24.866523,-115.904262,-12.084668,-7.242636,-108.990552,10.763876
1782501565.152961,15.380288,rotate_to_60deg_about_tip,0.000966,24.7645,7.651894,-24.867311,-115.904262,-12.084662,-7.241032,-108.990552,10.762037
1782501565.162958,15.390285,rotate_to_60deg_about_tip,0.002686,24.749,7.657186,-24.869151,-115.904262,-12.082959,-7.236691,-108.990552,10.75897
1782501565.172952,15.40028,rotate_to_60deg_about_tip,0.001561,24.744,7.662743,-24.866587,-115.904262,-12.084641,-7.232134,-108.990552,10.75575
1782501565.182949,15.410277,rotate_to_60deg_about_tip,0.001081,24.7325,7.667963,-24.867181,-115.904262,-12.084629,-7.228144,-108.990552,10.752222
1782501565.192949,15.420277,rotate_to_60deg_about_tip,0.00135,24.723,7.67299,-24.866846,-115.904262,-12.08462,-7.224023,-108.990552,10.749306
1782501565.202947,15.430274,rotate_to_60deg_about_tip,0.000928,24.7115,7.67821,-24.867439,-115.904262,-12.084608,-7.220034,-108.990552,10.745776
1782501565.212952,15.44028,rotate_to_60deg_about_tip,0.001199,24.7005,7.684031,-24.867051,-115.904262,-12.084597,-7.215262,-108.990552,10.742399
1782501565.22295,15.450278,rotate_to_60deg_about_tip,0.001372,24.6945,7.687206,-24.866839,-115.904262,-12.084591,-7.21266,-108.990552,10.740556
1782501565.232951,15.460279,rotate_to_60deg_about_tip,0.001663,24.685,7.692233,-24.866504,-115.904262,-12.084582,-7.20854,-108.990552,10.737638
1782501565.242902,15.47023,rotate_to_60deg_about_tip,0.001209,24.6725,7.697983,-24.867062,-115.904262,-12.084569,-7.20412,-108.990552,10.733797
1782501565.252949,15.480277,rotate_to_60deg_about_tip,0.001482,24.663,7.70301,-24.866727,-115.904262,-12.08456,-7.200002,-108.990552,10.730878
1782501565.26295,15.490278,rotate_to_60deg_about_tip,0.001002,24.6535,7.707171,-24.867391,-115.904262,-12.084551,-7.196884,-108.990552,10.727957
1782501565.272954,15.500281,rotate_to_60deg_about_tip,0.001301,24.6415,7.713521,-24.866967,-115.904262,-12.084539,-7.191682,-108.990552,10.724267
1782501565.28295,15.510278,rotate_to_60deg_about_tip,0.001609,24.631,7.719077,-24.866597,-115.904262,-12.084529,-7.187132,-108.990552,10.721038
1782501565.292954,15.520282,rotate_to_60deg_about_tip,0.001129,24.6205,7.723768,-24.867226,-115.904262,-12.084519,-7.183582,-108.990552,10.717808
1782501565.302955,15.530282,rotate_to_60deg_about_tip,0.001282,24.6145,7.726943,-24.867014,-115.904262,-12.084514,-7.180982,-108.990552,10.715961
1782501565.312946,15.540274,rotate_to_60deg_about_tip,0.001598,24.6035,7.732764,-24.866625,-115.904262,-12.084503,-7.176217,-108.990552,10.712576
1782501565.322948,15.550276,rotate_to_60deg_about_tip,0.001154,24.592,7.737984,-24.867219,-115.904262,-12.084493,-7.172235,-108.990552,10.709035
1782501565.33295,15.560278,rotate_to_60deg_about_tip,0.001414,24.582,7.743275,-24.866866,-115.904262,-12.084483,-7.167904,-108.990552,10.705956
1782501565.342952,15.57028,rotate_to_60deg_about_tip,0.001678,24.573,7.748037,-24.866548,-115.904262,-12.084475,-7.164007,-108.990552,10.703184
1782501565.35295,15.580278,rotate_to_60deg_about_tip,0.001238,24.561,7.753521,-24.867124,-115.904262,-12.084464,-7.159811,-108.990552,10.699487
1782501565.362952,15.59028,rotate_to_60deg_about_tip,0.001507,24.551,7.758813,-24.866771,-115.904262,-12.084455,-7.155481,-108.990552,10.696405
1782501565.372948,15.600275,rotate_to_60deg_about_tip,0.001804,24.541,7.764104,-24.866418,-115.904262,-12.084446,-7.151152,-108.990552,10.693322
1782501565.382951,15.610279,rotate_to_60deg_about_tip,0.00135,24.529,7.769588,-24.866994,-115.904262,-12.084435,-7.146958,-108.990552,10.689622
1782501565.392951,15.620279,rotate_to_60deg_about_tip,0.001485,24.524,7.772234,-24.866818,-115.904262,-12.084431,-7.144794,-108.990552,10.68808
1782501565.402901,15.630229,rotate_to_60deg_about_tip,0.001838,24.512,7.778583,-24.866394,-115.904262,-12.08442,-7.139601,-108.990552,10.684379
1782501565.412958,15.640285,rotate_to_60deg_about_tip,0.001385,24.5,7.784067,-24.86697,-115.904262,-12.08441,-7.135409,-108.990552,10.680676
1782501565.422952,15.65028,rotate_to_60deg_about_tip,0.001707,24.4885,7.790152,-24.866564,-115.904262,-12.0844,-7.130434,-108.990552,10.677127
1782501565.432953,15.660281,rotate_to_60deg_about_tip,0.001857,24.4835,7.792797,-24.866387,-115.904262,-12.084396,-7.128271,-108.990552,10.675583
1782501565.442951,15.670279,rotate_to_60deg_about_tip,0.001381,24.4725,7.797753,-24.866999,-115.904262,-12.084386,-7.124514,-108.990552,10.672187
1782501565.45295,15.680277,rotate_to_60deg_about_tip,0.001654,24.4625,7.803044,-24.866646,-115.904262,-12.084378,-7.120189,-108.990552,10.669098
1782501565.46295,15.690277,rotate_to_60deg_about_tip,0.001229,24.4515,7.807999,-24.867257,-115.904262,-12.084368,-7.116432,-108.990552,10.6657
1782501565.47296,15.700287,rotate_to_60deg_about_tip,0.001494,24.4405,7.813819,-24.866869,-115.904262,-12.084359,-7.111677,-108.990552,10.662301
1782501565.482888,15.710215,rotate_to_60deg_about_tip,0.001819,24.429,7.819903,-24.866462,-115.904262,-12.084349,-7.106705,-108.990552,10.658746
1782501565.492906,15.720234,rotate_to_60deg_about_tip,0.001242,24.4235,7.821948,-24.867268,-115.904262,-12.084345,-7.105328,-108.990552,10.657046
1782501565.5029,15.730227,rotate_to_60deg_about_tip,0.001489,24.413,7.827503,-24.866897,-115.904262,-12.084336,-7.10079,-108.990552,10.653799
1782501565.512901,15.740229,rotate_to_60deg_about_tip,0.001808,24.4015,7.833588,-24.866491,-115.904262,-12.084327,-7.09582,-108.990552,10.650242
1782501565.522903,15.750231,rotate_to_60deg_about_tip,0.00134,24.3915,7.838014,-24.867138,-115.904262,-12.084319,-7.092499,-108.990552,10.647148
1782501565.532898,15.760226,rotate_to_60deg_about_tip,0.001602,24.381,7.843569,-24.866767,-115.904262,-12.08431,-7.087963,-108.990552,10.643899
1782501565.5429,15.770228,rotate_to_60deg_about_tip,0.001212,24.3705,7.848259,-24.867396,-115.904262,-12.084302,-7.084427,-108.990552,10.640649
1782501565.552958,15.780286,rotate_to_60deg_about_tip,0.001308,24.3655,7.850905,-24.86722,-115.904262,-12.084298,-7.082267,-108.990552,10.639101
1782501565.562954,15.790282,rotate_to_60deg_about_tip,0.002979,24.349,7.856724,-24.869012,-115.904262,-12.082582,-7.077517,-108.990552,10.635694
1782501565.572969,15.800297,rotate_to_60deg_about_tip,0.001874,24.3435,7.862543,-24.866442,-115.904262,-12.084281,-7.072767,-108.990552,10.632287
1782501565.58295,15.810277,rotate_to_60deg_about_tip,0.001429,24.3325,7.867499,-24.867054,-115.904262,-12.084272,-7.069017,-108.990552,10.628879
1782501565.59295,15.820277,rotate_to_60deg_about_tip,0.00155,24.3275,7.870144,-24.866877,-115.904262,-12.084269,-7.066858,-108.990552,10.62733
1782501565.602852,15.83018,rotate_to_60deg_about_tip,0.001835,24.317,7.875698,-24.866506,-115.904262,-12.084261,-7.062326,-108.990552,10.624075
1782501565.612947,15.840275,rotate_to_60deg_about_tip,0.001438,24.3045,7.881447,-24.867065,-115.904262,-12.084251,-7.05793,-108.990552,10.6202
1782501565.62285,15.850178,rotate_to_60deg_about_tip,0.001728,24.293,7.887531,-24.866659,-115.904262,-12.084243,-7.052968,-108.990552,10.616634
1782501565.632953,15.860281,rotate_to_60deg_about_tip,0.001853,24.2885,7.889911,-24.8665,-115.904262,-12.084239,-7.051026,-108.990552,10.615238
1782501565.642954,15.870282,rotate_to_60deg_about_tip,0.001448,24.2765,7.895395,-24.867076,-115.904262,-12.08423,-7.046848,-108.990552,10.611515
1782501565.652948,15.880275,rotate_to_60deg_about_tip,0.001707,24.266,7.90095,-24.866705,-115.904262,-12.084223,-7.042318,-108.990552,10.608257
1782501565.662951,15.890279,rotate_to_60deg_about_tip,0.001318,24.2555,7.90564,-24.867334,-115.904262,-12.084215,-7.038789,-108.990552,10.604997
1782501565.672953,15.90028,rotate_to_60deg_about_tip,0.001573,24.2435,7.911988,-24.86691,-115.904262,-12.084206,-7.033614,-108.990552,10.601271
1782501565.682952,15.91028,rotate_to_60deg_about_tip,0.001847,24.233,7.917543,-24.866539,-115.904262,-12.084199,-7.029086,-108.990552,10.59801
1782501565.692947,15.920274,rotate_to_60deg_about_tip,0.001414,24.223,7.921969,-24.867186,-115.904262,-12.084192,-7.025774,-108.990552,10.594904
1782501565.702898,15.930226,rotate_to_60deg_about_tip,0.001641,24.213,7.927259,-24.866833,-115.904262,-12.084185,-7.021463,-108.990552,10.591797
1782501565.712946,15.940274,rotate_to_60deg_about_tip,0.001935,24.202,7.933077,-24.866444,-115.904262,-12.084177,-7.016721,-108.990552,10.588378
1782501565.722947,15.950274,rotate_to_60deg_about_tip,0.001396,24.1965,7.935123,-24.86725,-115.904262,-12.084174,-7.015351,-108.990552,10.586668
1782501565.732947,15.960274,rotate_to_60deg_about_tip,0.001648,24.185,7.941206,-24.866844,-115.904262,-12.084166,-7.010394,-108.990552,10.583092
1782501565.742948,15.970276,rotate_to_60deg_about_tip,0.001938,24.174,7.947025,-24.866455,-115.904262,-12.084158,-7.005654,-108.990552,10.579671
1782501565.752953,15.98028,rotate_to_60deg_about_tip,0.001506,24.1635,7.951715,-24.867085,-115.904262,-12.084151,-7.00213,-108.990552,10.576404
1782501565.762982,15.99031,rotate_to_60deg_about_tip,0.001767,24.1525,7.957534,-24.866696,-115.904262,-12.084144,-6.997392,-108.990552,10.572982
1782501565.772951,16.000279,rotate_to_60deg_about_tip,0.001391,24.142,7.962224,-24.867325,-115.904262,-12.084137,-6.993869,-108.990552,10.569713
1782501565.782953,16.010281,rotate_to_60deg_about_tip,0.001579,24.1325,7.967249,-24.86699,-115.904262,-12.084131,-6.989777,-108.990552,10.566756
1782501565.792949,16.020277,rotate_to_60deg_about_tip,0.001837,24.122,7.972803,-24.866619,-115.904262,-12.084124,-6.985256,-108.990552,10.563486
1782501565.802862,16.03019,rotate_to_60deg_about_tip,0.001378,24.1155,7.975378,-24.867389,-115.904262,-12.08412,-6.983457,-108.990552,10.561461
1782501565.812946,16.040274,rotate_to_60deg_about_tip,0.001576,24.105,7.980932,-24.867018,-115.904262,-12.084113,-6.978936,-108.990552,10.55819
1782501565.822951,16.050279,rotate_to_60deg_about_tip,0.001841,24.094,7.98675,-24.86663,-115.904262,-12.084107,-6.974201,-108.990552,10.554762
1782501565.832948,16.060276,rotate_to_60deg_about_tip,0.001464,24.083,7.991705,-24.867241,-115.904262,-12.0841,-6.970467,-108.990552,10.551334
1782501565.842949,16.070277,rotate_to_60deg_about_tip,0.001638,24.0745,7.9962,-24.866941,-115.904262,-12.084095,-6.966809,-108.990552,10.548683
1782501565.852853,16.08018,rotate_to_60deg_about_tip,0.00195,24.062,8.002812,-24.866499,-115.904262,-12.084087,-6.96143,-108.990552,10.544785
1782501565.862848,16.090175,rotate_to_60deg_about_tip,0.001529,24.052,8.007238,-24.867146,-115.904262,-12.084081,-6.958127,-108.990552,10.541666
1782501565.872944,16.100272,rotate_to_60deg_about_tip,0.001773,24.041,8.013056,-24.866757,-115.904262,-12.084074,-6.953395,-108.990552,10.538234
1782501565.882956,16.110284,rotate_to_60deg_about_tip,0.001887,24.0365,8.015436,-24.866598,-115.904262,-12.084072,-6.95146,-108.990552,10.536829
1782501565.892899,16.120226,rotate_to_60deg_about_tip,0.001528,24.0245,8.02092,-24.867175,-115.904262,-12.084065,-6.947298,-108.990552,10.533084
1782501565.902899,16.130226,rotate_to_60deg_about_tip,0.001742,24.0145,8.026208,-24.866821,-115.904262,-12.084059,-6.942998,-108.990552,10.529962
1782501565.912899,16.140227,rotate_to_60deg_about_tip,0.002009,24.004,8.031762,-24.86645,-115.904262,-12.084053,-6.938483,-108.990552,10.526682
1782501565.9229,16.150228,rotate_to_60deg_about_tip,0.001604,23.993,8.036717,-24.867062,-115.904262,-12.084047,-6.934754,-108.990552,10.523246
1782501565.9329,16.160228,rotate_to_60deg_about_tip,0.001868,23.9815,8.042799,-24.866656,-115.904262,-12.084041,-6.92981,-108.990552,10.519653
1782501565.942902,16.170229,rotate_to_60deg_about_tip,0.001484,23.972,8.04696,-24.86732,-115.904262,-12.084035,-6.926727,-108.990552,10.516684
1782501565.953013,16.180341,rotate_to_60deg_about_tip,0.001673,23.962,8.052249,-24.866967,-115.904262,-12.08403,-6.92243,-108.990552,10.513558
1782501565.962946,16.190273,rotate_to_60deg_about_tip,0.001798,23.9565,8.055158,-24.866773,-115.904262,-12.084027,-6.920066,-108.990552,10.511838
1782501565.972952,16.200279,rotate_to_60deg_about_tip,0.001478,23.945,8.060377,-24.867366,-115.904262,-12.084021,-6.916125,-108.990552,10.508242
1782501565.982946,16.210274,rotate_to_60deg_about_tip,0.001552,23.9405,8.062757,-24.867207,-115.904262,-12.084018,-6.914192,-108.990552,10.506834
1782501565.992947,16.220275,rotate_to_60deg_about_tip,0.001814,23.928,8.069368,-24.866766,-115.904262,-12.084012,-6.908822,-108.990552,10.502923
1782501566.002851,16.230178,rotate_to_60deg_about_tip,0.002069,23.918,8.074656,-24.866412,-115.904262,-12.084007,-6.904527,-108.990552,10.499794
1782501566.012946,16.240274,rotate_to_60deg_about_tip,0.001674,23.9065,8.079875,-24.867006,-115.904262,-12.084001,-6.900588,-108.990552,10.496194
1782501566.022852,16.25018,rotate_to_60deg_about_tip,0.001927,23.8955,8.085692,-24.866618,-115.904262,-12.083995,-6.895865,-108.990552,10.49275
1782501566.032946,16.260273,rotate_to_60deg_about_tip,0.00207,23.89,8.088601,-24.866423,-115.904262,-12.083993,-6.893503,-108.990552,10.491027
1782501566.042948,16.270275,rotate_to_60deg_about_tip,0.001669,23.879,8.093556,-24.867035,-115.904262,-12.083987,-6.889781,-108.990552,10.487582
1782501566.052949,16.280277,rotate_to_60deg_about_tip,0.00193,23.8675,8.099637,-24.866629,-115.904262,-12.083982,-6.884845,-108.990552,10.483979
1782501566.062945,16.290273,rotate_to_60deg_about_tip,0.001573,23.8565,8.104592,-24.86724,-115.904262,-12.083976,-6.881124,-108.990552,10.480531
1782501566.072947,16.300275,rotate_to_60deg_about_tip,0.001768,23.8465,8.10988,-24.866887,-115.904262,-12.083972,-6.876833,-108.990552,10.477397
1782501566.082948,16.310276,rotate_to_60deg_about_tip,0.001499,23.834,8.115628,-24.867445,-115.904262,-12.083966,-6.872469,-108.990552,10.473477
1782501566.09295,16.320278,rotate_to_60deg_about_tip,0.001556,23.83,8.117743,-24.867304,-115.904262,-12.083964,-6.870753,-108.990552,10.472223
1782501566.10295,16.330278,rotate_to_60deg_about_tip,0.001772,23.8185,8.123825,-24.866898,-115.904262,-12.083959,-6.86582,-108.990552,10.468615
1782501566.11295,16.340278,rotate_to_60deg_about_tip,0.002008,23.8085,8.129113,-24.866544,-115.904262,-12.083954,-6.861531,-108.990552,10.465478
1782501566.12295,16.350278,rotate_to_60deg_about_tip,0.001637,23.7975,8.134067,-24.867156,-115.904262,-12.083949,-6.857814,-108.990552,10.462025
1782501566.132944,16.360272,rotate_to_60deg_about_tip,0.001841,23.7875,8.139355,-24.866802,-115.904262,-12.083945,-6.853526,-108.990552,10.458886
1782501566.142962,16.37029,rotate_to_60deg_about_tip,0.002086,23.7775,8.144643,-24.866449,-115.904262,-12.083941,-6.849238,-108.990552,10.455746
1782501566.152948,16.380276,rotate_to_60deg_about_tip,0.001707,23.766,8.149862,-24.867043,-115.904262,-12.083936,-6.845308,-108.990552,10.452134
1782501566.162951,16.390279,rotate_to_60deg_about_tip,0.001961,23.7545,8.155943,-24.866637,-115.904262,-12.083931,-6.840379,-108.990552,10.448521
1782501566.172957,16.400284,rotate_to_60deg_about_tip,0.002099,23.749,8.158851,-24.866442,-115.904262,-12.083929,-6.838022,-108.990552,10.446793
1782501566.18295,16.410277,rotate_to_60deg_about_tip,0.001702,23.7385,8.163542,-24.867071,-115.904262,-12.083924,-6.834522,-108.990552,10.443493
1782501566.192948,16.420275,rotate_to_60deg_about_tip,0.001938,23.7275,8.169358,-24.866683,-115.904262,-12.08392,-6.829809,-108.990552,10.440035
1782501566.202956,16.430284,rotate_to_60deg_about_tip,0.001596,23.717,8.174048,-24.867312,-115.904262,-12.083916,-6.826311,-108.990552,10.436733
1782501566.212943,16.440271,rotate_to_60deg_about_tip,0.001794,23.706,8.179864,-24.866923,-115.904262,-12.083912,-6.821599,-108.990552,10.433274
1782501566.222958,16.450286,rotate_to_60deg_about_tip,0.002061,23.6945,8.185945,-24.866517,-115.904262,-12.083907,-6.816673,-108.990552,10.429656
1782501566.232948,16.460275,rotate_to_60deg_about_tip,0.001682,23.684,8.190635,-24.867146,-115.904262,-12.083903,-6.813177,-108.990552,10.426351
1782501566.242897,16.470224,rotate_to_60deg_about_tip,0.001786,23.6785,8.193543,-24.866952,-115.904262,-12.083901,-6.810822,-108.990552,10.42462
1782501566.252964,16.480291,rotate_to_60deg_about_tip,0.002023,23.668,8.199095,-24.866581,-115.904262,-12.083898,-6.806326,-108.990552,10.421315
1782501566.262951,16.490278,rotate_to_60deg_about_tip,0.001685,23.656,8.204578,-24.867157,-115.904262,-12.083893,-6.802189,-108.990552,10.417536
1782501566.272954,16.500281,rotate_to_60deg_about_tip,0.001884,23.646,8.209866,-24.866804,-115.904262,-12.08389,-6.797909,-108.990552,10.414386
1782501566.28295,16.510278,rotate_to_60deg_about_tip,0.002135,23.6355,8.215417,-24.866433,-115.904262,-12.083886,-6.793415,-108.990552,10.411078
1782501566.292948,16.520275,rotate_to_60deg_about_tip,0.001742,23.625,8.220107,-24.867062,-115.904262,-12.083883,-6.789922,-108.990552,10.407769
1782501566.302901,16.530228,rotate_to_60deg_about_tip,0.001963,23.6145,8.225659,-24.866691,-115.904262,-12.083879,-6.78543,-108.990552,10.404459
1782501566.312897,16.540225,rotate_to_60deg_about_tip,0.001637,23.6035,8.230614,-24.867302,-115.904262,-12.083876,-6.781724,-108.990552,10.400991
1782501566.3229,16.550228,rotate_to_60deg_about_tip,0.001792,23.5945,8.235372,-24.866984,-115.904262,-12.083873,-6.777875,-108.990552,10.398153
1782501566.332901,16.560228,rotate_to_60deg_about_tip,0.002034,23.5835,8.241187,-24.866596,-115.904262,-12.083869,-6.77317,-108.990552,10.394683
1782501566.342905,16.570232,rotate_to_60deg_about_tip,0.002184,23.5775,8.244359,-24.866384,-115.904262,-12.083868,-6.770604,-108.990552,10.39279
1782501566.352941,16.580268,rotate_to_60deg_about_tip,0.001784,23.567,8.24905,-24.867013,-115.904262,-12.083864,-6.767114,-108.990552,10.389477
1782501566.362949,16.590277,rotate_to_60deg_about_tip,0.001907,23.561,8.252222,-24.866801,-115.904262,-12.083863,-6.764549,-108.990552,10.387583
1782501566.372948,16.600276,rotate_to_60deg_about_tip,0.003508,23.545,8.257508,-24.8688,-115.904262,-12.081964,-6.760274,-108.990552,10.384426
1782501566.382946,16.610273,rotate_to_60deg_about_tip,0.001681,23.545,8.25982,-24.867236,-115.904262,-12.083858,-6.758709,-108.990552,10.382531
1782501566.392948,16.620275,rotate_to_60deg_about_tip,0.001896,23.5335,8.265899,-24.866829,-115.904262,-12.083855,-6.753794,-108.990552,10.3789
1782501566.40295,16.630278,rotate_to_60deg_about_tip,0.002179,23.5215,8.272243,-24.866405,-115.904262,-12.083852,-6.748666,-108.990552,10.375109
1782501566.412945,16.640272,rotate_to_60deg_about_tip,0.001776,23.5115,8.276669,-24.867052,-115.904262,-12.083849,-6.745393,-108.990552,10.371949
1782501566.422951,16.650279,rotate_to_60deg_about_tip,0.001983,23.5015,8.281956,-24.866699,-115.904262,-12.083846,-6.741121,-108.990552,10.368788
1782501566.432963,16.66029,rotate_to_60deg_about_tip,0.002254,23.4905,8.287771,-24.86631,-115.904262,-12.083844,-6.736422,-108.990552,10.365311
1782501566.442946,16.670274,rotate_to_60deg_about_tip,0.001824,23.481,8.291932,-24.866975,-115.904262,-12.083841,-6.733365,-108.990552,10.362307
1782501566.452957,16.680285,rotate_to_60deg_about_tip,0.002075,23.4695,8.298012,-24.866568,-115.904262,-12.083838,-6.728453,-108.990552,10.35867
1782501566.462947,16.690275,rotate_to_60deg_about_tip,0.001717,23.459,8.302702,-24.867197,-115.904262,-12.083836,-6.72497,-108.990552,10.355348
1782501566.472954,16.700281,rotate_to_60deg_about_tip,0.001904,23.449,8.307988,-24.866844,-115.904262,-12.083834,-6.720701,-108.990552,10.352183
1782501566.482946,16.710274,rotate_to_60deg_about_tip,0.002146,23.4385,8.313539,-24.866473,-115.904262,-12.083831,-6.716218,-108.990552,10.34886
1782501566.492947,16.720274,rotate_to_60deg_about_tip,0.001751,23.429,8.3177,-24.867138,-115.904262,-12.083829,-6.713163,-108.990552,10.345852
1782501566.502948,16.730275,rotate_to_60deg_about_tip,0.001862,23.423,8.320872,-24.866926,-115.904262,-12.083828,-6.710603,-108.990552,10.343952
1782501566.512949,16.740277,rotate_to_60deg_about_tip,0.002082,23.413,8.326158,-24.866572,-115.904262,-12.083826,-6.706335,-108.990552,10.340785
1782501566.522953,16.75028,rotate_to_60deg_about_tip,0.001751,23.401,8.331641,-24.867148,-115.904262,-12.083824,-6.702215,-108.990552,10.336983
1782501566.532946,16.760274,rotate_to_60deg_about_tip,0.001943,23.391,8.336927,-24.866795,-115.904262,-12.083822,-6.697949,-108.990552,10.333814
1782501566.542949,16.770277,rotate_to_60deg_about_tip,0.001632,23.3815,8.341089,-24.867459,-115.904262,-12.08382,-6.694897,-108.990552,10.330803
1782501566.552948,16.780275,rotate_to_60deg_about_tip,0.001821,23.369,8.347696,-24.867018,-115.904262,-12.083818,-6.689565,-108.990552,10.32684
1782501566.562954,16.790282,rotate_to_60deg_about_tip,0.00204,23.3585,8.353246,-24.866647,-115.904262,-12.083816,-6.685088,-108.990552,10.323511
1782501566.572946,16.800273,rotate_to_60deg_about_tip,0.001703,23.348,8.357936,-24.867276,-115.904262,-12.083814,-6.681611,-108.990552,10.32018
1782501566.58295,16.810278,rotate_to_60deg_about_tip,0.001876,23.338,8.363222,-24.866923,-115.904262,-12.083813,-6.677348,-108.990552,10.317007
1782501566.592954,16.820281,rotate_to_60deg_about_tip,0.002003,23.332,8.366394,-24.866711,-115.904262,-12.083812,-6.67479,-108.990552,10.315103
1782501566.602955,16.830282,rotate_to_60deg_about_tip,0.001676,23.322,8.370819,-24.867357,-115.904262,-12.08381,-6.671528,-108.990552,10.311929
1782501566.612948,16.840276,rotate_to_60deg_about_tip,0.001835,23.312,8.376105,-24.867004,-115.904262,-12.083809,-6.667266,-108.990552,10.308755
1782501566.622947,16.850274,rotate_to_60deg_about_tip,0.002056,23.3015,8.381655,-24.866633,-115.904262,-12.083807,-6.662791,-108.990552,10.30542
1782501566.632961,16.860288,rotate_to_60deg_about_tip,0.001717,23.291,8.386345,-24.867262,-115.904262,-12.083806,-6.659318,-108.990552,10.302085
1782501566.642948,16.870275,rotate_to_60deg_about_tip,0.00189,23.281,8.39163,-24.866909,-115.904262,-12.083805,-6.655058,-108.990552,10.298908
1782501566.652951,16.880279,rotate_to_60deg_about_tip,0.002145,23.2695,8.397709,-24.866503,-115.904262,-12.083803,-6.650159,-108.990552,10.295254
1782501566.662951,16.890279,rotate_to_60deg_about_tip,0.001761,23.26,8.40187,-24.867167,-115.904262,-12.083802,-6.647113,-108.990552,10.292234
1782501566.672959,16.900286,rotate_to_60deg_about_tip,0.001969,23.249,8.407684,-24.866778,-115.904262,-12.083801,-6.642429,-108.990552,10.288737
1782501566.682945,16.910272,rotate_to_60deg_about_tip,0.002226,23.238,8.413498,-24.86639,-115.904262,-12.0838,-6.637746,-108.990552,10.285239
1782501566.692899,16.920227,rotate_to_60deg_about_tip,0.001827,23.228,8.417924,-24.867036,-115.904262,-12.083799,-6.634488,-108.990552,10.282058
1782501566.702904,16.930231,rotate_to_60deg_about_tip,0.001944,23.222,8.421095,-24.866824,-115.904262,-12.083799,-6.631934,-108.990552,10.280149
1782501566.712901,16.940229,rotate_to_60deg_about_tip,0.002171,23.212,8.42638,-24.866471,-115.904262,-12.083798,-6.627678,-108.990552,10.276967
1782501566.722902,16.95023,rotate_to_60deg_about_tip,0.001832,23.1995,8.432127,-24.86703,-115.904262,-12.083797,-6.623359,-108.990552,10.272988
1782501566.732902,16.960229,rotate_to_60deg_about_tip,0.002036,23.1895,8.437412,-24.866676,-115.904262,-12.083796,-6.619104,-108.990552,10.269804
1782501566.742984,16.970311,rotate_to_60deg_about_tip,0.001702,23.1795,8.441838,-24.867323,-115.904262,-12.083796,-6.615849,-108.990552,10.26662
1782501566.752945,16.980273,rotate_to_60deg_about_tip,0.003797,23.168,8.444745,-24.869469,-115.904262,-12.081884,-6.613509,-108.990552,10.264868
1782501566.762947,16.990275,rotate_to_60deg_about_tip,0.001987,23.1635,8.450294,-24.866758,-115.904262,-12.083795,-6.609043,-108.990552,10.261523
1782501566.772947,17.000274,rotate_to_60deg_about_tip,0.002111,23.158,8.4532,-24.866563,-115.904262,-12.083795,-6.606704,-108.990552,10.259771
1782501566.78295,17.010278,rotate_to_60deg_about_tip,0.001765,23.147,8.458155,-24.867175,-115.904262,-12.083794,-6.603026,-108.990552,10.256265
1782501566.792946,17.020273,rotate_to_60deg_about_tip,0.00195,23.137,8.463439,-24.866822,-115.904262,-12.083794,-6.598774,-108.990552,10.253077
1782501566.802948,17.030275,rotate_to_60deg_about_tip,0.002213,23.1255,8.469517,-24.866415,-115.904262,-12.083793,-6.593885,-108.990552,10.249411
1782501566.812972,17.040299,rotate_to_60deg_about_tip,0.001837,23.1145,8.474471,-24.867027,-115.904262,-12.083793,-6.590209,-108.990552,10.245902
1782501566.822949,17.050276,rotate_to_60deg_about_tip,0.00203,23.105,8.479491,-24.866691,-115.904262,-12.083793,-6.586171,-108.990552,10.242872
1782501566.832948,17.060275,rotate_to_60deg_about_tip,0.002333,23.0925,8.486097,-24.866249,-115.904262,-12.083793,-6.580859,-108.990552,10.238883
1782501566.842948,17.070276,rotate_to_60deg_about_tip,0.001897,23.083,8.490259,-24.866914,-115.904262,-12.083793,-6.577822,-108.990552,10.235851
1782501566.852948,17.080276,rotate_to_60deg_about_tip,0.002023,23.077,8.493429,-24.866702,-115.904262,-12.083793,-6.575273,-108.990552,10.233936
1782501566.862988,17.090315,rotate_to_60deg_about_tip,0.002299,23.0655,8.499506,-24.866295,-115.904262,-12.083793,-6.570388,-108.990552,10.230264
1782501566.872949,17.100277,rotate_to_60deg_about_tip,0.001891,23.055,8.504196,-24.866925,-115.904262,-12.083793,-6.566928,-108.990552,10.22691
1782501566.882951,17.110279,rotate_to_60deg_about_tip,0.002142,23.0435,8.510273,-24.866518,-115.904262,-12.083794,-6.562044,-108.990552,10.223237
1782501566.892956,17.120283,rotate_to_60deg_about_tip,0.002291,23.0375,8.513444,-24.866306,-115.904262,-12.083794,-6.559496,-108.990552,10.22132
1782501566.902949,17.130276,rotate_to_60deg_about_tip,0.001894,23.0265,8.518398,-24.866918,-115.904262,-12.083794,-6.555825,-108.990552,10.217804
1782501566.912967,17.140295,rotate_to_60deg_about_tip,0.002158,23.0145,8.524739,-24.866494,-115.904262,-12.083795,-6.550731,-108.990552,10.213968
1782501566.922957,17.150285,rotate_to_60deg_about_tip,0.001796,23.0035,8.529693,-24.867105,-115.904262,-12.083795,-6.547062,-108.990552,10.210451
1782501566.932861,17.160188,rotate_to_60deg_about_tip,0.002023,22.992,8.53577,-24.866699,-115.904262,-12.083796,-6.542181,-108.990552,10.206773
1782501566.942946,17.170273,rotate_to_60deg_about_tip,0.002261,22.982,8.541054,-24.866346,-115.904262,-12.083796,-6.537938,-108.990552,10.203573
1782501566.952851,17.180178,rotate_to_60deg_about_tip,0.001773,22.9765,8.543102,-24.867151,-115.904262,-12.083797,-6.536604,-108.990552,10.201814
1782501566.96295,17.190278,rotate_to_60deg_about_tip,0.001982,22.9655,8.548914,-24.866763,-115.904262,-12.083797,-6.531937,-108.990552,10.198293
1782501566.972948,17.200276,rotate_to_60deg_about_tip,0.002226,22.955,8.554462,-24.866392,-115.904262,-12.083798,-6.527483,-108.990552,10.194932
1782501566.982946,17.210273,rotate_to_60deg_about_tip,0.001863,22.943,8.559944,-24.866968,-115.904262,-12.083799,-6.523394,-108.990552,10.19109
1782501566.992896,17.220224,rotate_to_60deg_about_tip,0.002073,22.933,8.565228,-24.866614,-115.904262,-12.0838,-6.519153,-108.990552,10.187887
1782501567.002957,17.230284,rotate_to_60deg_about_tip,0.002229,22.9265,8.568663,-24.866385,-115.904262,-12.083801,-6.516397,-108.990552,10.185805
1782501567.012945,17.240273,rotate_to_60deg_about_tip,0.001845,22.9155,8.573617,-24.866996,-115.904262,-12.083802,-6.512733,-108.990552,10.18228
1782501567.022949,17.250277,rotate_to_60deg_about_tip,0.002053,22.9055,8.5789,-24.866643,-115.904262,-12.083803,-6.508494,-108.990552,10.179075
1782501567.03285,17.260178,rotate_to_60deg_about_tip,0.002335,22.894,8.584976,-24.866237,-115.904262,-12.083804,-6.50362,-108.990552,10.175389
1782501567.042852,17.27018,rotate_to_60deg_about_tip,0.001904,22.884,8.589402,-24.866883,-115.904262,-12.083805,-6.500382,-108.990552,10.172182
1782501567.052945,17.280273,rotate_to_60deg_about_tip,0.00216,22.8725,8.595478,-24.866477,-115.904262,-12.083807,-6.495509,-108.990552,10.168494
1782501567.062954,17.290282,rotate_to_60deg_about_tip,0.002324,22.866,8.598912,-24.866247,-115.904262,-12.083808,-6.492755,-108.990552,10.166409
1782501567.072958,17.300286,rotate_to_60deg_about_tip,0.001915,22.855,8.603866,-24.866859,-115.904262,-12.083809,-6.489095,-108.990552,10.162879
1782501567.082909,17.310237,rotate_to_60deg_about_tip,0.00215,22.8445,8.609414,-24.866488,-115.904262,-12.083811,-6.484647,-108.990552,10.15951
1782501567.092902,17.32023,rotate_to_60deg_about_tip,0.001776,22.834,8.614104,-24.867117,-115.904262,-12.083812,-6.4812,-108.990552,10.156139
1782501567.102903,17.33023,rotate_to_60deg_about_tip,0.00199,22.823,8.619915,-24.866728,-115.904262,-12.083814,-6.476542,-108.990552,10.152607
1782501567.112903,17.34023,rotate_to_60deg_about_tip,0.001677,22.812,8.624869,-24.86734,-115.904262,-12.083816,-6.472885,-108.990552,10.149074
1782501567.1229,17.350228,rotate_to_60deg_about_tip,0.001828,22.8025,8.629888,-24.867004,-115.904262,-12.083818,-6.468863,-108.990552,10.146022
1782501567.132901,17.360228,rotate_to_60deg_about_tip,0.002046,22.792,8.635435,-24.866633,-115.904262,-12.08382,-6.464419,-108.990552,10.142648
1782501567.142936,17.370263,rotate_to_60deg_about_tip,0.001703,22.7815,8.640125,-24.867262,-115.904262,-12.083821,-6.460975,-108.990552,10.139274
1782501567.153022,17.38035,rotate_to_60deg_about_tip,0.001791,22.776,8.643031,-24.867068,-115.904262,-12.083823,-6.458647,-108.990552,10.137506
1782501567.162947,17.390275,rotate_to_60deg_about_tip,0.003469,22.7645,8.6462,-24.868989,-115.904262,-12.082056,-6.456108,-108.990552,10.135577
1782501567.172961,17.400288,rotate_to_60deg_about_tip,0.002141,22.7595,8.651747,-24.866485,-115.904262,-12.083826,-6.451666,-108.990552,10.1322
1782501567.182956,17.410283,rotate_to_60deg_about_tip,0.001763,22.749,8.656437,-24.867114,-115.904262,-12.083828,-6.448224,-108.990552,10.128823
1782501567.192949,17.420277,rotate_to_60deg_about_tip,0.001968,22.7385,8.661984,-24.866743,-115.904262,-12.08383,-6.443782,-108.990552,10.125445
1782501567.20295,17.430278,rotate_to_60deg_about_tip,0.002166,22.73,8.666474,-24.866443,-115.904262,-12.083832,-6.440188,-108.990552,10.12271
1782501567.212946,17.440274,rotate_to_60deg_about_tip,0.001806,22.718,8.671957,-24.867019,-115.904262,-12.083835,-6.436113,-108.990552,10.118848
1782501567.222944,17.450271,rotate_to_60deg_about_tip,0.002012,22.708,8.677239,-24.866665,-115.904262,-12.083837,-6.431885,-108.990552,10.115628
1782501567.232949,17.460277,rotate_to_60deg_about_tip,0.001673,22.6975,8.681929,-24.867294,-115.904262,-12.083839,-6.428446,-108.990552,10.112247
1782501567.2429,17.470228,rotate_to_60deg_about_tip,0.001871,22.686,8.688004,-24.866888,-115.904262,-12.083842,-6.423585,-108.990552,10.108543
1782501567.25295,17.480277,rotate_to_60deg_about_tip,0.002093,22.676,8.693286,-24.866535,-115.904262,-12.083845,-6.419359,-108.990552,10.105321
1782501567.263002,17.49033,rotate_to_60deg_about_tip,0.001655,22.67,8.695599,-24.867323,-115.904262,-12.083846,-6.417823,-108.990552,10.103388
1782501567.272953,17.50028,rotate_to_60deg_about_tip,0.00183,22.6595,8.701146,-24.866952,-115.904262,-12.083849,-6.413387,-108.990552,10.100003
1782501567.282952,17.510279,rotate_to_60deg_about_tip,0.002069,22.6485,8.706956,-24.866563,-115.904262,-12.083852,-6.408739,-108.990552,10.096457
1782501567.292952,17.52028,rotate_to_60deg_about_tip,0.001727,22.6365,8.712438,-24.867139,-115.904262,-12.083855,-6.40467,-108.990552,10.092588
1782501567.302954,17.530282,rotate_to_60deg_about_tip,0.00192,22.6265,8.71772,-24.866786,-115.904262,-12.083858,-6.400447,-108.990552,10.089362
1782501567.312954,17.540281,rotate_to_60deg_about_tip,0.002178,22.6155,8.723531,-24.866398,-115.904262,-12.083861,-6.395802,-108.990552,10.085813
1782501567.322955,17.550282,rotate_to_60deg_about_tip,0.001767,22.6055,8.727956,-24.867044,-115.904262,-12.083864,-6.392579,-108.990552,10.082586
1782501567.332954,17.560281,rotate_to_60deg_about_tip,0.001864,22.6005,8.730597,-24.866868,-115.904262,-12.083865,-6.390468,-108.990552,10.080973
1782501567.342969,17.570297,rotate_to_60deg_about_tip,0.002139,22.5885,8.736936,-24.866444,-115.904262,-12.083869,-6.385403,-108.990552,10.077099
1782501567.35295,17.580277,rotate_to_60deg_about_tip,0.001737,22.5785,8.741361,-24.86709,-115.904262,-12.083872,-6.382182,-108.990552,10.07387
1782501567.362951,17.590278,rotate_to_60deg_about_tip,0.001959,22.5675,8.747171,-24.866702,-115.904262,-12.083876,-6.37754,-108.990552,10.070317
1782501567.372893,17.600221,rotate_to_60deg_about_tip,0.002202,22.5575,8.752453,-24.866349,-115.904262,-12.083879,-6.37332,-108.990552,10.067087
1782501567.382951,17.610278,rotate_to_60deg_about_tip,0.001715,22.551,8.75503,-24.867119,-115.904262,-12.083881,-6.371578,-108.990552,10.064986
1782501567.392953,17.620281,rotate_to_60deg_about_tip,0.001979,22.538,8.761896,-24.86666,-115.904262,-12.083885,-6.366093,-108.990552,10.060785
1782501567.402954,17.630282,rotate_to_60deg_about_tip,0.002226,22.528,8.767178,-24.866306,-115.904262,-12.083889,-6.361875,-108.990552,10.057552
1782501567.412954,17.640282,rotate_to_60deg_about_tip,0.001834,22.516,8.77266,-24.866882,-115.904262,-12.083893,-6.357815,-108.990552,10.053672
1782501567.42295,17.650277,rotate_to_60deg_about_tip,0.002084,22.505,8.77847,-24.866494,-115.904262,-12.083897,-6.353176,-108.990552,10.050114
1782501567.43295,17.660278,rotate_to_60deg_about_tip,0.001617,22.4995,8.780519,-24.8673,-115.904262,-12.083899,-6.351857,-108.990552,10.048335
1782501567.442955,17.670283,rotate_to_60deg_about_tip,0.001799,22.489,8.786064,-24.866929,-115.904262,-12.083903,-6.347431,-108.990552,10.044938
1782501567.452951,17.680279,rotate_to_60deg_about_tip,0.002045,22.478,8.791874,-24.86654,-115.904262,-12.083907,-6.342794,-108.990552,10.041378
1782501567.462952,17.690279,rotate_to_60deg_about_tip,0.001673,22.467,8.796827,-24.867151,-115.904262,-12.083911,-6.339158,-108.990552,10.037817
1782501567.472894,17.700221,rotate_to_60deg_about_tip,0.001868,22.457,8.802109,-24.866798,-115.904262,-12.083915,-6.334944,-108.990552,10.034579
1782501567.482953,17.710281,rotate_to_60deg_about_tip,0.00213,22.446,8.807918,-24.86641,-115.904262,-12.083919,-6.330309,-108.990552,10.031016
1782501567.492959,17.720287,rotate_to_60deg_about_tip,0.001641,22.44,8.810231,-24.867198,-115.904262,-12.083921,-6.328782,-108.990552,10.029073
1782501567.502954,17.730282,rotate_to_60deg_about_tip,0.001863,22.4285,8.816305,-24.866791,-115.904262,-12.083926,-6.323937,-108.990552,10.025347
1782501567.512954,17.740281,rotate_to_60deg_about_tip,0.00214,22.417,8.822378,-24.866385,-115.904262,-12.083931,-6.319094,-108.990552,10.02162
1782501567.522971,17.750299,rotate_to_60deg_about_tip,0.001724,22.4065,8.827067,-24.867014,-115.904262,-12.083935,-6.315672,-108.990552,10.018216
1782501567.532955,17.760283,rotate_to_60deg_about_tip,0.001938,22.3965,8.832348,-24.866661,-115.904262,-12.083939,-6.311462,-108.990552,10.014974
1782501567.542956,17.770284,rotate_to_60deg_about_tip,0.00158,22.386,8.837038,-24.86729,-115.904262,-12.083944,-6.308041,-108.990552,10.011568
1782501567.55305,17.780378,rotate_to_60deg_about_tip,0.001778,22.375,8.842847,-24.866901,-115.904262,-12.083949,-6.303411,-108.990552,10.008
1782501567.562964,17.790291,rotate_to_60deg_about_tip,0.003759,22.3645,8.844959,-24.869266,-115.904262,-12.081844,-6.301727,-108.990552,10.006702
1782501567.572894,17.800221,rotate_to_60deg_about_tip,0.002019,22.3645,8.848392,-24.86653,-115.904262,-12.083953,-6.298992,-108.990552,10.004593
1782501567.582949,17.810277,rotate_to_60deg_about_tip,0.001645,22.353,8.853609,-24.867124,-115.904262,-12.083958,-6.295152,-108.990552,10.000861
1782501567.592949,17.820277,rotate_to_60deg_about_tip,0.00187,22.342,8.859418,-24.866736,-115.904262,-12.083963,-6.290524,-108.990552,9.99729
1782501567.602953,17.830281,rotate_to_60deg_about_tip,0.002156,22.3305,8.865491,-24.866329,-115.904262,-12.083969,-6.285686,-108.990552,9.993556
1782501567.612974,17.840302,rotate_to_60deg_about_tip,0.001744,22.319,8.870709,-24.866923,-115.904262,-12.083974,-6.281849,-108.990552,9.98982
1782501567.622956,17.850284,rotate_to_60deg_about_tip,0.00196,22.3095,8.875725,-24.866588,-115.904262,-12.083979,-6.277854,-108.990552,9.986734
1782501567.632902,17.86023,rotate_to_60deg_about_tip,0.0021,22.304,8.878629,-24.866393,-115.904262,-12.083981,-6.275541,-108.990552,9.984947
1782501567.642849,17.870176,rotate_to_60deg_about_tip,0.001676,22.2935,8.883319,-24.867022,-115.904262,-12.083986,-6.272126,-108.990552,9.981535
1782501567.652844,17.880172,rotate_to_60deg_about_tip,0.001919,22.2825,8.889127,-24.866634,-115.904262,-12.083992,-6.267502,-108.990552,9.977959
1782501567.66297,17.890298,rotate_to_60deg_about_tip,0.001552,22.2715,8.894081,-24.867245,-115.904262,-12.083997,-6.263878,-108.990552,9.974382
1782501567.672894,17.900221,rotate_to_60deg_about_tip,0.001741,22.2615,8.899361,-24.866892,-115.904262,-12.084002,-6.259675,-108.990552,9.97113
1782501567.682902,17.91023,rotate_to_60deg_about_tip,0.002013,22.25,8.905433,-24.866486,-115.904262,-12.084008,-6.254842,-108.990552,9.967389
1782501567.692951,17.920279,rotate_to_60deg_about_tip,0.002158,22.2445,8.908337,-24.866291,-115.904262,-12.084011,-6.252531,-108.990552,9.965599
1782501567.702956,17.930283,rotate_to_60deg_about_tip,0.001723,22.2335,8.913291,-24.866903,-115.904262,-12.084017,-6.24891,-108.990552,9.96202
1782501567.712952,17.94028,rotate_to_60deg_about_tip,0.002021,22.221,8.919891,-24.866461,-115.904262,-12.084023,-6.243659,-108.990552,9.957951
1782501567.722955,17.950283,rotate_to_60deg_about_tip,0.001594,22.211,8.924316,-24.867108,-115.904262,-12.084029,-6.240459,-108.990552,9.954695
1782501567.732905,17.960232,rotate_to_60deg_about_tip,0.001817,22.2005,8.92986,-24.866737,-115.904262,-12.084034,-6.23605,-108.990552,9.951275
1782501567.74295,17.970278,rotate_to_60deg_about_tip,0.002109,22.189,8.935932,-24.866331,-115.904262,-12.084041,-6.231221,-108.990552,9.947529
1782501567.752955,17.980282,rotate_to_60deg_about_tip,0.001664,22.1785,8.940622,-24.86696,-115.904262,-12.084047,-6.227813,-108.990552,9.944108
1782501567.762954,17.990281,rotate_to_60deg_about_tip,0.001774,22.1735,8.943262,-24.866783,-115.904262,-12.084049,-6.225714,-108.990552,9.942478
1782501567.772891,18.000218,rotate_to_60deg_about_tip,0.002064,22.162,8.949333,-24.866377,-115.904262,-12.084056,-6.220887,-108.990552,9.93873
1782501567.782905,18.010232,rotate_to_60deg_about_tip,0.001614,22.152,8.953759,-24.867024,-115.904262,-12.084062,-6.21769,-108.990552,9.935469
1782501567.792896,18.020224,rotate_to_60deg_about_tip,0.001863,22.141,8.959566,-24.866635,-115.904262,-12.084068,-6.213075,-108.990552,9.931882
1782501567.802954,18.030282,rotate_to_60deg_about_tip,0.001492,22.1295,8.964784,-24.867229,-115.904262,-12.084075,-6.20925,-108.990552,9.928131
1782501567.812954,18.040282,rotate_to_60deg_about_tip,0.001701,22.119,8.970327,-24.866858,-115.904262,-12.084081,-6.204846,-108.990552,9.924705
1782501567.822953,18.05028,rotate_to_60deg_about_tip,0.001959,22.1085,8.975871,-24.866487,-115.904262,-12.084087,-6.200442,-108.990552,9.921278
1782501567.832905,18.060232,rotate_to_60deg_about_tip,0.001535,22.098,8.98056,-24.867116,-115.904262,-12.084094,-6.197038,-108.990552,9.917851
1782501567.842954,18.070282,rotate_to_60deg_about_tip,0.001739,22.0885,8.985575,-24.866781,-115.904262,-12.084099,-6.193055,-108.990552,9.914749
1782501567.852953,18.080281,rotate_to_60deg_about_tip,0.00202,22.0775,8.991383,-24.866392,-115.904262,-12.084106,-6.188443,-108.990552,9.911157
1782501567.862956,18.090283,rotate_to_60deg_about_tip,0.001564,22.0675,8.995808,-24.867039,-115.904262,-12.084112,-6.185251,-108.990552,9.90789
1782501567.872894,18.100222,rotate_to_60deg_about_tip,0.00178,22.058,9.000823,-24.866703,-115.904262,-12.084118,-6.18127,-108.990552,9.904787
1782501567.882909,18.110236,rotate_to_60deg_about_tip,0.001933,22.052,9.003991,-24.866491,-115.904262,-12.084122,-6.178755,-108.990552,9.902826
1782501567.892896,18.120224,rotate_to_60deg_about_tip,0.001523,22.0405,9.009208,-24.867085,-115.904262,-12.08413,-6.174936,-108.990552,9.899067
1782501567.902954,18.130282,rotate_to_60deg_about_tip,0.001759,22.03,9.014751,-24.866714,-115.904262,-12.084136,-6.170537,-108.990552,9.895635
1782501567.912955,18.140282,rotate_to_60deg_about_tip,0.002036,22.0195,9.020294,-24.866343,-115.904262,-12.084143,-6.166139,-108.990552,9.892201
1782501567.922956,18.150283,rotate_to_60deg_about_tip,0.001608,22.0075,9.025775,-24.86692,-115.904262,-12.084151,-6.162112,-108.990552,9.888276
1782501567.93298,18.160308,rotate_to_60deg_about_tip,0.001751,22.0015,9.028942,-24.866708,-115.904262,-12.084155,-6.1596,-108.990552,9.886313
1782501567.942971,18.170299,rotate_to_60deg_about_tip,0.002016,21.9915,9.034221,-24.866354,-115.904262,-12.084162,-6.155412,-108.990552,9.883041
1782501567.952972,18.180299,rotate_to_60deg_about_tip,0.00146,21.9855,9.036535,-24.867142,-115.904262,-12.084166,-6.1539,-108.990552,9.881078
1782501567.962963,18.190291,rotate_to_60deg_about_tip,0.001668,21.976,9.04155,-24.866807,-115.904262,-12.084172,-6.149923,-108.990552,9.877968
1782501567.972957,18.200285,rotate_to_60deg_about_tip,0.00194,21.9655,9.047093,-24.866436,-115.904262,-12.08418,-6.145527,-108.990552,9.87453
1782501567.982953,18.210281,rotate_to_60deg_about_tip,0.00151,21.954,9.05231,-24.86703,-115.904262,-12.084188,-6.141714,-108.990552,9.870764
1782501567.992906,18.220234,rotate_to_60deg_about_tip,0.001772,21.943,9.058116,-24.866641,-115.904262,-12.084195,-6.137111,-108.990552,9.867161
1782501568.002941,18.230269,rotate_to_60deg_about_tip,0.001352,21.933,9.062541,-24.867288,-115.904262,-12.084202,-6.133927,-108.990552,9.863885
1782501568.012948,18.240276,rotate_to_60deg_about_tip,0.001543,21.9235,9.067556,-24.866953,-115.904262,-12.084209,-6.129952,-108.990552,9.860772
1782501568.022955,18.250283,rotate_to_60deg_about_tip,0.001817,21.9125,9.073362,-24.866564,-115.904262,-12.084217,-6.125351,-108.990552,9.857166
1782501568.032953,18.26028,rotate_to_60deg_about_tip,0.001393,21.9015,9.078315,-24.867175,-115.904262,-12.084225,-6.12175,-108.990552,9.85356
1782501568.04295,18.270278,rotate_to_60deg_about_tip,0.001627,21.891,9.083858,-24.866805,-115.904262,-12.084233,-6.117359,-108.990552,9.850116
1782501568.052943,18.280271,rotate_to_60deg_about_tip,0.001905,21.8805,9.0894,-24.866434,-115.904262,-12.084241,-6.112969,-108.990552,9.846672
1782501568.062942,18.29027,rotate_to_60deg_about_tip,0.001332,21.8755,9.091186,-24.867257,-115.904262,-12.084244,-6.111879,-108.990552,9.845032
1782501568.072952,18.30028,rotate_to_60deg_about_tip,0.001556,21.865,9.096728,-24.866886,-115.904262,-12.084252,-6.107489,-108.990552,9.841587
1782501568.082955,18.310283,rotate_to_60deg_about_tip,0.001815,21.855,9.102006,-24.866533,-115.904262,-12.08426,-6.10331,-108.990552,9.838305
1782501568.092899,18.320227,rotate_to_60deg_about_tip,0.001386,21.8435,9.107223,-24.867127,-115.904262,-12.084268,-6.099504,-108.990552,9.834529
1782501568.102952,18.33028,rotate_to_60deg_about_tip,0.00162,21.8335,9.112501,-24.866774,-115.904262,-12.084276,-6.095325,-108.990552,9.831246
1782501568.112968,18.340295,rotate_to_60deg_about_tip,0.001891,21.8235,9.117779,-24.86642,-115.904262,-12.084284,-6.091147,-108.990552,9.827961
1782501568.122951,18.350279,rotate_to_60deg_about_tip,0.001439,21.812,9.122996,-24.867014,-115.904262,-12.084293,-6.087343,-108.990552,9.824184
1782501568.132956,18.360284,rotate_to_60deg_about_tip,0.001559,21.807,9.125635,-24.866838,-115.904262,-12.084297,-6.085255,-108.990552,9.822541
1782501568.142956,18.370284,rotate_to_60deg_about_tip,0.001869,21.7955,9.131704,-24.866431,-115.904262,-12.084306,-6.080452,-108.990552,9.818761
1782501568.152954,18.380282,rotate_to_60deg_about_tip,0.001392,21.785,9.136393,-24.867061,-115.904262,-12.084314,-6.077068,-108.990552,9.81531
1782501568.162952,18.39028,rotate_to_60deg_about_tip,0.001639,21.775,9.141671,-24.866707,-115.904262,-12.084322,-6.072893,-108.990552,9.812022
1782501568.172953,18.400281,rotate_to_60deg_about_tip,0.001964,21.7635,9.14774,-24.866301,-115.904262,-12.084332,-6.068092,-108.990552,9.80824
1782501568.182958,18.410285,rotate_to_60deg_about_tip,0.001438,21.754,9.151902,-24.866966,-115.904262,-12.08434,-6.065127,-108.990552,9.805115
1782501568.192898,18.420225,rotate_to_60deg_about_tip,0.001754,21.742,9.158235,-24.866542,-115.904262,-12.084349,-6.060119,-108.990552,9.801167
1782501568.202952,18.430279,rotate_to_60deg_about_tip,0.001321,21.73,9.163715,-24.867118,-115.904262,-12.084359,-6.056112,-108.990552,9.797218
1782501568.212956,18.440284,rotate_to_60deg_about_tip,0.001438,21.725,9.166354,-24.866941,-115.904262,-12.084364,-6.054026,-108.990552,9.795572
1782501568.222959,18.450286,rotate_to_60deg_about_tip,0.001745,21.7135,9.172423,-24.866535,-115.904262,-12.084373,-6.049228,-108.990552,9.791786
1782501568.232973,18.460301,rotate_to_60deg_about_tip,0.001285,21.7025,9.177376,-24.867147,-115.904262,-12.084383,-6.04564,-108.990552,9.788163
1782501568.242955,18.470283,rotate_to_60deg_about_tip,0.001516,21.693,9.182389,-24.866811,-115.904262,-12.084391,-6.041678,-108.990552,9.785034
1782501568.252955,18.480283,rotate_to_60deg_about_tip,0.00113,21.681,9.18787,-24.867387,-115.904262,-12.084401,-6.037675,-108.990552,9.781081
1782501568.262949,18.490277,rotate_to_60deg_about_tip,0.001352,21.6705,9.193411,-24.867017,-115.904262,-12.08441,-6.033297,-108.990552,9.777621
1782501568.272968,18.500295,rotate_to_60deg_about_tip,0.001492,21.665,9.196313,-24.866822,-115.904262,-12.084415,-6.031004,-108.990552,9.775808
1782501568.282954,18.510282,rotate_to_60deg_about_tip,0.001086,21.654,9.201266,-24.867434,-115.904262,-12.084425,-6.027419,-108.990552,9.772181
1782501568.2929,18.520227,rotate_to_60deg_about_tip,0.001339,21.642,9.207598,-24.86701,-115.904262,-12.084435,-6.022418,-108.990552,9.768224
1782501568.302952,18.53028,rotate_to_60deg_about_tip,0.001634,21.631,9.213403,-24.866621,-115.904262,-12.084445,-6.017835,-108.990552,9.764596
1782501568.312949,18.540277,rotate_to_60deg_about_tip,0.001174,21.62,9.218356,-24.867233,-115.904262,-12.084455,-6.014252,-108.990552,9.760967
1782501568.322953,18.550281,rotate_to_60deg_about_tip,0.001403,21.6105,9.223369,-24.866897,-115.904262,-12.084464,-6.010294,-108.990552,9.757832
1782501568.332973,18.5603,rotate_to_60deg_about_tip,0.001698,21.6,9.228909,-24.866527,-115.904262,-12.084473,-6.005921,-108.990552,9.754367
1782501568.342959,18.570287,rotate_to_60deg_about_tip,0.001086,21.595,9.230696,-24.86735,-115.904262,-12.084478,-6.004839,-108.990552,9.752716
1782501568.352951,18.580279,rotate_to_60deg_about_tip,0.00118,21.5905,9.23307,-24.867191,-115.904262,-12.084482,-6.002965,-108.990552,9.751231
1782501568.362955,18.590282,rotate_to_60deg_about_tip,0.002841,21.5735,9.239139,-24.868881,-115.904262,-12.082681,-5.998176,-108.990552,9.747433
1782501568.372967,18.600295,rotate_to_60deg_about_tip,0.001021,21.569,9.243564,-24.867432,-115.904262,-12.084502,-5.995013,-108.990552,9.74413
1782501568.382955,18.610283,rotate_to_60deg_about_tip,0.001262,21.558,9.249368,-24.867043,-115.904262,-12.084512,-5.990434,-108.990552,9.740496
1782501568.392895,18.620222,rotate_to_60deg_about_tip,0.001607,21.5455,9.255964,-24.866602,-115.904262,-12.084524,-5.985232,-108.990552,9.736366
1782501568.402846,18.630174,rotate_to_60deg_about_tip,0.000993,21.541,9.257486,-24.867443,-115.904262,-12.084528,-5.984359,-108.990552,9.734879
1782501568.412842,18.64017,rotate_to_60deg_about_tip,0.001261,21.529,9.263818,-24.867019,-115.904262,-12.08454,-5.979366,-108.990552,9.730912
1782501568.42295,18.650277,rotate_to_60deg_about_tip,0.001569,21.518,9.269622,-24.866631,-115.904262,-12.08455,-5.974789,-108.990552,9.727275
1782501568.432952,18.66028,rotate_to_60deg_about_tip,0.001076,21.5075,9.274311,-24.86726,-115.904262,-12.084561,-5.971422,-108.990552,9.723802
1782501568.442956,18.670283,rotate_to_60deg_about_tip,0.001371,21.496,9.280378,-24.866854,-115.904262,-12.084572,-5.966639,-108.990552,9.719998
1782501568.452956,18.680284,rotate_to_60deg_about_tip,0.001666,21.486,9.285655,-24.866501,-115.904262,-12.084582,-5.96248,-108.990552,9.716689
1782501568.462958,18.690285,rotate_to_60deg_about_tip,0.001144,21.4755,9.290343,-24.86713,-115.904262,-12.084592,-5.959114,-108.990552,9.713214
1782501568.472956,18.700283,rotate_to_60deg_about_tip,0.001447,21.4645,9.296147,-24.866741,-115.904262,-12.084603,-5.954541,-108.990552,9.709572
1782501568.482955,18.710283,rotate_to_60deg_about_tip,0.001783,21.4535,9.301951,-24.866353,-115.904262,-12.084614,-5.949969,-108.990552,9.70593
1782501568.492849,18.720177,rotate_to_60deg_about_tip,0.001079,21.449,9.303474,-24.867194,-115.904262,-12.084619,-5.949099,-108.990552,9.70444
1782501568.50295,18.730277,rotate_to_60deg_about_tip,0.001364,21.4385,9.309013,-24.866823,-115.904262,-12.084629,-5.944735,-108.990552,9.700962
1782501568.512954,18.740282,rotate_to_60deg_about_tip,0.001729,21.4265,9.315344,-24.866399,-115.904262,-12.084641,-5.939749,-108.990552,9.696986
1782501568.522956,18.750284,rotate_to_60deg_about_tip,0.001155,21.417,9.319505,-24.867064,-115.904262,-12.084651,-5.936802,-108.990552,9.693838
1782501568.532955,18.760282,rotate_to_60deg_about_tip,0.001443,21.407,9.324781,-24.866711,-115.904262,-12.084661,-5.932649,-108.990552,9.690523
1782501568.542958,18.770286,rotate_to_60deg_about_tip,0.000951,21.396,9.329733,-24.867322,-115.904262,-12.084673,-5.92908,-108.990552,9.686876
1782501568.552956,18.780283,rotate_to_60deg_about_tip,0.001241,21.385,9.335537,-24.866934,-115.904262,-12.084684,-5.924512,-108.990552,9.683228
1782501568.562955,18.790282,rotate_to_60deg_about_tip,0.001558,21.3745,9.341076,-24.866563,-115.904262,-12.084695,-5.920152,-108.990552,9.679746
1782501568.572958,18.800285,rotate_to_60deg_about_tip,0.000982,21.3655,9.344973,-24.867245,-115.904262,-12.084705,-5.917416,-108.990552,9.67676
1782501568.582954,18.810282,rotate_to_60deg_about_tip,0.001158,21.359,9.348402,-24.867016,-115.904262,-12.084712,-5.914718,-108.990552,9.674603
1782501568.592954,18.820282,rotate_to_60deg_about_tip,0.001457,21.349,9.353678,-24.866663,-115.904262,-12.084723,-5.910567,-108.990552,9.671284
1782501568.602958,18.830285,rotate_to_60deg_about_tip,0.00098,21.3365,9.359421,-24.867221,-115.904262,-12.084736,-5.90638,-108.990552,9.667135
1782501568.612964,18.840292,rotate_to_60deg_about_tip,0.001279,21.326,9.36496,-24.86685,-115.904262,-12.084747,-5.902023,-108.990552,9.663648
1782501568.622952,18.85028,rotate_to_60deg_about_tip,0.001609,21.3155,9.370499,-24.86648,-115.904262,-12.084759,-5.897667,-108.990552,9.660161
1782501568.632954,18.860282,rotate_to_60deg_about_tip,0.001062,21.3045,9.375452,-24.867091,-115.904262,-12.084771,-5.894104,-108.990552,9.656507
1782501568.642957,18.870285,rotate_to_60deg_about_tip,0.001348,21.295,9.380463,-24.866756,-115.904262,-12.084781,-5.890164,-108.990552,9.65335
1782501568.652972,18.880299,rotate_to_60deg_about_tip,0.001668,21.285,9.385738,-24.866403,-115.904262,-12.084792,-5.886017,-108.990552,9.650027
1782501568.662954,18.890282,rotate_to_60deg_about_tip,0.000965,21.279,9.388053,-24.867191,-115.904262,-12.084799,-5.88453,-108.990552,9.648032
1782501568.672954,18.900281,rotate_to_60deg_about_tip,0.001293,21.268,9.393855,-24.866802,-115.904262,-12.084811,-5.879969,-108.990552,9.644375
1782501568.682964,18.910291,rotate_to_60deg_about_tip,0.001631,21.2575,9.399394,-24.866431,-115.904262,-12.084823,-5.875617,-108.990552,9.640883
1782501568.692957,18.920285,rotate_to_60deg_about_tip,0.001068,21.2465,9.404346,-24.867043,-115.904262,-12.084835,-5.872057,-108.990552,9.637225
1782501568.702955,18.930283,rotate_to_60deg_about_tip,0.001446,21.2345,9.410676,-24.866619,-115.904262,-12.084849,-5.867085,-108.990552,9.633232
1782501568.71296,18.940288,rotate_to_60deg_about_tip,0.000895,21.2235,9.415628,-24.867231,-115.904262,-12.084862,-5.863527,-108.990552,9.629572
1782501568.722951,18.950279,rotate_to_60deg_about_tip,0.001028,21.219,9.418001,-24.867072,-115.904262,-12.084867,-5.861663,-108.990552,9.628074
1782501568.732955,18.960282,rotate_to_60deg_about_tip,0.001391,21.2075,9.424067,-24.866666,-115.904262,-12.08488,-5.856899,-108.990552,9.624245
1782501568.742988,18.970316,rotate_to_60deg_about_tip,0.000825,21.197,9.428756,-24.867295,-115.904262,-12.084892,-5.85355,-108.990552,9.620749
1782501568.753059,18.980387,rotate_to_60deg_about_tip,0.001111,21.1875,9.433766,-24.86696,-115.904262,-12.084903,-5.849616,-108.990552,9.617585
1782501568.762955,18.990283,rotate_to_60deg_about_tip,0.002231,21.177,9.436667,-24.868659,-115.904262,-12.08325,-5.847339,-108.990552,9.615753
1782501568.772955,19.000282,rotate_to_60deg_about_tip,0.001635,21.1715,9.442206,-24.866395,-115.904262,-12.084922,-5.842991,-108.990552,9.612255
1782501568.782958,19.010286,rotate_to_60deg_about_tip,0.001039,21.161,9.446894,-24.867024,-115.904262,-12.084935,-5.839645,-108.990552,9.608756
1782501568.792953,19.020281,rotate_to_60deg_about_tip,0.001381,21.1505,9.452432,-24.866653,-115.904262,-12.084947,-5.835299,-108.990552,9.605256
1782501568.802954,19.030282,rotate_to_60deg_about_tip,0.000769,21.141,9.456593,-24.867318,-115.904262,-12.084959,-5.832367,-108.990552,9.602089
1782501568.812956,19.040284,rotate_to_60deg_about_tip,0.001177,21.128,9.463449,-24.866859,-115.904262,-12.084974,-5.826988,-108.990552,9.597754
1782501568.822954,19.050281,rotate_to_60deg_about_tip,0.000588,21.1185,9.46761,-24.867523,-115.904262,-12.084986,-5.824058,-108.990552,9.594585
1782501568.832954,19.060281,rotate_to_60deg_about_tip,0.000864,21.109,9.47262,-24.867188,-115.904262,-12.084997,-5.820128,-108.990552,9.591416
1782501568.842904,19.070231,rotate_to_60deg_about_tip,0.00104,21.1035,9.475521,-24.866994,-115.904262,-12.085004,-5.817853,-108.990552,9.589581
1782501568.85295,19.080278,rotate_to_60deg_about_tip,0.00139,21.093,9.481059,-24.866623,-115.904262,-12.085017,-5.813511,-108.990552,9.586076
1782501568.862954,19.090281,rotate_to_60deg_about_tip,0.000824,21.0815,9.486275,-24.867217,-115.904262,-12.085031,-5.809755,-108.990552,9.582238
1782501568.87296,19.100287,rotate_to_60deg_about_tip,0.001168,21.071,9.491812,-24.866846,-115.904262,-12.085044,-5.805414,-108.990552,9.578732
1782501568.882957,19.110285,rotate_to_60deg_about_tip,0.001542,21.06,9.497613,-24.866458,-115.904262,-12.085058,-5.800867,-108.990552,9.575058
1782501568.892952,19.12028,rotate_to_60deg_about_tip,0.000783,21.054,9.499928,-24.867246,-115.904262,-12.085065,-5.799387,-108.990552,9.573054
1782501568.902847,19.130174,rotate_to_60deg_about_tip,0.001164,21.0425,9.505993,-24.86684,-115.904262,-12.08508,-5.794634,-108.990552,9.569212
1782501568.912846,19.140174,rotate_to_60deg_about_tip,0.001575,21.0305,9.512321,-24.866416,-115.904262,-12.085095,-5.789676,-108.990552,9.565202
1782501568.92295,19.150277,rotate_to_60deg_about_tip,0.000958,21.02,9.51701,-24.867046,-115.904262,-12.085108,-5.786338,-108.990552,9.561692
1782501568.932959,19.160287,rotate_to_60deg_about_tip,0.001368,21.008,9.523338,-24.866622,-115.904262,-12.085123,-5.781381,-108.990552,9.55768
1782501568.942954,19.170282,rotate_to_60deg_about_tip,0.000737,20.998,9.527762,-24.867269,-115.904262,-12.085136,-5.778251,-108.990552,9.554336
1782501568.952955,19.180282,rotate_to_60deg_about_tip,0.001092,20.9875,9.533299,-24.866898,-115.904262,-12.08515,-5.773915,-108.990552,9.550824
1782501568.96295,19.190278,rotate_to_60deg_about_tip,0.001455,20.977,9.538836,-24.866528,-115.904262,-12.085163,-5.769579,-108.990552,9.547311
1782501568.972952,19.200279,rotate_to_60deg_about_tip,0.000648,20.972,9.540624,-24.867351,-115.904262,-12.08517,-5.768515,-108.990552,9.545638
1782501568.982951,19.210279,rotate_to_60deg_about_tip,0.001039,20.9605,9.546688,-24.866945,-115.904262,-12.085185,-5.763768,-108.990552,9.541789
1782501568.992849,19.220177,rotate_to_60deg_about_tip,0.001439,20.949,9.552752,-24.866539,-115.904262,-12.0852,-5.759021,-108.990552,9.537939
1782501569.002947,19.230275,rotate_to_60deg_about_tip,0.000832,20.938,9.557704,-24.867151,-115.904262,-12.085215,-5.755482,-108.990552,9.534256
1782501569.012954,19.240282,rotate_to_60deg_about_tip,0.001039,20.932,9.560868,-24.866939,-115.904262,-12.085223,-5.753006,-108.990552,9.532246
1782501569.022951,19.250278,rotate_to_60deg_about_tip,0.001476,20.9195,9.567459,-24.866498,-115.904262,-12.085239,-5.747849,-108.990552,9.528059
1782501569.032954,19.260281,rotate_to_60deg_about_tip,0.000797,20.9105,9.571356,-24.86718,-115.904262,-12.085251,-5.745137,-108.990552,9.525044
1782501569.042956,19.270283,rotate_to_60deg_about_tip,0.001198,20.899,9.57742,-24.866774,-115.904262,-12.085267,-5.740394,-108.990552,9.52119
1782501569.052897,19.280225,rotate_to_60deg_about_tip,0.001567,20.8885,9.582957,-24.866403,-115.904262,-12.085281,-5.736064,-108.990552,9.51767
1782501569.062951,19.290278,rotate_to_60deg_about_tip,0.000938,20.878,9.587645,-24.867032,-115.904262,-12.085295,-5.732734,-108.990552,9.51415
1782501569.073001,19.300328,rotate_to_60deg_about_tip,0.001377,20.8655,9.594235,-24.866591,-115.904262,-12.085312,-5.727581,-108.990552,9.509958
1782501569.08295,19.310278,rotate_to_60deg_about_tip,0.001518,20.8615,9.596345,-24.86645,-115.904262,-12.085318,-5.725932,-108.990552,9.508616
1782501569.092955,19.320282,rotate_to_60deg_about_tip,0.000924,20.85,9.60156,-24.867044,-115.904262,-12.085333,-5.722193,-108.990552,9.504758
1782501569.102959,19.330287,rotate_to_60deg_about_tip,0.001277,20.84,9.606832,-24.866691,-115.904262,-12.085347,-5.718072,-108.990552,9.501402
1782501569.112951,19.340279,rotate_to_60deg_about_tip,0.000629,20.83,9.611257,-24.867338,-115.904262,-12.085361,-5.714951,-108.990552,9.498046
1782501569.122956,19.350283,rotate_to_60deg_about_tip,0.001053,20.818,9.617583,-24.866914,-115.904262,-12.085378,-5.710008,-108.990552,9.494018
1782501569.132977,19.360304,rotate_to_60deg_about_tip,0.001442,20.807,9.623383,-24.866526,-115.904262,-12.085393,-5.705477,-108.990552,9.490324
1782501569.142956,19.370284,rotate_to_60deg_about_tip,0.000813,20.7965,9.628071,-24.867155,-115.904262,-12.085408,-5.702153,-108.990552,9.486797
1782501569.152963,19.380291,rotate_to_60deg_about_tip,0.001831,20.785,9.631498,-24.868808,-115.904262,-12.083744,-5.699476,-108.990552,9.484614
1782501569.162952,19.39028,rotate_to_60deg_about_tip,0.00136,20.781,9.636243,-24.866608,-115.904262,-12.08543,-5.69577,-108.990552,9.48159
1782501569.172958,19.400286,rotate_to_60deg_about_tip,0.000751,20.77,9.641194,-24.86722,-115.904262,-12.085446,-5.692242,-108.990552,9.477893
1782501569.182955,19.410282,rotate_to_60deg_about_tip,0.00091,20.7655,9.643567,-24.867061,-115.904262,-12.085452,-5.690389,-108.990552,9.476381
1782501569.192954,19.420282,rotate_to_60deg_about_tip,0.001281,20.755,9.649103,-24.86669,-115.904262,-12.085467,-5.686068,-108.990552,9.472851
1782501569.202951,19.430279,rotate_to_60deg_about_tip,0.000692,20.7435,9.654317,-24.867284,-115.904262,-12.085484,-5.682335,-108.990552,9.468984
1782501569.212956,19.440284,rotate_to_60deg_about_tip,0.001079,20.7325,9.660117,-24.866896,-115.904262,-12.0855,-5.677809,-108.990552,9.465285
1782501569.222957,19.450284,rotate_to_60deg_about_tip,0.00129,20.7265,9.66328,-24.866684,-115.904262,-12.085508,-5.675341,-108.990552,9.463267
1782501569.232953,19.460281,rotate_to_60deg_about_tip,0.000706,20.715,9.668495,-24.867278,-115.904262,-12.085525,-5.67161,-108.990552,9.459397
1782501569.242955,19.470282,rotate_to_60deg_about_tip,0.001108,20.7035,9.674557,-24.866872,-115.904262,-12.085542,-5.66688,-108.990552,9.455527
1782501569.252955,19.480283,rotate_to_60deg_about_tip,0.001425,20.6945,9.679302,-24.866555,-115.904262,-12.085555,-5.663179,-108.990552,9.452498
1782501569.262954,19.490281,rotate_to_60deg_about_tip,0.000791,20.6845,9.683726,-24.867202,-115.904262,-12.08557,-5.660067,-108.990552,9.449131
1782501569.272958,19.500285,rotate_to_60deg_about_tip,0.001209,20.6725,9.690052,-24.866778,-115.904262,-12.085588,-5.655134,-108.990552,9.44509
1782501569.282957,19.510285,rotate_to_60deg_about_tip,0.000573,20.663,9.694212,-24.867443,-115.904262,-12.085602,-5.652229,-108.990552,9.44189
1782501569.292953,19.520281,rotate_to_60deg_about_tip,0.00098,20.651,9.700538,-24.867019,-115.904262,-12.08562,-5.647297,-108.990552,9.437847
1782501569.302953,19.530281,rotate_to_60deg_about_tip,0.001345,20.6405,9.706073,-24.866649,-115.904262,-12.085636,-5.642982,-108.990552,9.434309
1782501569.312962,19.540289,rotate_to_60deg_about_tip,0.000728,20.6305,9.710497,-24.867296,-115.904262,-12.085651,-5.639874,-108.990552,9.430938
1782501569.322985,19.550313,rotate_to_60deg_about_tip,0.000912,20.625,9.713396,-24.867102,-115.904262,-12.085659,-5.637614,-108.990552,9.429084
1782501569.332955,19.560282,rotate_to_60deg_about_tip,0.001308,20.6135,9.719458,-24.866696,-115.904262,-12.085677,-5.63289,-108.990552,9.425207
1782501569.342957,19.570285,rotate_to_60deg_about_tip,0.000767,20.6015,9.724937,-24.867272,-115.904262,-12.085695,-5.628962,-108.990552,9.42116
1782501569.352955,19.580283,rotate_to_60deg_about_tip,0.001068,20.5925,9.729681,-24.866954,-115.904262,-12.085709,-5.625266,-108.990552,9.418124
1782501569.362895,19.590223,rotate_to_60deg_about_tip,0.00148,20.5805,9.736006,-24.866531,-115.904262,-12.085727,-5.620339,-108.990552,9.414075
1782501569.372964,19.600292,rotate_to_60deg_about_tip,0.000922,20.569,9.741221,-24.867125,-115.904262,-12.085745,-5.616619,-108.990552,9.410194
1782501569.382953,19.610281,rotate_to_60deg_about_tip,0.001257,20.559,9.746492,-24.866772,-115.904262,-12.085761,-5.612514,-108.990552,9.406818
1782501569.392954,19.620282,rotate_to_60deg_about_tip,0.001428,20.554,9.749127,-24.866596,-115.904262,-12.085768,-5.610462,-108.990552,9.40513
1782501569.402847,19.630175,rotate_to_60deg_about_tip,0.00085,20.5435,9.753815,-24.867225,-115.904262,-12.085785,-5.607153,-108.990552,9.401584
1782501569.412977,19.640305,rotate_to_60deg_about_tip,0.001193,20.533,9.759349,-24.866854,-115.904262,-12.085801,-5.602845,-108.990552,9.398038
1782501569.422958,19.650285,rotate_to_60deg_about_tip,0.001532,20.523,9.76462,-24.866501,-115.904262,-12.085817,-5.598743,-108.990552,9.394659
1782501569.432915,19.660243,rotate_to_60deg_about_tip,0.001036,20.51,9.770625,-24.867043,-115.904262,-12.085838,-5.594411,-108.990552,9.390267
1782501569.442953,19.670281,rotate_to_60deg_about_tip,0.001382,20.4995,9.776159,-24.866672,-115.904262,-12.085854,-5.590105,-108.990552,9.386718
1782501569.452953,19.68028,rotate_to_60deg_about_tip,0.000847,20.4885,9.78111,-24.867284,-115.904262,-12.085872,-5.586595,-108.990552,9.382999
1782501569.462893,19.690221,rotate_to_60deg_about_tip,0.001142,20.479,9.786117,-24.866949,-115.904262,-12.085887,-5.5827,-108.990552,9.379786
1782501569.472951,19.700279,rotate_to_60deg_about_tip,0.001338,20.473,9.789279,-24.866737,-115.904262,-12.085897,-5.580241,-108.990552,9.377757
1782501569.482967,19.710294,rotate_to_60deg_about_tip,0.000837,20.4615,9.794494,-24.867331,-115.904262,-12.085915,-5.576527,-108.990552,9.373867
1782501569.492957,19.720284,rotate_to_60deg_about_tip,0.0012,20.4495,9.800818,-24.866907,-115.904262,-12.085935,-5.571609,-108.990552,9.369807
1782501569.502958,19.730286,rotate_to_60deg_about_tip,0.001544,20.439,9.806352,-24.866537,-115.904262,-12.085952,-5.567307,-108.990552,9.366253
1782501569.512961,19.740288,rotate_to_60deg_about_tip,0.000985,20.429,9.810776,-24.867184,-115.904262,-12.085968,-5.564211,-108.990552,9.362868
1782501569.522954,19.750281,rotate_to_60deg_about_tip,0.001323,20.418,9.816573,-24.866796,-115.904262,-12.085986,-5.559705,-108.990552,9.359144
1782501569.533033,19.760361,rotate_to_60deg_about_tip,0.001551,20.411,9.820262,-24.866549,-115.904262,-12.085998,-5.556838,-108.990552,9.356774
1782501569.542952,19.770279,rotate_to_60deg_about_tip,0.0017,20.4065,9.822633,-24.86639,-115.904262,-12.086005,-5.554995,-108.990552,9.355249
1782501569.552953,19.78028,rotate_to_60deg_about_tip,0.00112,20.397,9.826794,-24.867055,-115.904262,-12.086021,-5.552105,-108.990552,9.352032
1782501569.562899,19.790226,rotate_to_60deg_about_tip,0.001495,20.385,9.833117,-24.866631,-115.904262,-12.086041,-5.547192,-108.990552,9.347966
1782501569.572958,19.800285,rotate_to_60deg_about_tip,0.001857,20.374,9.838914,-24.866243,-115.904262,-12.086059,-5.542689,-108.990552,9.344238
1782501569.582958,19.810285,rotate_to_60deg_about_tip,0.001318,20.363,9.843865,-24.866855,-115.904262,-12.086078,-5.539187,-108.990552,9.340509
1782501569.592993,19.820321,rotate_to_60deg_about_tip,0.00165,20.3525,9.849398,-24.866484,-115.904262,-12.086095,-5.53489,-108.990552,9.336949
1782501569.602954,19.830282,rotate_to_60deg_about_tip,0.001131,20.342,9.854085,-24.867114,-115.904262,-12.086113,-5.531594,-108.990552,9.333389
1782501569.612954,19.840282,rotate_to_60deg_about_tip,0.001304,20.336,9.857247,-24.866902,-115.904262,-12.086123,-5.529139,-108.990552,9.331353
1782501569.622955,19.850283,rotate_to_60deg_about_tip,0.001629,20.3255,9.86278,-24.866532,-115.904262,-12.086141,-5.524844,-108.990552,9.327791
1782501569.632897,19.860225,rotate_to_60deg_about_tip,0.001141,20.3145,9.867731,-24.867143,-115.904262,-12.08616,-5.521345,-108.990552,9.324059
1782501569.642957,19.870285,rotate_to_60deg_about_tip,0.001456,20.3035,9.873527,-24.866755,-115.904262,-12.086179,-5.516847,-108.990552,9.320326
1782501569.652955,19.880282,rotate_to_60deg_about_tip,0.001785,20.293,9.87906,-24.866385,-115.904262,-12.086197,-5.512554,-108.990552,9.316761
1782501569.662899,19.890226,rotate_to_60deg_about_tip,0.001287,20.282,9.884011,-24.866997,-115.904262,-12.086216,-5.509057,-108.990552,9.313026
1782501569.67295,19.900277,rotate_to_60deg_about_tip,0.00143,20.277,9.886645,-24.86682,-115.904262,-12.086224,-5.507013,-108.990552,9.311328
1782501569.682958,19.910285,rotate_to_60deg_about_tip,0.001054,20.2645,9.892386,-24.867379,-115.904262,-12.086246,-5.502904,-108.990552,9.307082
1782501569.692952,19.92028,rotate_to_60deg_about_tip,0.001324,20.2535,9.898182,-24.866991,-115.904262,-12.086265,-5.498409,-108.990552,9.303345
1782501569.702964,19.930292,rotate_to_60deg_about_tip,0.001642,20.2425,9.903978,-24.866603,-115.904262,-12.086284,-5.493915,-108.990552,9.299607
1782501569.712955,19.940282,rotate_to_60deg_about_tip,0.001187,20.232,9.908666,-24.867232,-115.904262,-12.086303,-5.490625,-108.990552,9.296038
1782501569.722957,19.950284,rotate_to_60deg_about_tip,0.00143,20.2225,9.913671,-24.866897,-115.904262,-12.086319,-5.486745,-108.990552,9.292808
1782501569.732956,19.960283,rotate_to_60deg_about_tip,0.001735,20.212,9.919203,-24.866527,-115.904262,-12.086338,-5.482457,-108.990552,9.289238
1782501569.742954,19.970282,rotate_to_60deg_about_tip,0.001277,20.2015,9.92389,-24.867156,-115.904262,-12.086357,-5.47917,-108.990552,9.285666
1782501569.752957,19.980284,rotate_to_60deg_about_tip,0.001415,20.196,9.926788,-24.866962,-115.904262,-12.086366,-5.476924,-108.990552,9.283795
1782501569.762897,19.990225,rotate_to_60deg_about_tip,0.001724,20.185,9.932584,-24.866574,-115.904262,-12.086386,-5.472434,-108.990552,9.280053
1782501569.772954,20.000281,rotate_to_60deg_about_tip,0.001297,20.174,9.937534,-24.867186,-115.904262,-12.086406,-5.468944,-108.990552,9.276309
1782501569.782954,20.010282,rotate_to_60deg_about_tip,0.001561,20.1635,9.943066,-24.866815,-115.904262,-12.086425,-5.464659,-108.990552,9.272735
1782501569.792961,20.020289,rotate_to_60deg_about_tip,0.001892,20.152,9.949125,-24.866409,-115.904262,-12.086445,-5.459966,-108.990552,9.268819
1782501569.802958,20.030286,rotate_to_60deg_about_tip,0.001398,20.143,9.953022,-24.867092,-115.904262,-12.086462,-5.457294,-108.990552,9.265755
1782501569.81295,20.040278,rotate_to_60deg_about_tip,0.001668,20.1325,9.958554,-24.866721,-115.904262,-12.086481,-5.453011,-108.990552,9.262178
1782501569.822953,20.05028,rotate_to_60deg_about_tip,0.001286,20.122,9.963241,-24.867351,-115.904262,-12.0865,-5.449729,-108.990552,9.258601
1782501569.832952,20.06028,rotate_to_60deg_about_tip,0.001538,20.1105,9.969299,-24.866945,-115.904262,-12.086521,-5.445039,-108.990552,9.254682
1782501569.842941,20.070269,rotate_to_60deg_about_tip,0.001694,20.1045,9.97246,-24.866734,-115.904262,-12.086532,-5.442593,-108.990552,9.252637
1782501569.852941,20.080268,rotate_to_60deg_about_tip,0.001326,20.094,9.977147,-24.867363,-115.904262,-12.086551,-5.439312,-108.990552,9.249058
1782501569.862944,20.090271,rotate_to_60deg_about_tip,0.001534,20.084,9.982415,-24.86701,-115.904262,-12.08657,-5.435236,-108.990552,9.245648
1782501569.872947,20.100275,rotate_to_60deg_about_tip,0.001829,20.0725,9.988473,-24.866605,-115.904262,-12.086591,-5.430549,-108.990552,9.241726
1782501569.882946,20.110274,rotate_to_60deg_about_tip,0.00144,20.062,9.99316,-24.867234,-115.904262,-12.086611,-5.42727,-108.990552,9.238144
1782501569.892947,20.120275,rotate_to_60deg_about_tip,0.001687,20.051,9.998955,-24.866846,-115.904262,-12.086631,-5.422788,-108.990552,9.234391
1782501569.90296,20.130288,rotate_to_60deg_about_tip,0.001386,20.0395,10.004169,-24.86744,-115.904262,-12.086653,-5.419104,-108.990552,9.230467
1782501569.912952,20.14028,rotate_to_60deg_about_tip,0.001559,20.03,10.009173,-24.867105,-115.904262,-12.086671,-5.415234,-108.990552,9.227224
1782501569.922951,20.150278,rotate_to_60deg_about_tip,0.001683,20.0245,10.01207,-24.866911,-115.904262,-12.086681,-5.412994,-108.990552,9.225346
1782501569.932945,20.160272,rotate_to_60deg_about_tip,0.001403,20.0135,10.01702,-24.867523,-115.904262,-12.086702,-5.409515,-108.990552,9.22159
1782501569.943024,20.170352,rotate_to_60deg_about_tip,0.001577,20.003,10.022552,-24.867153,-115.904262,-12.086722,-5.40524,-108.990552,9.218004
1782501569.952944,20.180272,rotate_to_60deg_about_tip,0.001429,19.9925,10.024922,-24.869225,-115.904262,-12.084692,-5.403408,-108.990552,9.216467
1782501569.962962,20.190289,rotate_to_60deg_about_tip,0.001444,19.986,10.030662,-24.867553,-115.904262,-12.086754,-5.39932,-108.990552,9.212196
1782501569.972966,20.200294,rotate_to_60deg_about_tip,0.001617,19.975,10.036456,-24.867165,-115.904262,-12.086775,-5.394843,-108.990552,9.208437
1782501569.982949,20.210277,rotate_to_60deg_about_tip,0.001741,19.969,10.039617,-24.866953,-115.904262,-12.086787,-5.392401,-108.990552,9.206386
1782501569.99296,20.220288,rotate_to_60deg_about_tip,0.001486,19.9585,10.044304,-24.867583,-115.904262,-12.086807,-5.389129,-108.990552,9.202797
1782501570.00295,20.230278,rotate_to_60deg_about_tip,0.00164,19.948,10.049834,-24.867212,-115.904262,-12.086827,-5.384858,-108.990552,9.199207
1782501570.012947,20.240274,rotate_to_60deg_about_tip,0.001868,19.937,10.055628,-24.866824,-115.904262,-12.086848,-5.380383,-108.990552,9.195445
1782501570.022945,20.250273,rotate_to_60deg_about_tip,0.001577,19.927,10.060052,-24.867472,-115.904262,-12.086868,-5.377316,-108.990552,9.192024
1782501570.032951,20.260278,rotate_to_60deg_about_tip,0.001757,19.916,10.065845,-24.867084,-115.904262,-12.086889,-5.372843,-108.990552,9.18826
1782501570.042956,20.270283,rotate_to_60deg_about_tip,0.001961,19.9065,10.070849,-24.866749,-115.904262,-12.086908,-5.368981,-108.990552,9.185009
1782501570.052947,20.280274,rotate_to_60deg_about_tip,0.00168,19.895,10.076062,-24.867343,-115.904262,-12.08693,-5.365306,-108.990552,9.181072
1782501570.062953,20.290281,rotate_to_60deg_about_tip,0.001867,19.8845,10.081593,-24.866973,-115.904262,-12.086951,-5.361039,-108.990552,9.177477
1782501570.072954,20.300281,rotate_to_60deg_about_tip,0.001986,19.879,10.08449,-24.866779,-115.904262,-12.086962,-5.358803,-108.990552,9.175594
1782501570.082947,20.310275,rotate_to_60deg_about_tip,0.002268,19.8675,10.090546,-24.866373,-115.904262,-12.086985,-5.354131,-108.990552,9.171655
1782501570.092963,20.320291,rotate_to_60deg_about_tip,0.001908,19.8565,10.095496,-24.866985,-115.904262,-12.087007,-5.350662,-108.990552,9.167887
1782501570.102946,20.330273,rotate_to_60deg_about_tip,0.002139,19.846,10.101026,-24.866614,-115.904262,-12.087027,-5.346396,-108.990552,9.164289
1782501570.112959,20.340287,rotate_to_60deg_about_tip,0.001843,19.8345,10.106239,-24.867209,-115.904262,-12.08705,-5.342726,-108.990552,9.160348
1782501570.122945,20.350272,rotate_to_60deg_about_tip,0.002052,19.8235,10.112033,-24.866821,-115.904262,-12.087073,-5.338259,-108.990552,9.156577
1782501570.132948,20.360276,rotate_to_60deg_about_tip,0.002308,19.8125,10.117826,-24.866433,-115.904262,-12.087095,-5.333793,-108.990552,9.152805
1782501570.142949,20.370276,rotate_to_60deg_about_tip,0.001956,19.8025,10.122249,-24.86708,-115.904262,-12.087115,-5.330733,-108.990552,9.149376
1782501570.152956,20.380284,rotate_to_60deg_about_tip,0.002071,19.7965,10.125409,-24.866869,-115.904262,-12.087127,-5.328298,-108.990552,9.147317
1782501570.162894,20.390221,rotate_to_60deg_about_tip,0.002294,19.7865,10.130675,-24.866516,-115.904262,-12.087147,-5.324239,-108.990552,9.143887
1782501570.17295,20.400277,rotate_to_60deg_about_tip,0.002559,19.776,10.136205,-24.866145,-115.904262,-12.087169,-5.319979,-108.990552,9.140284
1782501570.182945,20.410273,rotate_to_60deg_about_tip,0.002175,19.7655,10.140891,-24.866775,-115.904262,-12.08719,-5.316718,-108.990552,9.13668
1782501570.192947,20.420274,rotate_to_60deg_about_tip,0.002402,19.7555,10.146157,-24.866422,-115.904262,-12.087211,-5.312662,-108.990552,9.133247
1782501570.202948,20.430276,rotate_to_60deg_about_tip,0.002101,19.7435,10.151633,-24.866999,-115.904262,-12.087235,-5.308795,-108.990552,9.129126
1782501570.212948,20.440275,rotate_to_60deg_about_tip,0.002302,19.7335,10.156899,-24.866647,-115.904262,-12.087256,-5.304739,-108.990552,9.125692
1782501570.222946,20.450273,rotate_to_60deg_about_tip,0.002574,19.722,10.162955,-24.866241,-115.904262,-12.08728,-5.300076,-108.990552,9.121741
1782501570.232947,20.460274,rotate_to_60deg_about_tip,0.002211,19.712,10.167378,-24.866888,-115.904262,-12.087301,-5.297022,-108.990552,9.118305
1782501570.242947,20.470274,rotate_to_60deg_about_tip,0.002419,19.702,10.172644,-24.866536,-115.904262,-12.087321,-5.292969,-108.990552,9.114869
1782501570.252944,20.480272,rotate_to_60deg_about_tip,0.002129,19.6915,10.17733,-24.867165,-115.904262,-12.087343,-5.289713,-108.990552,9.111259
1782501570.262896,20.490223,rotate_to_60deg_about_tip,0.002211,19.6865,10.179963,-24.866989,-115.904262,-12.087354,-5.287687,-108.990552,9.10954
1782501570.272953,20.500281,rotate_to_60deg_about_tip,0.002427,19.6755,10.185755,-24.866601,-115.904262,-12.087377,-5.28323,-108.990552,9.105758
1782501570.282953,20.51028,rotate_to_60deg_about_tip,0.002157,19.665,10.190441,-24.867231,-115.904262,-12.087399,-5.279976,-108.990552,9.102147
1782501570.292953,20.520281,rotate_to_60deg_about_tip,0.002349,19.6535,10.196497,-24.866825,-115.904262,-12.087423,-5.275318,-108.990552,9.09819
1782501570.302951,20.530279,rotate_to_60deg_about_tip,0.002613,19.641,10.203079,-24.866384,-115.904262,-12.08745,-5.270256,-108.990552,9.093889
1782501570.312906,20.540234,rotate_to_60deg_about_tip,0.00223,19.6355,10.205132,-24.86719,-115.904262,-12.087461,-5.269029,-108.990552,9.091996
1782501570.322958,20.550286,rotate_to_60deg_about_tip,0.002404,19.625,10.210661,-24.86682,-115.904262,-12.087484,-5.264777,-108.990552,9.088382
1782501570.332948,20.560276,rotate_to_60deg_about_tip,0.002619,19.6145,10.216189,-24.86645,-115.904262,-12.087506,-5.260527,-108.990552,9.084767
1782501570.342948,20.570276,rotate_to_60deg_about_tip,0.002325,19.6045,10.220612,-24.867097,-115.904262,-12.087528,-5.257479,-108.990552,9.081323
1782501570.352947,20.580274,rotate_to_60deg_about_tip,0.002415,19.599,10.223508,-24.866903,-115.904262,-12.087539,-5.255253,-108.990552,9.079429
1782501570.362896,20.590223,rotate_to_60deg_about_tip,0.000759,19.5815,10.229563,-24.868714,-115.904262,-12.08551,-5.2506,-108.990552,9.075468
1782501570.372945,20.600272,rotate_to_60deg_about_tip,0.002392,19.5755,10.235039,-24.867075,-115.904262,-12.08759,-5.246744,-108.990552,9.071333
1782501570.382951,20.610279,rotate_to_60deg_about_tip,0.002481,19.57,10.237934,-24.866881,-115.904262,-12.087602,-5.244519,-108.990552,9.069438
1782501570.392961,20.620289,rotate_to_60deg_about_tip,0.002319,19.5575,10.243673,-24.86744,-115.904262,-12.087629,-5.240463,-108.990552,9.065129
1782501570.402948,20.630275,rotate_to_60deg_about_tip,0.002451,19.547,10.249201,-24.86707,-115.904262,-12.087652,-5.236217,-108.990552,9.061509
1782501570.412936,20.640264,rotate_to_60deg_about_tip,0.00262,19.537,10.254466,-24.866717,-115.904262,-12.087674,-5.232173,-108.990552,9.058061
1782501570.422946,20.650274,rotate_to_60deg_about_tip,0.002739,19.531,10.257625,-24.866505,-115.904262,-12.087687,-5.229748,-108.990552,9.055991
1782501570.432963,20.66029,rotate_to_60deg_about_tip,0.002482,19.5205,10.262311,-24.867135,-115.904262,-12.08771,-5.226503,-108.990552,9.052369
1782501570.442948,20.670276,rotate_to_60deg_about_tip,0.002659,19.5095,10.268102,-24.866747,-115.904262,-12.087734,-5.222057,-108.990552,9.048574
1782501570.452971,20.680298,rotate_to_60deg_about_tip,0.002458,19.499,10.272788,-24.867377,-115.904262,-12.087757,-5.218814,-108.990552,9.04495
1782501570.462971,20.690299,rotate_to_60deg_about_tip,0.002617,19.487,10.279106,-24.866954,-115.904262,-12.087784,-5.213965,-108.990552,9.040808
1782501570.472952,20.700279,rotate_to_60deg_about_tip,0.002782,19.4775,10.284107,-24.866619,-115.904262,-12.087805,-5.210127,-108.990552,9.037528
1782501570.482898,20.710225,rotate_to_60deg_about_tip,0.00256,19.467,10.288793,-24.867249,-115.904262,-12.087828,-5.206886,-108.990552,9.033902
1782501570.492961,20.720288,rotate_to_60deg_about_tip,0.002709,19.4565,10.29432,-24.866879,-115.904262,-12.087852,-5.202645,-108.990552,9.030275
1782501570.502945,20.730272,rotate_to_60deg_about_tip,0.002822,19.45,10.297742,-24.866649,-115.904262,-12.087866,-5.20002,-108.990552,9.02803
1782501570.512955,20.740283,rotate_to_60deg_about_tip,0.002623,19.4385,10.302954,-24.867244,-115.904262,-12.087892,-5.196377,-108.990552,9.024056
1782501570.522943,20.75027,rotate_to_60deg_about_tip,0.002778,19.4275,10.308745,-24.866856,-115.904262,-12.087917,-5.191936,-108.990552,9.020255
1782501570.532943,20.760271,rotate_to_60deg_about_tip,0.002619,19.4165,10.313694,-24.867468,-115.904262,-12.087942,-5.188496,-108.990552,9.016452
1782501570.542946,20.770274,rotate_to_60deg_about_tip,0.002736,19.406,10.319221,-24.867098,-115.904262,-12.087965,-5.184259,-108.990552,9.012822
1782501570.552949,20.780277,rotate_to_60deg_about_tip,0.002897,19.3955,10.324748,-24.866728,-115.904262,-12.087989,-5.180022,-108.990552,9.00919
1782501570.562949,20.790277,rotate_to_60deg_about_tip,0.002712,19.385,10.329434,-24.867358,-115.904262,-12.088013,-5.176786,-108.990552,9.005558
1782501570.572945,20.800272,rotate_to_60deg_about_tip,0.002774,19.3795,10.332329,-24.867164,-115.904262,-12.088026,-5.174567,-108.990552,9.003655
1782501570.582947,20.810274,rotate_to_60deg_about_tip,0.002925,19.369,10.337856,-24.866794,-115.904262,-12.08805,-5.170332,-108.990552,9.000022
1782501570.592949,20.820277,rotate_to_60deg_about_tip,0.002762,19.358,10.342805,-24.867406,-115.904262,-12.088075,-5.166896,-108.990552,8.996215
1782501570.602942,20.83027,rotate_to_60deg_about_tip,0.002883,19.3475,10.348332,-24.867036,-115.904262,-12.088099,-5.162662,-108.990552,8.99258
1782501570.61294,20.840268,rotate_to_60deg_about_tip,0.003062,19.336,10.354385,-24.86663,-115.904262,-12.088126,-5.158026,-108.990552,8.988598
1782501570.622845,20.850172,rotate_to_60deg_about_tip,0.002873,19.325,10.359333,-24.867242,-115.904262,-12.088151,-5.154592,-108.990552,8.984789
1782501570.632943,20.86027,rotate_to_60deg_about_tip,0.003018,19.314,10.365123,-24.866855,-115.904262,-12.088177,-5.150159,-108.990552,8.980978
1782501570.64295,20.870278,rotate_to_60deg_about_tip,0.003195,19.3035,10.37065,-24.866485,-115.904262,-12.088201,-5.145928,-108.990552,8.97734
1782501570.652941,20.880269,rotate_to_60deg_about_tip,0.002967,19.294,10.374809,-24.86715,-115.904262,-12.088223,-5.143101,-108.990552,8.974048
1782501570.662946,20.890273,rotate_to_60deg_about_tip,0.003045,19.288,10.377967,-24.866938,-115.904262,-12.088237,-5.140684,-108.990552,8.971968
1782501570.672946,20.900274,rotate_to_60deg_about_tip,0.003229,19.2765,10.38402,-24.866533,-115.904262,-12.088264,-5.136052,-108.990552,8.967982
1782501570.682947,20.910275,rotate_to_60deg_about_tip,0.003015,19.267,10.388179,-24.867198,-115.904262,-12.088287,-5.133226,-108.990552,8.964688
1782501570.692943,20.92027,rotate_to_60deg_about_tip,0.003161,19.256,10.393968,-24.86681,-115.904262,-12.088312,-5.128797,-108.990552,8.960873
1782501570.702948,20.930276,rotate_to_60deg_about_tip,0.003017,19.245,10.398917,-24.867422,-115.904262,-12.088338,-5.125368,-108.990552,8.957057
1782501570.712947,20.940275,rotate_to_60deg_about_tip,0.003117,19.2355,10.403917,-24.867087,-115.904262,-12.088361,-5.121544,-108.990552,8.953761
1782501570.722969,20.950296,rotate_to_60deg_about_tip,0.003272,19.2245,10.409706,-24.8667,-115.904262,-12.088387,-5.117117,-108.990552,8.949943
1782501570.732952,20.96028,rotate_to_60deg_about_tip,0.003093,19.2155,10.413602,-24.867382,-115.904262,-12.088409,-5.114495,-108.990552,8.946819
1782501570.742949,20.970276,rotate_to_60deg_about_tip,0.003214,19.2045,10.419391,-24.866995,-115.904262,-12.088435,-5.110069,-108.990552,8.943
1782501570.753019,20.980346,rotate_to_60deg_about_tip,0.00336,19.1945,10.424654,-24.866642,-115.904262,-12.088459,-5.106046,-108.990552,8.939528
1782501570.762954,20.990282,rotate_to_60deg_about_tip,0.001412,19.184,10.427548,-24.868283,-115.904262,-12.086747,-5.103834,-108.990552,8.937618
1782501570.772949,21.000277,rotate_to_60deg_about_tip,0.003262,19.1775,10.43276,-24.867043,-115.904262,-12.0885,-5.100209,-108.990552,8.933623
1782501570.78295,21.010277,rotate_to_60deg_about_tip,0.001594,19.1675,10.435391,-24.868701,-115.904262,-12.086786,-5.098198,-108.990552,8.931886
1782501570.79295,21.020277,rotate_to_60deg_about_tip,0.003499,19.1615,10.44118,-24.866479,-115.904262,-12.088538,-5.093775,-108.990552,8.928064
1782501570.802961,21.030289,rotate_to_60deg_about_tip,0.003306,19.151,10.445865,-24.867109,-115.904262,-12.088564,-5.090554,-108.990552,8.924414
1782501570.81295,21.040277,rotate_to_60deg_about_tip,0.003452,19.14,10.451653,-24.866721,-115.904262,-12.08859,-5.086132,-108.990552,8.920591
1782501570.822946,21.050273,rotate_to_60deg_about_tip,0.003303,19.1295,10.456339,-24.867351,-115.904262,-12.088616,-5.082913,-108.990552,8.91694
1782501570.832944,21.060272,rotate_to_60deg_about_tip,0.00341,19.1195,10.461601,-24.866999,-115.904262,-12.08864,-5.078894,-108.990552,8.913462
1782501570.842949,21.070276,rotate_to_60deg_about_tip,0.003556,19.109,10.467126,-24.866629,-115.904262,-12.088666,-5.074676,-108.990552,8.909809
1782501570.852954,21.080282,rotate_to_60deg_about_tip,0.003391,19.099,10.471548,-24.867276,-115.904262,-12.08869,-5.071659,-108.990552,8.90633
1782501570.862948,21.090276,rotate_to_60deg_about_tip,0.003509,19.0885,10.477073,-24.866906,-115.904262,-12.088716,-5.067441,-108.990552,8.902676
1782501570.872944,21.100271,rotate_to_60deg_about_tip,0.00367,19.0775,10.482862,-24.866519,-115.904262,-12.088743,-5.063024,-108.990552,8.898848
1782501570.882942,21.110269,rotate_to_60deg_about_tip,0.003446,19.072,10.484916,-24.867325,-115.904262,-12.088757,-5.061816,-108.990552,8.896933
1782501570.892939,21.120267,rotate_to_60deg_about_tip,0.003559,19.0615,10.490441,-24.866955,-115.904262,-12.088783,-5.0576,-108.990552,8.893277
1782501570.902883,21.13021,rotate_to_60deg_about_tip,0.003713,19.0505,10.496229,-24.866567,-115.904262,-12.08881,-5.053185,-108.990552,8.889446
1782501570.912929,21.140257,rotate_to_60deg_about_tip,0.003555,19.0395,10.501177,-24.867179,-115.904262,-12.088838,-5.04977,-108.990552,8.885615
1782501570.922933,21.150261,rotate_to_60deg_about_tip,0.003693,19.028,10.507228,-24.866774,-115.904262,-12.088866,-5.045155,-108.990552,8.881608
1782501570.932925,21.160252,rotate_to_60deg_about_tip,0.003566,19.0175,10.511913,-24.867404,-115.904262,-12.088893,-5.041942,-108.990552,8.877949
1782501570.942925,21.170252,rotate_to_60deg_about_tip,0.003674,19.0065,10.5177,-24.867016,-115.904262,-12.08892,-5.03753,-108.990552,8.874115
1782501570.952871,21.180198,rotate_to_60deg_about_tip,0.003805,18.9965,10.522962,-24.866664,-115.904262,-12.088945,-5.033519,-108.990552,8.870628
1782501570.962924,21.190252,rotate_to_60deg_about_tip,0.003888,18.991,10.525856,-24.86647,-115.904262,-12.088959,-5.031313,-108.990552,8.86871
1782501570.972925,21.200252,rotate_to_60deg_about_tip,0.003734,18.979,10.53133,-24.867047,-115.904262,-12.08899,-5.027501,-108.990552,8.864525
1782501570.98292,21.210248,rotate_to_60deg_about_tip,0.003867,18.9685,10.536854,-24.866677,-115.904262,-12.089016,-5.023292,-108.990552,8.860863
1782501570.992929,21.220257,rotate_to_60deg_about_tip,0.003735,18.9575,10.541802,-24.86729,-115.904262,-12.089044,-5.019882,-108.990552,8.857025
1782501571.002871,21.230199,rotate_to_60deg_about_tip,0.003845,18.947,10.547326,-24.86692,-115.904262,-12.089071,-5.015674,-108.990552,8.85336
1782501571.012929,21.240257,rotate_to_60deg_about_tip,0.00398,18.937,10.552587,-24.866567,-115.904262,-12.089096,-5.011667,-108.990552,8.84987
1782501571.022946,21.250274,rotate_to_60deg_about_tip,0.00384,18.9255,10.557798,-24.867162,-115.904262,-12.089126,-5.008059,-108.990552,8.845855
1782501571.032933,21.260261,rotate_to_60deg_about_tip,0.003954,18.9155,10.563059,-24.86681,-115.904262,-12.089152,-5.004054,-108.990552,8.842363
1782501571.042937,21.270265,rotate_to_60deg_about_tip,0.003844,18.905,10.567744,-24.86744,-115.904262,-12.089179,-5.000848,-108.990552,8.838695
1782501571.052889,21.280216,rotate_to_60deg_about_tip,0.003894,18.899,10.5709,-24.867228,-115.904262,-12.089194,-4.998445,-108.990552,8.836599
1782501571.062947,21.290275,rotate_to_60deg_about_tip,0.004007,18.8885,10.576424,-24.866859,-115.904262,-12.089221,-4.994241,-108.990552,8.832931
1782501571.072951,21.300278,rotate_to_60deg_about_tip,0.003907,18.878,10.581109,-24.867489,-115.904262,-12.089248,-4.991037,-108.990552,8.829261
1782501571.082958,21.310285,rotate_to_60deg_about_tip,0.004001,18.867,10.586896,-24.867101,-115.904262,-12.089277,-4.986634,-108.990552,8.825416
1782501571.092948,21.320276,rotate_to_60deg_about_tip,0.004104,18.858,10.59163,-24.866784,-115.904262,-12.0893,-4.983031,-108.990552,8.82227
1782501571.102901,21.330228,rotate_to_60deg_about_tip,0.004007,18.846,10.597104,-24.867361,-115.904262,-12.089332,-4.979229,-108.990552,8.818074
1782501571.112944,21.340272,rotate_to_60deg_about_tip,0.004106,18.8355,10.602628,-24.866991,-115.904262,-12.089359,-4.975028,-108.990552,8.814401
1782501571.12296,21.350287,rotate_to_60deg_about_tip,0.004228,18.8255,10.607888,-24.866639,-115.904262,-12.089385,-4.971028,-108.990552,8.810903
1782501571.132958,21.360286,rotate_to_60deg_about_tip,0.004097,18.8155,10.612309,-24.867287,-115.904262,-12.089412,-4.968028,-108.990552,8.807404
1782501571.142947,21.370274,rotate_to_60deg_about_tip,0.004207,18.8045,10.618096,-24.866899,-115.904262,-12.08944,-4.963629,-108.990552,8.803554
1782501571.152992,21.380319,rotate_to_60deg_about_tip,0.004328,18.795,10.623093,-24.866564,-115.904262,-12.089466,-4.95983,-108.990552,8.800229
1782501571.162894,21.390221,rotate_to_60deg_about_tip,0.004152,18.7895,10.625147,-24.867371,-115.904262,-12.08948,-4.958631,-108.990552,8.798303
1782501571.172961,21.400289,rotate_to_60deg_about_tip,0.001728,18.779,10.627496,-24.868999,-115.904262,-12.086757,-4.956433,-108.990552,8.797377
1782501571.182953,21.41028,rotate_to_60deg_about_tip,0.003366,18.773,10.633281,-24.866789,-115.904262,-12.088524,-4.952036,-108.990552,8.793525
1782501571.192963,21.42029,rotate_to_60deg_about_tip,0.003236,18.7615,10.638492,-24.867384,-115.904262,-12.088554,-4.94844,-108.990552,8.789497
1782501571.202897,21.430224,rotate_to_60deg_about_tip,0.00335,18.751,10.644015,-24.867014,-115.904262,-12.088582,-4.944244,-108.990552,8.785818
1782501571.212907,21.440234,rotate_to_60deg_about_tip,0.003499,18.7405,10.649537,-24.866644,-115.904262,-12.088611,-4.940049,-108.990552,8.782139
1782501571.222945,21.450273,rotate_to_60deg_about_tip,0.003345,18.7295,10.654485,-24.867257,-115.904262,-12.08864,-4.936655,-108.990552,8.778283
1782501571.23296,21.460287,rotate_to_60deg_about_tip,0.00345,18.7205,10.659218,-24.86694,-115.904262,-12.088664,-4.93306,-108.990552,8.775128
1782501571.242967,21.470295,rotate_to_60deg_about_tip,0.00362,18.709,10.665267,-24.866535,-115.904262,-12.088695,-4.928468,-108.990552,8.771096
1782501571.252892,21.48022,rotate_to_60deg_about_tip,0.003436,18.6995,10.669425,-24.8672,-115.904262,-12.088721,-4.925675,-108.990552,8.767764
1782501571.262899,21.490227,rotate_to_60deg_about_tip,0.003564,18.689,10.674948,-24.86683,-115.904262,-12.088749,-4.921483,-108.990552,8.764081
1782501571.272962,21.500289,rotate_to_60deg_about_tip,0.003645,18.6835,10.67784,-24.866636,-115.904262,-12.088764,-4.919288,-108.990552,8.762151
1782501571.282948,21.510275,rotate_to_60deg_about_tip,0.003502,18.672,10.683051,-24.867231,-115.904262,-12.088795,-4.915698,-108.990552,8.758116
1782501571.29296,21.520287,rotate_to_60deg_about_tip,0.003639,18.6605,10.689099,-24.866826,-115.904262,-12.088827,-4.911109,-108.990552,8.75408
1782501571.302952,21.53028,rotate_to_60deg_about_tip,0.003823,18.6485,10.69541,-24.866404,-115.904262,-12.088859,-4.906322,-108.990552,8.749867
1782501571.312897,21.540225,rotate_to_60deg_about_tip,0.003627,18.639,10.699568,-24.867069,-115.904262,-12.088885,-4.903532,-108.990552,8.746531
1782501571.322947,21.550275,rotate_to_60deg_about_tip,0.00377,18.628,10.705353,-24.866682,-115.904262,-12.088916,-4.899145,-108.990552,8.742668
1782501571.33295,21.560277,rotate_to_60deg_about_tip,0.003938,18.6175,10.710875,-24.866312,-115.904262,-12.088944,-4.894958,-108.990552,8.738979
1782501571.342948,21.570275,rotate_to_60deg_about_tip,0.003745,18.607,10.715559,-24.866942,-115.904262,-12.088973,-4.891772,-108.990552,8.73529
1782501571.352954,21.580282,rotate_to_60deg_about_tip,0.003797,18.603,10.717662,-24.866801,-115.904262,-12.088984,-4.890177,-108.990552,8.733885
1782501571.362953,21.590281,rotate_to_60deg_about_tip,0.004003,18.5895,10.724762,-24.866325,-115.904262,-12.089022,-4.884796,-108.990552,8.72914
1782501571.372945,21.600273,rotate_to_60deg_about_tip,0.00381,18.5795,10.729183,-24.866973,-115.904262,-12.089049,-4.88181,-108.990552,8.725624
1782501571.382948,21.610276,rotate_to_60deg_about_tip,0.003958,18.5685,10.734967,-24.866586,-115.904262,-12.08908,-4.877427,-108.990552,8.721756
1782501571.39295,21.620277,rotate_to_60deg_about_tip,0.003813,18.558,10.739651,-24.867216,-115.904262,-12.089109,-4.874244,-108.990552,8.718064
1782501571.402946,21.630274,rotate_to_60deg_about_tip,0.003937,18.547,10.745436,-24.866829,-115.904262,-12.08914,-4.869862,-108.990552,8.714194
1782501571.412952,21.640279,rotate_to_60deg_about_tip,0.004071,18.5375,10.750431,-24.866494,-115.904262,-12.089167,-4.866079,-108.990552,8.710852
1782501571.422944,21.650271,rotate_to_60deg_about_tip,0.003922,18.5265,10.755378,-24.867107,-115.904262,-12.089197,-4.862698,-108.990552,8.706981
1782501571.432945,21.660273,rotate_to_60deg_about_tip,0.004047,18.516,10.760899,-24.866737,-115.904262,-12.089227,-4.858518,-108.990552,8.703285
1782501571.442956,21.670284,rotate_to_60deg_about_tip,0.00394,18.5045,10.766109,-24.867332,-115.904262,-12.089259,-4.85494,-108.990552,8.699236
1782501571.452954,21.680282,rotate_to_60deg_about_tip,0.004022,18.496,10.770578,-24.867033,-115.904262,-12.089283,-4.851557,-108.990552,8.696243
1782501571.462944,21.690272,rotate_to_60deg_about_tip,0.004093,18.49,10.773733,-24.866821,-115.904262,-12.0893,-4.849169,-108.990552,8.69413
1782501571.472945,21.700273,rotate_to_60deg_about_tip,0.004239,18.4795,10.779254,-24.866452,-115.904262,-12.08933,-4.844991,-108.990552,8.690431
1782501571.482945,21.710272,rotate_to_60deg_about_tip,0.004096,18.468,10.784464,-24.867047,-115.904262,-12.089363,-4.841415,-108.990552,8.68638
1782501571.492953,21.72028,rotate_to_60deg_about_tip,0.004224,18.4575,10.789985,-24.866677,-115.904262,-12.089393,-4.837239,-108.990552,8.682679
1782501571.502947,21.730274,rotate_to_60deg_about_tip,0.003127,18.4465,10.794384,-24.867289,-115.904262,-12.088424,-4.833864,-108.990552,8.679802
1782501571.512959,21.740286,rotate_to_60deg_about_tip,0.00327,18.435,10.80043,-24.866885,-115.904262,-12.088457,-4.829291,-108.990552,8.675748
1782501571.522949,21.750277,rotate_to_60deg_about_tip,0.003362,18.429,10.803585,-24.866673,-115.904262,-12.088474,-4.826905,-108.990552,8.673632
1782501571.532953,21.760281,rotate_to_60deg_about_tip,0.003203,18.4185,10.808269,-24.867304,-115.904262,-12.088504,-4.823731,-108.990552,8.669929
1782501571.54295,21.770278,rotate_to_60deg_about_tip,0.003335,18.4075,10.814052,-24.866916,-115.904262,-12.088536,-4.819358,-108.990552,8.666049
1782501571.552955,21.780282,rotate_to_60deg_about_tip,0.003472,18.3985,10.818784,-24.866599,-115.904262,-12.088562,-4.815782,-108.990552,8.662874
1782501571.563042,21.790369,rotate_to_60deg_about_tip,0.003315,18.387,10.823993,-24.867194,-115.904262,-12.088595,-4.812212,-108.990552,8.658816
1782501571.572949,21.800277,rotate_to_60deg_about_tip,0.003375,18.382,10.826622,-24.867018,-115.904262,-12.08861,-4.810226,-108.990552,8.657051
1782501571.582944,21.810272,rotate_to_60deg_about_tip,0.003541,18.3705,10.832667,-24.866613,-115.904262,-12.088643,-4.805657,-108.990552,8.652992
1782501571.592958,21.820286,rotate_to_60deg_about_tip,0.003376,18.3605,10.837088,-24.867261,-115.904262,-12.088672,-4.802685,-108.990552,8.649461
1782501571.602962,21.830289,rotate_to_60deg_about_tip,0.003515,18.349,10.843134,-24.866856,-115.904262,-12.088706,-4.798118,-108.990552,8.6454
1782501571.612942,21.84027,rotate_to_60deg_about_tip,0.003651,18.34,10.847865,-24.86654,-115.904262,-12.088732,-4.794545,-108.990552,8.642221
1782501571.622942,21.85027,rotate_to_60deg_about_tip,0.003438,18.334,10.850183,-24.867328,-115.904262,-12.088749,-4.793163,-108.990552,8.640101
1782501571.632944,21.860271,rotate_to_60deg_about_tip,0.003562,18.323,10.855966,-24.866941,-115.904262,-12.088782,-4.788796,-108.990552,8.636215
1782501571.642945,21.870272,rotate_to_60deg_about_tip,0.00373,18.3115,10.862011,-24.866536,-115.904262,-12.088815,-4.784232,-108.990552,8.632151
1782501571.652946,21.880273,rotate_to_60deg_about_tip,0.003561,18.3015,10.866432,-24.867184,-115.904262,-12.088845,-4.781264,-108.990552,8.628616
1782501571.662952,21.89028,rotate_to_60deg_about_tip,0.003689,18.291,10.871951,-24.866814,-115.904262,-12.088876,-4.777098,-108.990552,8.624904
1782501571.672951,21.900279,rotate_to_60deg_about_tip,0.003574,18.2805,10.876635,-24.867445,-115.904262,-12.088907,-4.773932,-108.990552,8.621191
1782501571.682947,21.910275,rotate_to_60deg_about_tip,0.003694,18.2685,10.882942,-24.867022,-115.904262,-12.088942,-4.769173,-108.990552,8.616946
1782501571.692946,21.920274,rotate_to_60deg_about_tip,0.002836,18.2625,10.885548,-24.866811,-115.904262,-12.08796,-4.766793,-108.990552,8.615824
1782501571.702948,21.930275,rotate_to_60deg_about_tip,0.002688,18.2505,10.891019,-24.867389,-115.904262,-12.087996,-4.763035,-108.990552,8.611578
1782501571.712949,21.940276,rotate_to_60deg_about_tip,0.002813,18.2405,10.896276,-24.867037,-115.904262,-12.088026,-4.759071,-108.990552,8.608039
1782501571.722948,21.950276,rotate_to_60deg_about_tip,0.003012,18.2285,10.902583,-24.866614,-115.904262,-12.088061,-4.754314,-108.990552,8.603791
1782501571.732947,21.960274,rotate_to_60deg_about_tip,0.002822,18.2175,10.907529,-24.867227,-115.904262,-12.088094,-4.750955,-108.990552,8.599897
1782501571.742948,21.970275,rotate_to_60deg_about_tip,0.002962,18.2075,10.912785,-24.866875,-115.904262,-12.088124,-4.746992,-108.990552,8.596355
1782501571.752948,21.980276,rotate_to_60deg_about_tip,0.003054,18.202,10.915676,-24.866681,-115.904262,-12.088141,-4.744813,-108.990552,8.594407
1782501571.76295,21.990278,rotate_to_60deg_about_tip,0.002883,18.191,10.920622,-24.867294,-115.904262,-12.088174,-4.741456,-108.990552,8.590511
1782501571.772954,22.000281,rotate_to_60deg_about_tip,0.003013,18.181,10.925878,-24.866942,-115.904262,-12.088204,-4.737495,-108.990552,8.586968
1782501571.782943,22.010271,rotate_to_60deg_about_tip,0.003186,18.1705,10.931397,-24.866573,-115.904262,-12.088236,-4.733337,-108.990552,8.583247
1782501571.792944,22.020272,rotate_to_60deg_about_tip,0.00302,18.158,10.937131,-24.867133,-115.904262,-12.088274,-4.729387,-108.990552,8.578816
1782501571.80295,22.030278,rotate_to_60deg_about_tip,0.003095,18.1525,10.940022,-24.866939,-115.904262,-12.088291,-4.72721,-108.990552,8.576866
1782501571.81295,22.040277,rotate_to_60deg_about_tip,0.003293,18.1405,10.946328,-24.866517,-115.904262,-12.088327,-4.72246,-108.990552,8.572611
1782501571.822944,22.050272,rotate_to_60deg_about_tip,0.003111,18.129,10.951537,-24.867112,-115.904262,-12.088362,-4.718909,-108.990552,8.568532
1782501571.832948,22.060276,rotate_to_60deg_about_tip,0.003254,18.119,10.956792,-24.86676,-115.904262,-12.088393,-4.714952,-108.990552,8.564985
1782501571.842948,22.070276,rotate_to_60deg_about_tip,0.003437,18.1085,10.962311,-24.86639,-115.904262,-12.088425,-4.710798,-108.990552,8.561259
1782501571.852942,22.08027,rotate_to_60deg_about_tip,0.003235,18.0975,10.967256,-24.867003,-115.904262,-12.088459,-4.707446,-108.990552,8.557356
1782501571.862943,22.090271,rotate_to_60deg_about_tip,0.003393,18.087,10.972774,-24.866634,-115.904262,-12.088491,-4.703294,-108.990552,8.553629
1782501571.872943,22.100271,rotate_to_60deg_about_tip,0.003224,18.077,10.977194,-24.867282,-115.904262,-12.088522,-4.700339,-108.990552,8.550078
1782501571.882943,22.110271,rotate_to_60deg_about_tip,0.00336,18.066,10.982975,-24.866895,-115.904262,-12.088556,-4.69599,-108.990552,8.546172
1782501571.892954,22.120282,rotate_to_60deg_about_tip,0.003459,18.0595,10.986391,-24.866666,-115.904262,-12.088576,-4.693421,-108.990552,8.543864
1782501571.902944,22.130272,rotate_to_60deg_about_tip,0.002336,18.049,10.990523,-24.867296,-115.904262,-12.087608,-4.69027,-108.990552,8.541134
1782501571.912953,22.14028,rotate_to_60deg_about_tip,0.002488,18.039,10.995778,-24.866944,-115.904262,-12.087639,-4.686318,-108.990552,8.537581
1782501571.92295,22.150278,rotate_to_60deg_about_tip,0.00269,18.0285,11.001296,-24.866575,-115.904262,-12.087672,-4.682169,-108.990552,8.53385
1782501571.932967,22.160294,rotate_to_60deg_about_tip,0.002469,18.017,11.006504,-24.86717,-115.904262,-12.087708,-4.678626,-108.990552,8.529762
1782501571.94296,22.170287,rotate_to_60deg_about_tip,0.002641,18.0065,11.012022,-24.866801,-115.904262,-12.087741,-4.674478,-108.990552,8.526029
1782501571.952945,22.180273,rotate_to_60deg_about_tip,0.002462,17.996,11.016704,-24.867431,-115.904262,-12.087774,-4.671332,-108.990552,8.522295
1782501571.962987,22.190315,rotate_to_60deg_about_tip,0.002598,17.9855,11.022221,-24.867062,-115.904262,-12.087807,-4.667186,-108.990552,8.518561
1782501571.97295,22.200277,rotate_to_60deg_about_tip,0.002671,17.981,11.024586,-24.866903,-115.904262,-12.087821,-4.665409,-108.990552,8.51696
1782501571.98295,22.210277,rotate_to_60deg_about_tip,0.001527,17.965,11.029531,-24.869314,-115.904262,-12.086092,-4.662066,-108.990552,8.513047
1782501571.992955,22.220283,rotate_to_60deg_about_tip,0.002655,17.959,11.035311,-24.867129,-115.904262,-12.08789,-4.657724,-108.990552,8.509133
1782501572.002949,22.230276,rotate_to_60deg_about_tip,0.00273,17.954,11.037938,-24.866953,-115.904262,-12.087906,-4.655751,-108.990552,8.507353
1782501572.012947,22.240274,rotate_to_60deg_about_tip,0.002927,17.943,11.043718,-24.866566,-115.904262,-12.087941,-4.65141,-108.990552,8.503438
1782501572.022949,22.250276,rotate_to_60deg_about_tip,0.002728,17.9315,11.048926,-24.867161,-115.904262,-12.087977,-4.647873,-108.990552,8.499343
1782501572.032948,22.260276,rotate_to_60deg_about_tip,0.002889,17.921,11.054443,-24.866792,-115.904262,-12.08801,-4.643731,-108.990552,8.495604
1782501572.042948,22.270276,rotate_to_60deg_about_tip,0.003097,17.91,11.060222,-24.866405,-115.904262,-12.088045,-4.639393,-108.990552,8.491686
1782501572.052946,22.280273,rotate_to_60deg_about_tip,0.002864,17.8995,11.064905,-24.867036,-115.904262,-12.088079,-4.636252,-108.990552,8.487946
1782501572.062949,22.290277,rotate_to_60deg_about_tip,0.002949,17.894,11.067794,-24.866842,-115.904262,-12.088096,-4.634084,-108.990552,8.485986
1782501572.072965,22.300293,rotate_to_60deg_about_tip,0.003148,17.883,11.073573,-24.866455,-115.904262,-12.088132,-4.629747,-108.990552,8.482066
1782501572.082948,22.310275,rotate_to_60deg_about_tip,0.00293,17.8725,11.078256,-24.867086,-115.904262,-12.088165,-4.626608,-108.990552,8.478324
1782501572.092949,22.320277,rotate_to_60deg_about_tip,0.003101,17.8615,11.084035,-24.866699,-115.904262,-12.088201,-4.622273,-108.990552,8.474402
1782501572.102943,22.330271,rotate_to_60deg_about_tip,0.002939,17.8505,11.08898,-24.867312,-115.904262,-12.088236,-4.618939,-108.990552,8.470479
1782501572.112896,22.340224,rotate_to_60deg_about_tip,0.00309,17.839,11.095021,-24.866907,-115.904262,-12.088273,-4.614408,-108.990552,8.466378
1782501572.122945,22.350272,rotate_to_60deg_about_tip,0.003266,17.8285,11.100538,-24.866538,-115.904262,-12.088307,-4.610273,-108.990552,8.462632
1782501572.132948,22.360275,rotate_to_60deg_about_tip,0.003076,17.818,11.10522,-24.867168,-115.904262,-12.088341,-4.607137,-108.990552,8.458886
1782501572.142945,22.370273,rotate_to_60deg_about_tip,0.0023,17.8085,11.109659,-24.866834,-115.904262,-12.087372,-4.603397,-108.990552,8.456495
1782501572.152947,22.380274,rotate_to_60deg_about_tip,0.002108,17.797,11.114866,-24.867429,-115.904262,-12.087409,-4.599869,-108.990552,8.45239
1782501572.162899,22.390226,rotate_to_60deg_about_tip,0.002168,17.7925,11.11723,-24.867271,-115.904262,-12.087424,-4.598098,-108.990552,8.450784
1782501572.172945,22.400273,rotate_to_60deg_about_tip,0.002353,17.7815,11.123008,-24.866884,-115.904262,-12.08746,-4.593768,-108.990552,8.446856
1782501572.182948,22.410276,rotate_to_60deg_about_tip,0.002539,17.7725,11.127736,-24.866568,-115.904262,-12.087489,-4.590226,-108.990552,8.443642
1782501572.192948,22.420276,rotate_to_60deg_about_tip,0.002293,17.7615,11.132681,-24.867181,-115.904262,-12.087525,-4.586898,-108.990552,8.439713
1782501572.202964,22.430291,rotate_to_60deg_about_tip,0.002475,17.751,11.138196,-24.866811,-115.904262,-12.08756,-4.582767,-108.990552,8.435961
1782501572.212896,22.440223,rotate_to_60deg_about_tip,0.002279,17.741,11.142616,-24.86746,-115.904262,-12.087593,-4.579833,-108.990552,8.432388
1782501572.222946,22.450274,rotate_to_60deg_about_tip,0.002453,17.7285,11.149182,-24.86702,-115.904262,-12.087634,-4.574917,-108.990552,8.42792
1782501572.23294,22.460268,rotate_to_60deg_about_tip,0.002658,17.7175,11.154959,-24.866633,-115.904262,-12.08767,-4.570592,-108.990552,8.423988
1782501572.242944,22.470271,rotate_to_60deg_about_tip,0.002444,17.7065,11.159904,-24.867246,-115.904262,-12.087707,-4.567268,-108.990552,8.420054
1782501572.252947,22.480274,rotate_to_60deg_about_tip,0.002502,17.7025,11.162005,-24.867105,-115.904262,-12.08772,-4.565695,-108.990552,8.418624
1782501572.262924,22.490252,rotate_to_60deg_about_tip,0.002692,17.6915,11.167783,-24.866718,-115.904262,-12.087756,-4.561372,-108.990552,8.414689
1782501572.272943,22.50027,rotate_to_60deg_about_tip,0.002498,17.681,11.172465,-24.867349,-115.904262,-12.087791,-4.558246,-108.990552,8.410933
1782501572.282954,22.510281,rotate_to_60deg_about_tip,0.002646,17.6705,11.17798,-24.86698,-115.904262,-12.087826,-4.55412,-108.990552,8.407176
1782501572.292945,22.520272,rotate_to_60deg_about_tip,0.002856,17.659,11.18402,-24.866575,-115.904262,-12.087865,-4.549602,-108.990552,8.40306
1782501572.302956,22.530284,rotate_to_60deg_about_tip,0.002647,17.648,11.188964,-24.867188,-115.904262,-12.087901,-4.546282,-108.990552,8.399122
1782501572.312966,22.540294,rotate_to_60deg_about_tip,0.002744,17.6415,11.192378,-24.86696,-115.904262,-12.087923,-4.543729,-108.990552,8.396795
1782501572.322955,22.550282,rotate_to_60deg_about_tip,0.002931,17.631,11.197893,-24.866591,-115.904262,-12.087958,-4.539606,-108.990552,8.393035
1782501572.332952,22.56028,rotate_to_60deg_about_tip,0.002727,17.6205,11.202574,-24.867221,-115.904262,-12.087994,-4.536484,-108.990552,8.389274
1782501572.342944,22.570271,rotate_to_60deg_about_tip,0.002882,17.61,11.208089,-24.866852,-115.904262,-12.088029,-4.532363,-108.990552,8.385513
1782501572.352886,22.580214,rotate_to_60deg_about_tip,0.003085,17.599,11.213866,-24.866465,-115.904262,-12.088066,-4.528045,-108.990552,8.381571
1782501572.36295,22.590278,rotate_to_60deg_about_tip,0.002853,17.5895,11.218022,-24.867131,-115.904262,-12.088098,-4.525318,-108.990552,8.378167
1782501572.373053,22.60038,rotate_to_60deg_about_tip,0.002147,17.5785,11.223246,-24.866744,-115.904262,-12.087136,-4.521002,-108.990552,8.375224
1782501572.382947,22.610274,rotate_to_60deg_about_tip,0.002241,17.5745,11.225346,-24.866604,-115.904262,-12.087149,-4.519433,-108.990552,8.37379
1782501572.392947,22.620275,rotate_to_60deg_about_tip,0.001186,17.557,11.230815,-24.869145,-115.904262,-12.085236,-4.515726,-108.990552,8.369487
1782501572.402948,22.630275,rotate_to_60deg_about_tip,0.002206,17.551,11.236855,-24.866777,-115.904262,-12.087229,-4.511216,-108.990552,8.365363
1782501572.412948,22.640275,rotate_to_60deg_about_tip,0.002343,17.545,11.240005,-24.866566,-115.904262,-12.087249,-4.508863,-108.990552,8.36321
1782501572.422948,22.650275,rotate_to_60deg_about_tip,0.002055,17.535,11.244424,-24.867215,-115.904262,-12.087284,-4.505943,-108.990552,8.359623
1782501572.432968,22.660295,rotate_to_60deg_about_tip,0.002269,17.5235,11.250463,-24.86681,-115.904262,-12.087323,-4.501435,-108.990552,8.355496
1782501572.442951,22.670279,rotate_to_60deg_about_tip,0.002482,17.514,11.255452,-24.866476,-115.904262,-12.087356,-4.497711,-108.990552,8.352087
1782501572.452949,22.680276,rotate_to_60deg_about_tip,0.002196,17.5035,11.260133,-24.867107,-115.904262,-12.087392,-4.494597,-108.990552,8.348318
1782501572.462948,22.690275,rotate_to_60deg_about_tip,0.002407,17.4925,11.265909,-24.86672,-115.904262,-12.087429,-4.490287,-108.990552,8.344368
1782501572.472949,22.700277,rotate_to_60deg_about_tip,0.002646,17.482,11.271423,-24.866351,-115.904262,-12.087466,-4.486174,-108.990552,8.340597
1782501572.482889,22.710217,rotate_to_60deg_about_tip,0.002366,17.4705,11.276629,-24.866947,-115.904262,-12.087505,-4.48267,-108.990552,8.336467
1782501572.492949,22.720277,rotate_to_60deg_about_tip,0.002556,17.461,11.281617,-24.866613,-115.904262,-12.087538,-4.47895,-108.990552,8.333054
1782501572.50295,22.730278,rotate_to_60deg_about_tip,0.002326,17.45,11.286561,-24.867226,-115.904262,-12.087576,-4.475643,-108.990552,8.329101
1782501572.512963,22.74029,rotate_to_60deg_about_tip,0.002404,17.445,11.289187,-24.86705,-115.904262,-12.087594,-4.473685,-108.990552,8.327304
1782501572.522948,22.750275,rotate_to_60deg_about_tip,0.00261,17.434,11.294962,-24.866663,-115.904262,-12.087632,-4.46938,-108.990552,8.32335
1782501572.532948,22.760276,rotate_to_60deg_about_tip,0.002394,17.4235,11.299643,-24.867294,-115.904262,-12.087668,-4.46627,-108.990552,8.319575
1782501572.542948,22.770275,rotate_to_60deg_about_tip,0.002556,17.413,11.305156,-24.866925,-115.904262,-12.087705,-4.462162,-108.990552,8.3158
1782501572.552951,22.780279,rotate_to_60deg_about_tip,0.002749,17.403,11.310407,-24.866574,-115.904262,-12.08774,-4.458249,-108.990552,8.312203
1782501572.562949,22.790276,rotate_to_60deg_about_tip,0.002517,17.393,11.314825,-24.867222,-115.904262,-12.087775,-4.455338,-108.990552,8.308606
1782501572.572953,22.80028,rotate_to_60deg_about_tip,0.002683,17.3825,11.320338,-24.866853,-115.904262,-12.087812,-4.451231,-108.990552,8.304828
1782501572.582891,22.810219,rotate_to_60deg_about_tip,0.002535,17.371,11.325544,-24.867449,-115.904262,-12.087852,-4.447734,-108.990552,8.30069
1782501572.592952,22.820279,rotate_to_60deg_about_tip,0.002678,17.36,11.33132,-24.867062,-115.904262,-12.087891,-4.443434,-108.990552,8.29673
1782501572.60289,22.830218,rotate_to_60deg_about_tip,0.002838,17.3505,11.336307,-24.866728,-115.904262,-12.087925,-4.43972,-108.990552,8.29331
1782501572.612956,22.840283,rotate_to_60deg_about_tip,0.002609,17.345,11.338363,-24.867535,-115.904262,-12.087944,-4.43857,-108.990552,8.29133
1782501572.622944,22.850272,rotate_to_60deg_about_tip,0.00273,17.3345,11.343876,-24.867166,-115.904262,-12.087981,-4.434467,-108.990552,8.287548
1782501572.632945,22.860272,rotate_to_60deg_about_tip,0.002895,17.324,11.349388,-24.866796,-115.904262,-12.088018,-4.430364,-108.990552,8.283766
1782501572.642941,22.870268,rotate_to_60deg_about_tip,0.002738,17.3135,11.354069,-24.867427,-115.904262,-12.088056,-4.427262,-108.990552,8.279984
1782501572.652949,22.880277,rotate_to_60deg_about_tip,0.00287,17.303,11.359581,-24.867058,-115.904262,-12.088093,-4.423161,-108.990552,8.2762
1782501572.662963,22.89029,rotate_to_60deg_about_tip,0.003041,17.2925,11.365093,-24.866689,-115.904262,-12.08813,-4.41906,-108.990552,8.272416
1782501572.67295,22.900278,rotate_to_60deg_about_tip,0.002859,17.283,11.369249,-24.867355,-115.904262,-12.088164,-4.41635,-108.990552,8.268991
1782501572.682885,22.910213,rotate_to_60deg_about_tip,0.003003,17.272,11.375024,-24.866969,-115.904262,-12.088204,-4.412056,-108.990552,8.265025
1782501572.692947,22.920274,rotate_to_60deg_about_tip,0.00317,17.262,11.380273,-24.866617,-115.904262,-12.088239,-4.408152,-108.990552,8.261419
1782501572.702945,22.930272,rotate_to_60deg_about_tip,0.003006,17.2505,11.385479,-24.867213,-115.904262,-12.088281,-4.404664,-108.990552,8.257271
1782501572.712945,22.940273,rotate_to_60deg_about_tip,0.002269,17.239,11.390959,-24.866809,-115.904262,-12.087322,-4.400177,-108.990552,8.254122
1782501572.722949,22.950276,rotate_to_60deg_about_tip,0.002064,17.228,11.395902,-24.867422,-115.904262,-12.087362,-4.396885,-108.990552,8.250153
1782501572.732947,22.960275,rotate_to_60deg_about_tip,0.002126,17.2235,11.398264,-24.867264,-115.904262,-12.087378,-4.39513,-108.990552,8.248529
1782501572.74294,22.970268,rotate_to_60deg_about_tip,0.002319,17.2125,11.404038,-24.866878,-115.904262,-12.087418,-4.39084,-108.990552,8.244558
1782501572.752955,22.980282,rotate_to_60deg_about_tip,0.002521,17.203,11.409025,-24.866544,-115.904262,-12.087452,-4.387135,-108.990552,8.241129
1782501572.76295,22.990278,rotate_to_60deg_about_tip,0.002278,17.1915,11.41423,-24.86714,-115.904262,-12.087494,-4.383651,-108.990552,8.236976
1782501572.773003,23.000331,rotate_to_60deg_about_tip,0.00246,17.1815,11.419479,-24.866788,-115.904262,-12.08753,-4.379752,-108.990552,8.233364
1782501572.782888,23.010215,rotate_to_60deg_about_tip,0.002575,17.176,11.422366,-24.866595,-115.904262,-12.08755,-4.377609,-108.990552,8.231378
1782501572.792961,23.020288,rotate_to_60deg_about_tip,0.002345,17.165,11.427309,-24.867208,-115.904262,-12.08759,-4.374322,-108.990552,8.227404
1782501572.802949,23.030276,rotate_to_60deg_about_tip,0.002514,17.155,11.432557,-24.866857,-115.904262,-12.087626,-4.370425,-108.990552,8.22379
1782501572.812945,23.040272,rotate_to_60deg_about_tip,0.00236,17.143,11.438025,-24.867435,-115.904262,-12.08767,-4.36675,-108.990552,8.219453
1782501572.822948,23.050276,rotate_to_60deg_about_tip,0.002497,17.133,11.443274,-24.867084,-115.904262,-12.087707,-4.362854,-108.990552,8.215838
1782501572.832948,23.060276,rotate_to_60deg_about_tip,0.002581,17.128,11.445898,-24.866908,-115.904262,-12.087725,-4.360907,-108.990552,8.214031
1782501572.842949,23.070276,rotate_to_60deg_about_tip,0.002786,17.1175,11.451409,-24.866539,-115.904262,-12.087764,-4.356818,-108.990552,8.210234
1782501572.852899,23.080227,rotate_to_60deg_about_tip,0.002551,17.1075,11.455827,-24.867188,-115.904262,-12.0878,-4.353924,-108.990552,8.206617
1782501572.86294,23.090268,rotate_to_60deg_about_tip,0.002722,17.097,11.461337,-24.866819,-115.904262,-12.087839,-4.349836,-108.990552,8.202819
1782501572.872949,23.100276,rotate_to_60deg_about_tip,0.002963,17.085,11.467635,-24.866397,-115.904262,-12.087883,-4.345165,-108.990552,8.198477
1782501572.882951,23.110279,rotate_to_60deg_about_tip,0.002734,17.0735,11.47284,-24.866993,-115.904262,-12.087926,-4.34169,-108.990552,8.194315
1782501572.89295,23.120278,rotate_to_60deg_about_tip,0.002836,17.0675,11.475989,-24.866782,-115.904262,-12.087948,-4.339355,-108.990552,8.192143
1782501572.902949,23.130277,rotate_to_60deg_about_tip,0.002269,17.056,11.481467,-24.866378,-115.904262,-12.086991,-4.334881,-108.990552,8.18898
1782501572.912946,23.140274,rotate_to_60deg_about_tip,0.001958,17.0435,11.487196,-24.866939,-115.904262,-12.087037,-4.331019,-108.990552,8.184454
1782501572.922948,23.150276,rotate_to_60deg_about_tip,0.002217,17.0325,11.492969,-24.866553,-115.904262,-12.087078,-4.326741,-108.990552,8.18047
1782501572.932973,23.160301,rotate_to_60deg_about_tip,0.001914,17.022,11.497649,-24.867184,-115.904262,-12.087117,-4.323658,-108.990552,8.176667
1782501572.942949,23.170277,rotate_to_60deg_about_tip,0.002114,17.012,11.502896,-24.866833,-115.904262,-12.087155,-4.319771,-108.990552,8.173043
1782501572.952847,23.180174,rotate_to_60deg_about_tip,0.002252,17.006,11.506045,-24.866622,-115.904262,-12.087177,-4.317438,-108.990552,8.170869
1782501572.962945,23.190273,rotate_to_60deg_about_tip,0.001963,16.9965,11.5102,-24.867288,-115.904262,-12.087213,-4.314746,-108.990552,8.167426
1782501572.972953,23.200281,rotate_to_60deg_about_tip,0.002143,16.9865,11.515447,-24.866937,-115.904262,-12.08725,-4.31086,-108.990552,8.163801
1782501572.982842,23.21017,rotate_to_60deg_about_tip,0.002399,16.975,11.521482,-24.866533,-115.904262,-12.087293,-4.306392,-108.990552,8.159632
1782501572.992852,23.22018,rotate_to_60deg_about_tip,0.00212,16.9645,11.526161,-24.867164,-115.904262,-12.087333,-4.303313,-108.990552,8.155824
1782501573.002945,23.230272,rotate_to_60deg_about_tip,0.00233,16.9535,11.531933,-24.866777,-115.904262,-12.087374,-4.29904,-108.990552,8.151834
1782501573.01295,23.240278,rotate_to_60deg_about_tip,0.00257,16.943,11.537443,-24.866409,-115.904262,-12.087414,-4.294963,-108.990552,8.148025
1782501573.02295,23.250278,rotate_to_60deg_about_tip,0.002307,16.931,11.54291,-24.866987,-115.904262,-12.087459,-4.291304,-108.990552,8.143671
1782501573.032946,23.260274,rotate_to_60deg_about_tip,0.002403,16.926,11.545533,-24.866812,-115.904262,-12.087478,-4.289363,-108.990552,8.141856
1782501573.04295,23.270278,rotate_to_60deg_about_tip,0.002645,16.915,11.551305,-24.866425,-115.904262,-12.08752,-4.285093,-108.990552,8.137863
1782501573.052946,23.280273,rotate_to_60deg_about_tip,0.002371,16.9045,11.555984,-24.867056,-115.904262,-12.08756,-4.282018,-108.990552,8.134051
1782501573.062949,23.290277,rotate_to_60deg_about_tip,0.00256,16.8945,11.561231,-24.866705,-115.904262,-12.087598,-4.278138,-108.990552,8.13042
1782501573.072948,23.300276,rotate_to_60deg_about_tip,0.00236,16.8835,11.566173,-24.867319,-115.904262,-12.08764,-4.27487,-108.990552,8.126425
1782501573.082945,23.310273,rotate_to_60deg_about_tip,0.002532,16.8725,11.571944,-24.866932,-115.904262,-12.087682,-4.270603,-108.990552,8.122429
1782501573.092961,23.320288,rotate_to_60deg_about_tip,0.002749,16.8615,11.577715,-24.866546,-115.904262,-12.087724,-4.266337,-108.990552,8.118433
1782501573.10295,23.330277,rotate_to_60deg_about_tip,0.001623,16.85,11.582361,-24.867142,-115.904262,-12.086768,-4.262878,-108.990552,8.115253
1782501573.112947,23.340275,rotate_to_60deg_about_tip,0.00177,16.8435,11.585771,-24.866914,-115.904262,-12.086793,-4.260358,-108.990552,8.112891
1782501573.122947,23.350275,rotate_to_60deg_about_tip,0.00204,16.833,11.591279,-24.866545,-115.904262,-12.086834,-4.256288,-108.990552,8.109074
1782501573.132951,23.360279,rotate_to_60deg_about_tip,0.001689,16.823,11.595696,-24.867194,-115.904262,-12.086872,-4.253412,-108.990552,8.105438
1782501573.142947,23.370275,rotate_to_60deg_about_tip,0.001907,16.813,11.600942,-24.866843,-115.904262,-12.086911,-4.249537,-108.990552,8.101801
1782501573.152945,23.380273,rotate_to_60deg_about_tip,0.001655,16.8025,11.605622,-24.867474,-115.904262,-12.086951,-4.246469,-108.990552,8.097982
1782501573.162955,23.390282,rotate_to_60deg_about_tip,0.001846,16.7915,11.611392,-24.867088,-115.904262,-12.086994,-4.242208,-108.990552,8.09398
1782501573.173035,23.400362,rotate_to_60deg_about_tip,0.002068,16.7815,11.616638,-24.866737,-115.904262,-12.087033,-4.238335,-108.990552,8.090341
1782501573.182949,23.410277,rotate_to_60deg_about_tip,0.000609,16.771,11.619261,-24.868498,-115.904262,-12.085072,-4.236399,-108.990552,8.088522
1782501573.192948,23.420275,rotate_to_60deg_about_tip,0.001906,16.765,11.624465,-24.867157,-115.904262,-12.087097,-4.232946,-108.990552,8.084336
1782501573.202856,23.430184,rotate_to_60deg_about_tip,0.002112,16.755,11.629711,-24.866806,-115.904262,-12.087136,-4.229074,-108.990552,8.080695
1782501573.212847,23.440174,rotate_to_60deg_about_tip,0.001875,16.745,11.634128,-24.867455,-115.904262,-12.087175,-4.226203,-108.990552,8.077054
1782501573.222843,23.450171,rotate_to_60deg_about_tip,0.002044,16.7345,11.639635,-24.867086,-115.904262,-12.087216,-4.22214,-108.990552,8.07323
1782501573.232945,23.460273,rotate_to_60deg_about_tip,0.002262,16.724,11.645143,-24.866718,-115.904262,-12.087257,-4.218077,-108.990552,8.069405
1782501573.242952,23.470279,rotate_to_60deg_about_tip,0.001958,16.7185,11.647199,-24.867524,-115.904262,-12.087278,-4.216949,-108.990552,8.067401
1782501573.252898,23.480225,rotate_to_60deg_about_tip,0.00211,16.708,11.652707,-24.867156,-115.904262,-12.087319,-4.212887,-108.990552,8.063575
1782501573.262848,23.490175,rotate_to_60deg_about_tip,0.002313,16.6975,11.658215,-24.866787,-115.904262,-12.087361,-4.208826,-108.990552,8.059749
1782501573.27289,23.500218,rotate_to_60deg_about_tip,0.002131,16.685,11.663943,-24.867348,-115.904262,-12.08741,-4.204992,-108.990552,8.055192
1782501573.282943,23.510271,rotate_to_60deg_about_tip,0.002284,16.6755,11.668926,-24.867015,-115.904262,-12.087447,-4.201319,-108.990552,8.051729
1782501573.292945,23.520273,rotate_to_60deg_about_tip,0.002146,16.6645,11.673867,-24.867629,-115.904262,-12.087491,-4.198067,-108.990552,8.047717
1782501573.302948,23.530275,rotate_to_60deg_about_tip,0.002289,16.653,11.679899,-24.867225,-115.904262,-12.087536,-4.193622,-108.990552,8.043523
1782501573.312946,23.540274,rotate_to_60deg_about_tip,0.002461,16.643,11.685143,-24.866874,-115.904262,-12.087576,-4.189758,-108.990552,8.039875
1782501573.322948,23.550275,rotate_to_60deg_about_tip,0.002571,16.6375,11.688028,-24.866681,-115.904262,-12.087598,-4.187633,-108.990552,8.037868
1782501573.332951,23.560279,rotate_to_60deg_about_tip,0.001418,16.6275,11.691884,-24.86733,-115.904262,-12.086637,-4.18477,-108.990552,8.035219
1782501573.342948,23.570276,rotate_to_60deg_about_tip,0.001675,16.616,11.697916,-24.866926,-115.904262,-12.086683,-4.180328,-108.990552,8.031021
1782501573.352945,23.580273,rotate_to_60deg_about_tip,0.001927,16.6065,11.702898,-24.866592,-115.904262,-12.086721,-4.176659,-108.990552,8.027553
1782501573.362897,23.590225,rotate_to_60deg_about_tip,0.001588,16.5955,11.707839,-24.867206,-115.904262,-12.086765,-4.173411,-108.990552,8.023537
1782501573.372947,23.600274,rotate_to_60deg_about_tip,0.001814,16.5855,11.713083,-24.866855,-115.904262,-12.086805,-4.169551,-108.990552,8.019885
1782501573.382947,23.610275,rotate_to_60deg_about_tip,0.001567,16.574,11.718286,-24.867452,-115.904262,-12.086851,-4.166112,-108.990552,8.015684
1782501573.392949,23.620276,rotate_to_60deg_about_tip,0.001679,16.5675,11.721695,-24.867223,-115.904262,-12.086877,-4.163603,-108.990552,8.013309
1782501573.402946,23.630273,rotate_to_60deg_about_tip,0.001918,16.5565,11.727464,-24.866837,-115.904262,-12.086921,-4.159358,-108.990552,8.00929
1782501573.41295,23.640277,rotate_to_60deg_about_tip,0.001683,16.545,11.732667,-24.867434,-115.904262,-12.086967,-4.155922,-108.990552,8.005087
1782501573.422949,23.650277,rotate_to_60deg_about_tip,0.001891,16.5335,11.738697,-24.86703,-115.904262,-12.087013,-4.151486,-108.990552,8.000883
1782501573.432958,23.660286,rotate_to_60deg_about_tip,0.002119,16.5235,11.743941,-24.866679,-115.904262,-12.087054,-4.147629,-108.990552,7.997227
1782501573.442947,23.670275,rotate_to_60deg_about_tip,0.001862,16.512,11.749144,-24.867276,-115.904262,-12.0871,-4.144195,-108.990552,7.993022
1782501573.452987,23.680315,rotate_to_60deg_about_tip,0.002033,16.503,11.753864,-24.86696,-115.904262,-12.087137,-4.140725,-108.990552,7.98973
1782501573.462948,23.690276,rotate_to_60deg_about_tip,0.002297,16.4915,11.759894,-24.866556,-115.904262,-12.087183,-4.136292,-108.990552,7.985523
1782501573.472948,23.700276,rotate_to_60deg_about_tip,0.002012,16.481,11.764572,-24.867188,-115.904262,-12.087226,-4.133245,-108.990552,7.981681
1782501573.482945,23.710273,rotate_to_60deg_about_tip,0.002104,16.476,11.767194,-24.867012,-115.904262,-12.087246,-4.131319,-108.990552,7.979851
1782501573.492949,23.720277,rotate_to_60deg_about_tip,0.002342,16.465,11.772962,-24.866626,-115.904262,-12.087291,-4.12708,-108.990552,7.975825
1782501573.502848,23.730175,rotate_to_60deg_about_tip,0.002603,16.4545,11.778468,-24.866258,-115.904262,-12.087334,-4.123035,-108.990552,7.971981
1782501573.512847,23.740174,rotate_to_60deg_about_tip,0.002277,16.444,11.783146,-24.866889,-115.904262,-12.087377,-4.119991,-108.990552,7.968136
1782501573.522948,23.750275,rotate_to_60deg_about_tip,0.002508,16.4335,11.788651,-24.866521,-115.904262,-12.08742,-4.115948,-108.990552,7.964291
1782501573.532957,23.760285,rotate_to_60deg_about_tip,0.002288,16.4205,11.79464,-24.867064,-115.904262,-12.087473,-4.111943,-108.990552,7.959529
1782501573.542967,23.770294,rotate_to_60deg_about_tip,0.002381,16.4155,11.797262,-24.866889,-115.904262,-12.087493,-4.110018,-108.990552,7.957697
1782501573.552951,23.780278,rotate_to_60deg_about_tip,0.002593,16.4055,11.802505,-24.866538,-115.904262,-12.087534,-4.106169,-108.990552,7.954033
1782501573.562949,23.790277,rotate_to_60deg_about_tip,0.002346,16.395,11.807183,-24.86717,-115.904262,-12.087578,-4.103128,-108.990552,7.950185
1782501573.573024,23.800352,rotate_to_60deg_about_tip,0.002554,16.3835,11.813213,-24.866766,-115.904262,-12.087625,-4.098703,-108.990552,7.94597
1782501573.58295,23.810277,rotate_to_60deg_about_tip,0.000585,16.372,11.816358,-24.868478,-115.904262,-12.085656,-4.096395,-108.990552,7.94377
1782501573.592947,23.820274,rotate_to_60deg_about_tip,0.00245,16.367,11.821036,-24.867187,-115.904262,-12.087693,-4.093355,-108.990552,7.93992
1782501573.602945,23.830272,rotate_to_60deg_about_tip,0.002649,16.3555,11.827066,-24.866784,-115.904262,-12.087741,-4.088933,-108.990552,7.935703
1782501573.612948,23.840275,rotate_to_60deg_about_tip,0.002771,16.3495,11.830211,-24.866573,-115.904262,-12.087766,-4.086625,-108.990552,7.933502
1782501573.622946,23.850273,rotate_to_60deg_about_tip,0.002577,16.3375,11.835676,-24.867152,-115.904262,-12.087815,-4.083012,-108.990552,7.929099
1782501573.632948,23.860275,rotate_to_60deg_about_tip,0.002755,16.327,11.84118,-24.866784,-115.904262,-12.087859,-4.078975,-108.990552,7.925247
1782501573.642944,23.870272,rotate_to_60deg_about_tip,0.002991,16.3155,11.847209,-24.86638,-115.904262,-12.087907,-4.074555,-108.990552,7.921026
1782501573.652946,23.880274,rotate_to_60deg_about_tip,0.002751,16.305,11.851887,-24.867012,-115.904262,-12.087951,-4.07152,-108.990552,7.917172
1782501573.662951,23.890278,rotate_to_60deg_about_tip,0.002844,16.2995,11.85477,-24.866819,-115.904262,-12.087974,-4.069407,-108.990552,7.915152
1782501573.672948,23.900275,rotate_to_60deg_about_tip,0.00305,16.289,11.860275,-24.866451,-115.904262,-12.088017,-4.065373,-108.990552,7.911297
1782501573.682949,23.910276,rotate_to_60deg_about_tip,0.002847,16.2775,11.865477,-24.867047,-115.904262,-12.088065,-4.061956,-108.990552,7.907073
1782501573.692947,23.920275,rotate_to_60deg_about_tip,0.003017,16.2675,11.870719,-24.866696,-115.904262,-12.088107,-4.058116,-108.990552,7.9034
1782501573.702953,23.93028,rotate_to_60deg_about_tip,0.001908,16.256,11.875357,-24.867293,-115.904262,-12.087156,-4.054701,-108.990552,7.900175
1782501573.712947,23.940274,rotate_to_60deg_about_tip,0.002105,16.2455,11.880861,-24.866925,-115.904262,-12.0872,-4.05067,-108.990552,7.896316
1782501573.72295,23.950278,rotate_to_60deg_about_tip,0.002345,16.235,11.886365,-24.866556,-115.904262,-12.087244,-4.04664,-108.990552,7.892457
1782501573.732951,23.960279,rotate_to_60deg_about_tip,0.002483,16.2295,11.889248,-24.866364,-115.904262,-12.087267,-4.044529,-108.990552,7.890435
1782501573.742954,23.970281,rotate_to_60deg_about_tip,0.0022,16.2175,11.894712,-24.866943,-115.904262,-12.087318,-4.040924,-108.990552,7.886023
1782501573.752944,23.980272,rotate_to_60deg_about_tip,0.00243,16.207,11.900216,-24.866574,-115.904262,-12.087362,-4.036896,-108.990552,7.882161
1782501573.762948,23.990275,rotate_to_60deg_about_tip,0.002182,16.196,11.905155,-24.867189,-115.904262,-12.087409,-4.033677,-108.990552,7.878116
1782501573.77295,24.000278,rotate_to_60deg_about_tip,0.002367,16.186,11.910397,-24.866838,-115.904262,-12.087451,-4.029842,-108.990552,7.874437
1782501573.782947,24.010274,rotate_to_60deg_about_tip,0.002623,16.1745,11.916424,-24.866434,-115.904262,-12.0875,-4.025432,-108.990552,7.870205
1782501573.792947,24.020275,rotate_to_60deg_about_tip,0.002371,16.163,11.921626,-24.867031,-115.904262,-12.087549,-4.022023,-108.990552,7.865973
1782501573.802948,24.030275,rotate_to_60deg_about_tip,0.002474,16.1575,11.924509,-24.866838,-115.904262,-12.087572,-4.019915,-108.990552,7.863948
1782501573.812946,24.040274,rotate_to_60deg_about_tip,0.002711,16.1465,11.930274,-24.866452,-115.904262,-12.087619,-4.015699,-108.990552,7.859899
1782501573.822948,24.050276,rotate_to_60deg_about_tip,0.002449,16.1365,11.934689,-24.867102,-115.904262,-12.087662,-4.012868,-108.990552,7.856217
1782501573.83295,24.060278,rotate_to_60deg_about_tip,0.002683,16.124,11.94124,-24.866663,-115.904262,-12.087716,-4.008079,-108.990552,7.851613
1782501573.842951,24.070278,rotate_to_60deg_about_tip,0.002482,16.1135,11.945918,-24.867295,-115.904262,-12.087761,-4.005057,-108.990552,7.847745
1782501573.852947,24.080275,rotate_to_60deg_about_tip,0.002648,16.103,11.95142,-24.866927,-115.904262,-12.087806,-4.001035,-108.990552,7.843876
1782501573.862943,24.090271,rotate_to_60deg_about_tip,0.002029,16.093,11.956097,-24.866576,-115.904262,-12.086849,-3.997206,-108.990552,7.841191
1782501573.872947,24.100275,rotate_to_60deg_about_tip,0.001701,16.0825,11.960774,-24.867208,-115.904262,-12.086894,-3.994187,-108.990552,7.837321
1782501573.882948,24.110276,rotate_to_60deg_about_tip,0.001805,16.0775,11.963394,-24.867033,-115.904262,-12.086915,-3.992273,-108.990552,7.835478
1782501573.892961,24.120289,rotate_to_60deg_about_tip,0.002068,16.0665,11.969159,-24.866647,-115.904262,-12.086963,-3.988062,-108.990552,7.831423
1782501573.902946,24.130274,rotate_to_60deg_about_tip,0.001767,16.0565,11.973574,-24.867296,-115.904262,-12.087006,-3.985236,-108.990552,7.827735
1782501573.912962,24.14029,rotate_to_60deg_about_tip,0.001976,16.046,11.979076,-24.866928,-115.904262,-12.087051,-3.981218,-108.990552,7.823863
1782501573.922956,24.150283,rotate_to_60deg_about_tip,0.001583,16.0355,11.984014,-24.86656,-115.904262,-12.086097,-3.977202,-108.990552,7.820989
1782501573.932948,24.160275,rotate_to_60deg_about_tip,0.001094,16.025,11.988691,-24.867192,-115.904262,-12.086142,-3.974186,-108.990552,7.817115
1782501573.942945,24.170273,rotate_to_60deg_about_tip,0.00139,16.015,11.993931,-24.866841,-115.904262,-12.086186,-3.970362,-108.990552,7.813425
1782501573.95295,24.180277,rotate_to_60deg_about_tip,0.001741,16.004,11.999694,-24.866456,-115.904262,-12.086234,-3.966156,-108.990552,7.809365
1782501573.962952,24.19028,rotate_to_60deg_about_tip,0.001278,15.993,12.004633,-24.86707,-115.904262,-12.086282,-3.962951,-108.990552,7.805304
1782501573.972958,24.200286,rotate_to_60deg_about_tip,0.001421,15.988,12.007253,-24.866895,-115.904262,-12.086304,-3.96104,-108.990552,7.803458
1782501573.982948,24.210275,rotate_to_60deg_about_tip,0.001757,15.977,12.013017,-24.866509,-115.904262,-12.086352,-3.956836,-108.990552,7.799396
1782501573.992946,24.220273,rotate_to_60deg_about_tip,0.001261,15.9655,12.015899,-24.868398,-115.904262,-12.084186,-3.954734,-108.990552,7.797364
1782501574.002945,24.230273,rotate_to_60deg_about_tip,0.001477,15.9605,12.020837,-24.866931,-115.904262,-12.086424,-3.951532,-108.990552,7.793301
1782501574.012948,24.240275,rotate_to_60deg_about_tip,0.001814,15.949,12.026863,-24.866528,-115.904262,-12.086474,-3.947139,-108.990552,7.789052
1782501574.022948,24.250276,rotate_to_60deg_about_tip,0.001441,15.937,12.032325,-24.867107,-115.904262,-12.086527,-3.943556,-108.990552,7.784618
1782501574.03295,24.260277,rotate_to_60deg_about_tip,0.001705,15.927,12.037565,-24.866756,-115.904262,-12.086571,-3.939738,-108.990552,7.780922
1782501574.042949,24.270276,rotate_to_60deg_about_tip,0.001981,15.9175,12.042542,-24.866423,-115.904262,-12.086613,-3.936111,-108.990552,7.77741
1782501574.052951,24.280278,rotate_to_60deg_about_tip,0.001627,15.905,12.048266,-24.866985,-115.904262,-12.086668,-3.932339,-108.990552,7.772788
1782501574.062961,24.290288,rotate_to_60deg_about_tip,0.001742,15.9005,12.050624,-24.866827,-115.904262,-12.086688,-3.930622,-108.990552,7.771124
1782501574.072948,24.300275,rotate_to_60deg_about_tip,0.002062,15.889,12.056649,-24.866424,-115.904262,-12.086739,-3.926234,-108.990552,7.76687
1782501574.082947,24.310275,rotate_to_60deg_about_tip,0.001682,15.8785,12.061325,-24.867056,-115.904262,-12.086785,-3.923228,-108.990552,7.762986
1782501574.09295,24.320277,rotate_to_60deg_about_tip,0.001928,15.8685,12.066564,-24.866706,-115.904262,-12.08683,-3.919413,-108.990552,7.759286
1782501574.102982,24.33031,rotate_to_60deg_about_tip,0.002262,15.8565,12.072851,-24.866285,-115.904262,-12.086883,-3.914836,-108.990552,7.754845
1782501574.112947,24.340275,rotate_to_60deg_about_tip,0.001868,15.8465,12.077265,-24.866935,-115.904262,-12.086927,-3.912023,-108.990552,7.751143
1782501574.12295,24.350278,rotate_to_60deg_about_tip,0.002102,15.837,12.082242,-24.866602,-115.904262,-12.08697,-3.908401,-108.990552,7.747626
1782501574.13295,24.360278,rotate_to_60deg_about_tip,0.001884,15.8255,12.0877,-24.866199,-115.904262,-12.086021,-3.904017,-108.990552,7.744368
1782501574.142947,24.370275,rotate_to_60deg_about_tip,0.001349,15.8145,12.092638,-24.866813,-115.904262,-12.08607,-3.900825,-108.990552,7.740294
1782501574.152898,24.380225,rotate_to_60deg_about_tip,0.001496,15.81,12.094996,-24.866656,-115.904262,-12.08609,-3.89911,-108.990552,7.738627
1782501574.162947,24.390274,rotate_to_60deg_about_tip,0.001863,15.799,12.100758,-24.86627,-115.904262,-12.086139,-3.894919,-108.990552,7.734552
1782501574.172942,24.40027,rotate_to_60deg_about_tip,0.001342,15.7885,12.105434,-24.866902,-115.904262,-12.086187,-3.891919,-108.990552,7.730662
1782501574.182944,24.410271,rotate_to_60deg_about_tip,0.001673,15.778,12.110934,-24.866534,-115.904262,-12.086234,-3.88792,-108.990552,7.72677
1782501574.19295,24.420277,rotate_to_60deg_about_tip,0.001212,15.7675,12.11561,-24.867166,-115.904262,-12.086281,-3.884922,-108.990552,7.722878
1782501574.202894,24.430222,rotate_to_60deg_about_tip,0.001496,15.7575,12.120848,-24.866816,-115.904262,-12.086326,-3.881114,-108.990552,7.719171
1782501574.212949,24.440276,rotate_to_60deg_about_tip,0.00182,15.747,12.126348,-24.866448,-115.904262,-12.086373,-3.877117,-108.990552,7.715277
1782501574.223105,24.450433,rotate_to_60deg_about_tip,0.001374,15.7365,12.131024,-24.86708,-115.904262,-12.086421,-3.874121,-108.990552,7.711383
1782501574.232943,24.46027,rotate_to_60deg_about_tip,0.001667,15.726,12.136524,-24.866712,-115.904262,-12.086468,-3.870125,-108.990552,7.707488
1782501574.242949,24.470277,rotate_to_60deg_about_tip,0.002002,15.715,12.142285,-24.866327,-115.904262,-12.086518,-3.86594,-108.990552,7.703407
1782501574.252896,24.480224,rotate_to_60deg_about_tip,0.001525,15.706,12.146175,-24.867011,-115.904262,-12.086559,-3.863516,-108.990552,7.700067
1782501574.262944,24.490272,rotate_to_60deg_about_tip,0.001811,15.6955,12.151675,-24.866643,-115.904262,-12.086607,-3.859522,-108.990552,7.69617
1782501574.272961,24.500289,rotate_to_60deg_about_tip,0.001479,15.684,12.156874,-24.867241,-115.904262,-12.086659,-3.856149,-108.990552,7.691901
1782501574.282955,24.510283,rotate_to_60deg_about_tip,0.001701,15.6745,12.16185,-24.866908,-115.904262,-12.086702,-3.852537,-108.990552,7.688373
1782501574.29295,24.520278,rotate_to_60deg_about_tip,0.001999,15.6635,12.167611,-24.866522,-115.904262,-12.086752,-3.848356,-108.990552,7.684288
1782501574.302897,24.530225,rotate_to_60deg_about_tip,0.001613,15.6545,12.171501,-24.867207,-115.904262,-12.086793,-3.845935,-108.990552,7.680946
1782501574.31295,24.540278,rotate_to_60deg_about_tip,0.001853,15.644,12.177,-24.866839,-115.904262,-12.086841,-3.841945,-108.990552,7.677045
1782501574.32298,24.550308,rotate_to_60deg_about_tip,0.002145,15.633,12.182761,-24.866454,-115.904262,-12.086892,-3.837766,-108.990552,7.672958
1782501574.332951,24.560278,rotate_to_60deg_about_tip,0.001789,15.623,12.187175,-24.867104,-115.904262,-12.086938,-3.834967,-108.990552,7.669241
1782501574.34295,24.570278,rotate_to_60deg_about_tip,0.001876,15.619,12.18927,-24.866963,-115.904262,-12.086956,-3.833448,-108.990552,7.667755
1782501574.352945,24.580273,rotate_to_60deg_about_tip,0.002133,15.6085,12.194768,-24.866596,-115.904262,-12.087004,-3.82946,-108.990552,7.663851
1782501574.36295,24.590277,rotate_to_60deg_about_tip,0.001064,15.596,12.199923,-24.867158,-115.904262,-12.086062,-3.825714,-108.990552,7.660204
1782501574.373006,24.600334,rotate_to_60deg_about_tip,0.00139,15.5855,12.205422,-24.86679,-115.904262,-12.08611,-3.821728,-108.990552,7.656299
1782501574.382947,24.610274,rotate_to_60deg_about_tip,0.001552,15.5805,12.20804,-24.866615,-115.904262,-12.086133,-3.81983,-108.990552,7.654439
1782501574.392951,24.620279,rotate_to_60deg_about_tip,0.001672,15.564,12.212977,-24.869124,-115.904262,-12.084163,-3.816655,-108.990552,7.650348
1782501574.402945,24.630272,rotate_to_60deg_about_tip,0.001401,15.559,12.218476,-24.866862,-115.904262,-12.086232,-3.812671,-108.990552,7.646441
1782501574.412951,24.640279,rotate_to_60deg_about_tip,0.001732,15.5485,12.223974,-24.866494,-115.904262,-12.086281,-3.808687,-108.990552,7.642534
1782501574.422948,24.650276,rotate_to_60deg_about_tip,0.001262,15.5385,12.228387,-24.867144,-115.904262,-12.086327,-3.805894,-108.990552,7.638812
1782501574.432948,24.660275,rotate_to_60deg_about_tip,0.001589,15.527,12.234409,-24.866741,-115.904262,-12.086381,-3.801532,-108.990552,7.634531
1782501574.442945,24.670273,rotate_to_60deg_about_tip,0.001898,15.517,12.239645,-24.866391,-115.904262,-12.086427,-3.79774,-108.990552,7.630807
1782501574.452953,24.680281,rotate_to_60deg_about_tip,0.001402,15.5085,12.243273,-24.867093,-115.904262,-12.086467,-3.795518,-108.990552,7.627642
1782501574.46295,24.690277,rotate_to_60deg_about_tip,0.001575,15.502,12.246677,-24.866866,-115.904262,-12.086497,-3.793054,-108.990552,7.625221
1782501574.472947,24.700275,rotate_to_60deg_about_tip,0.001882,15.4915,12.252174,-24.866498,-115.904262,-12.086546,-3.789074,-108.990552,7.62131
1782501574.482954,24.710282,rotate_to_60deg_about_tip,0.002224,15.4805,12.257934,-24.866113,-115.904262,-12.086598,-3.784906,-108.990552,7.617211
1782501574.492898,24.720225,rotate_to_60deg_about_tip,0.001753,15.4705,12.262347,-24.866762,-115.904262,-12.086644,-3.782117,-108.990552,7.613485
1782501574.502948,24.730275,rotate_to_60deg_about_tip,0.0021,15.4585,12.26863,-24.866342,-115.904262,-12.086701,-3.777571,-108.990552,7.609012
1782501574.512947,24.740275,rotate_to_60deg_about_tip,0.002237,15.454,12.270986,-24.866185,-115.904262,-12.086722,-3.775867,-108.990552,7.607335
1782501574.522948,24.750275,rotate_to_60deg_about_tip,0.001851,15.442,12.276446,-24.866765,-115.904262,-12.086778,-3.772322,-108.990552,7.602861
1782501574.532948,24.760275,rotate_to_60deg_about_tip,0.002171,15.4305,12.282467,-24.866362,-115.904262,-12.086832,-3.767968,-108.990552,7.598572
1782501574.542963,24.77029,rotate_to_60deg_about_tip,0.001797,15.42,12.287142,-24.866994,-115.904262,-12.086882,-3.764993,-108.990552,7.594656
1782501574.552848,24.780176,rotate_to_60deg_about_tip,0.002044,15.41,12.292377,-24.866644,-115.904262,-12.086929,-3.761208,-108.990552,7.590926
1782501574.562842,24.79017,rotate_to_60deg_about_tip,0.002333,15.3995,12.297874,-24.866276,-115.904262,-12.086978,-3.757235,-108.990552,7.587008
1782501574.572841,24.800169,rotate_to_60deg_about_tip,0.001867,15.3935,12.300193,-24.867066,-115.904262,-12.087007,-3.755965,-108.990552,7.584769
1782501574.582946,24.810273,rotate_to_60deg_about_tip,0.001475,15.382,12.305644,-24.866664,-115.904262,-12.086061,-3.751614,-108.990552,7.581477
1782501574.592944,24.820272,rotate_to_60deg_about_tip,0.001862,15.3705,12.311665,-24.866261,-115.904262,-12.086116,-3.747264,-108.990552,7.577184
1782501574.60295,24.830277,rotate_to_60deg_about_tip,0.001336,15.36,12.316339,-24.866894,-115.904262,-12.086165,-3.744294,-108.990552,7.573264
1782501574.612954,24.840281,rotate_to_60deg_about_tip,0.001703,15.3485,12.322359,-24.866491,-115.904262,-12.08622,-3.739946,-108.990552,7.568969
1782501574.622949,24.850276,rotate_to_60deg_about_tip,0.001261,15.337,12.327557,-24.867088,-115.904262,-12.086275,-3.736598,-108.990552,7.564673
1782501574.632944,24.860271,rotate_to_60deg_about_tip,0.001434,15.331,12.330698,-24.866878,-115.904262,-12.086303,-3.734331,-108.990552,7.562432
1782501574.642965,24.870292,rotate_to_60deg_about_tip,0.001757,15.3205,12.336194,-24.866511,-115.904262,-12.086354,-3.730363,-108.990552,7.558509
1782501574.652949,24.880277,rotate_to_60deg_about_tip,0.002113,15.3095,12.341952,-24.866126,-115.904262,-12.086406,-3.726206,-108.990552,7.554398
1782501574.66295,24.890277,rotate_to_60deg_about_tip,0.001625,15.299,12.346627,-24.866758,-115.904262,-12.086456,-3.72324,-108.990552,7.550473
1782501574.672961,24.900289,rotate_to_60deg_about_tip,0.001943,15.2885,12.352123,-24.866391,-115.904262,-12.086507,-3.719274,-108.990552,7.546548
1782501574.682949,24.910276,rotate_to_60deg_about_tip,0.001529,15.2775,12.357059,-24.867006,-115.904262,-12.086559,-3.71612,-108.990552,7.542435
1782501574.692948,24.920276,rotate_to_60deg_about_tip,0.00186,15.2655,12.36334,-24.866586,-115.904262,-12.086617,-3.71159,-108.990552,7.537947
1782501574.702945,24.930272,rotate_to_60deg_about_tip,0.002116,15.257,12.367789,-24.866288,-115.904262,-12.086658,-3.708381,-108.990552,7.534768
1782501574.712963,24.940291,rotate_to_60deg_about_tip,0.001588,15.251,12.370108,-24.867078,-115.904262,-12.086687,-3.707116,-108.990552,7.532523
1782501574.722949,24.950276,rotate_to_60deg_about_tip,0.001996,15.2355,12.378221,-24.866536,-115.904262,-12.086761,-3.701267,-108.990552,7.526723
1782501574.73295,24.960277,rotate_to_60deg_about_tip,0.002155,15.23,12.381099,-24.866343,-115.904262,-12.086788,-3.699192,-108.990552,7.524665
1782501574.742954,24.970282,rotate_to_60deg_about_tip,0.001748,15.2205,12.38525,-24.867011,-115.904262,-12.086834,-3.696608,-108.990552,7.521109
1782501574.75295,24.980277,rotate_to_60deg_about_tip,0.002011,15.21,12.390746,-24.866643,-115.904262,-12.086885,-3.692648,-108.990552,7.517178
1782501574.762953,24.990281,rotate_to_60deg_about_tip,0.002319,15.199,12.396503,-24.866258,-115.904262,-12.086938,-3.688499,-108.990552,7.513059
1782501574.772947,25.000274,rotate_to_60deg_about_tip,0.001842,15.193,12.398822,-24.867048,-115.904262,-12.086967,-3.687237,-108.990552,7.510813
1782501574.782953,25.010281,rotate_to_60deg_about_tip,0.00209,15.1825,12.404317,-24.866681,-115.904262,-12.087018,-3.683278,-108.990552,7.50688
1782501574.792946,25.020274,rotate_to_60deg_about_tip,0.001778,15.1725,12.408979,-24.866331,-115.904262,-12.086067,-3.679509,-108.990552,7.504134
1782501574.802947,25.030274,rotate_to_60deg_about_tip,0.001313,15.16,12.4147,-24.866894,-115.904262,-12.086128,-3.675798,-108.990552,7.49945
1782501574.81295,25.040278,rotate_to_60deg_about_tip,0.001473,15.155,12.417317,-24.866719,-115.904262,-12.086152,-3.673914,-108.990552,7.497576
1782501574.822948,25.050275,rotate_to_60deg_about_tip,0.00106,15.1435,12.422514,-24.867316,-115.904262,-12.086208,-3.670581,-108.990552,7.493266
1782501574.832948,25.060276,rotate_to_60deg_about_tip,0.001337,15.1335,12.427747,-24.866966,-115.904262,-12.086257,-3.666815,-108.990552,7.489518
1782501574.842954,25.070282,rotate_to_60deg_about_tip,0.00169,15.122,12.433765,-24.866564,-115.904262,-12.086313,-3.662484,-108.990552,7.485206
1782501574.852947,25.080274,rotate_to_60deg_about_tip,0.001232,15.1125,12.437915,-24.867232,-115.904262,-12.08636,-3.659906,-108.990552,7.481643
1782501574.862949,25.090277,rotate_to_60deg_about_tip,0.001516,15.102,12.44341,-24.866864,-115.904262,-12.086411,-3.655953,-108.990552,7.477705
1782501574.872947,25.100274,rotate_to_60deg_about_tip,0.001847,15.091,12.449166,-24.866479,-115.904262,-12.086465,-3.651813,-108.990552,7.473578
1782501574.88295,25.110277,rotate_to_60deg_about_tip,0.00143,15.0805,12.45384,-24.867112,-115.904262,-12.086517,-3.648861,-108.990552,7.469639
1782501574.892946,25.120274,rotate_to_60deg_about_tip,0.001586,15.0745,12.456979,-24.866902,-115.904262,-12.086546,-3.646604,-108.990552,7.467387
1782501574.902946,25.130273,rotate_to_60deg_about_tip,0.001916,15.063,12.462997,-24.8665,-115.904262,-12.086603,-3.642277,-108.990552,7.463071
1782501574.912963,25.14029,rotate_to_60deg_about_tip,0.001531,15.0525,12.46767,-24.867132,-115.904262,-12.086655,-3.639327,-108.990552,7.459129
1782501574.922951,25.150278,rotate_to_60deg_about_tip,0.001824,15.041,12.473688,-24.86673,-115.904262,-12.086712,-3.635002,-108.990552,7.454811
1782501574.93295,25.160278,rotate_to_60deg_about_tip,0.001527,15.03,12.478623,-24.867345,-115.904262,-12.086766,-3.631866,-108.990552,7.45068
1782501574.942946,25.170274,rotate_to_60deg_about_tip,0.001765,15.019,12.484378,-24.866961,-115.904262,-12.08682,-3.627731,-108.990552,7.446549
1782501574.952947,25.180275,rotate_to_60deg_about_tip,0.001864,15.015,12.486471,-24.866821,-115.904262,-12.08684,-3.626227,-108.990552,7.445046
1782501574.96295,25.190278,rotate_to_60deg_about_tip,0.001636,15.0035,12.491916,-24.866418,-115.904262,-12.085897,-3.621905,-108.990552,7.441725
1782501574.972952,25.20028,rotate_to_60deg_about_tip,0.001084,14.993,12.496589,-24.867051,-115.904262,-12.08595,-3.61896,-108.990552,7.437779
1782501574.98295,25.210278,rotate_to_60deg_about_tip,0.001464,14.9815,12.502606,-24.866649,-115.904262,-12.086007,-3.614639,-108.990552,7.433457
1782501574.992899,25.220227,rotate_to_60deg_about_tip,0.000986,14.9705,12.507541,-24.867264,-115.904262,-12.086062,-3.611507,-108.990552,7.429322
1782501575.002901,25.230228,rotate_to_60deg_about_tip,0.001256,14.9615,12.512249,-24.866949,-115.904262,-12.086107,-3.608128,-108.990552,7.425938
1782501575.012965,25.240292,rotate_to_60deg_about_tip,0.001627,14.95,12.518266,-24.866547,-115.904262,-12.086164,-3.603809,-108.990552,7.421613
1782501575.022945,25.250272,rotate_to_60deg_about_tip,0.001142,14.94,12.522677,-24.867197,-115.904262,-12.086214,-3.601055,-108.990552,7.417852
1782501575.032962,25.26029,rotate_to_60deg_about_tip,0.001432,14.93,12.527909,-24.866848,-115.904262,-12.086264,-3.597302,-108.990552,7.41409
1782501575.042947,25.270274,rotate_to_60deg_about_tip,0.00181,14.918,12.534186,-24.866428,-115.904262,-12.086324,-3.592798,-108.990552,7.409574
1782501575.052898,25.280226,rotate_to_60deg_about_tip,0.001327,14.9085,12.538336,-24.867096,-115.904262,-12.086372,-3.590234,-108.990552,7.405999
1782501575.062947,25.290274,rotate_to_60deg_about_tip,0.001494,14.9025,12.541475,-24.866886,-115.904262,-12.086402,-3.587983,-108.990552,7.403741
1782501575.072949,25.300276,rotate_to_60deg_about_tip,0.001747,14.894,12.545921,-24.866589,-115.904262,-12.086445,-3.584795,-108.990552,7.400541
1782501575.082949,25.310277,rotate_to_60deg_about_tip,0.001387,14.882,12.551379,-24.867169,-115.904262,-12.086505,-3.581294,-108.990552,7.396023
1782501575.092961,25.320289,rotate_to_60deg_about_tip,0.001678,14.871,12.557133,-24.866785,-115.904262,-12.086561,-3.577169,-108.990552,7.39188
1782501575.102899,25.330226,rotate_to_60deg_about_tip,0.001987,14.8605,12.562626,-24.866417,-115.904262,-12.086614,-3.573233,-108.990552,7.387925
1782501575.112951,25.340278,rotate_to_60deg_about_tip,0.001575,14.8505,12.567037,-24.867068,-115.904262,-12.086664,-3.570485,-108.990552,7.384158
1782501575.12295,25.350278,rotate_to_60deg_about_tip,0.001821,14.841,12.572006,-24.866736,-115.904262,-12.086713,-3.566925,-108.990552,7.380579
1782501575.132948,25.360276,rotate_to_60deg_about_tip,0.002166,14.829,12.578283,-24.866316,-115.904262,-12.086773,-3.562428,-108.990552,7.376056
1782501575.142948,25.370276,rotate_to_60deg_about_tip,0.001082,14.8195,12.581859,-24.866984,-115.904262,-12.085822,-3.559869,-108.990552,7.373476
1782501575.152898,25.380225,rotate_to_60deg_about_tip,0.001459,14.8085,12.587613,-24.866599,-115.904262,-12.085878,-3.555749,-108.990552,7.369329
1782501575.162946,25.390274,rotate_to_60deg_about_tip,0.001841,14.7975,12.593366,-24.866215,-115.904262,-12.085933,-3.55163,-108.990552,7.365181
1782501575.172971,25.400299,rotate_to_60deg_about_tip,0.001098,14.7925,12.595162,-24.86704,-115.904262,-12.085959,-3.550758,-108.990552,7.363295
1782501575.18295,25.410277,rotate_to_60deg_about_tip,0.002127,14.7815,12.597516,-24.869089,-115.904262,-12.083563,-3.549073,-108.990552,7.361598
1782501575.192961,25.420289,rotate_to_60deg_about_tip,0.001429,14.771,12.60353,-24.868347,-115.904262,-12.083994,-3.544768,-108.990552,7.35726
1782501575.202898,25.430226,rotate_to_60deg_about_tip,0.001164,14.7645,12.608987,-24.867061,-115.904262,-12.086102,-3.541277,-108.990552,7.352733
1782501575.212951,25.440279,rotate_to_60deg_about_tip,0.001512,14.7535,12.61474,-24.866677,-115.904262,-12.086158,-3.537161,-108.990552,7.348582
1782501575.222946,25.450273,rotate_to_60deg_about_tip,0.001676,14.7485,12.617355,-24.866502,-115.904262,-12.086184,-3.53529,-108.990552,7.346695
1782501575.232951,25.460278,rotate_to_60deg_about_tip,0.001244,14.7365,12.622812,-24.867082,-115.904262,-12.086245,-3.531801,-108.990552,7.342165
1782501575.242971,25.470299,rotate_to_60deg_about_tip,0.00159,14.725,12.628827,-24.86668,-115.904262,-12.086304,-3.5275,-108.990552,7.337824
1782501575.252899,25.480227,rotate_to_60deg_about_tip,0.001926,14.7145,12.634318,-24.866313,-115.904262,-12.086358,-3.523574,-108.990552,7.333859
1782501575.262947,25.490274,rotate_to_60deg_about_tip,0.001444,14.7045,12.638729,-24.866964,-115.904262,-12.08641,-3.520835,-108.990552,7.330082
1782501575.27295,25.500278,rotate_to_60deg_about_tip,0.001768,14.6935,12.644481,-24.866579,-115.904262,-12.086466,-3.516723,-108.990552,7.325927
1782501575.282949,25.510277,rotate_to_60deg_about_tip,0.001971,14.687,12.64788,-24.866352,-115.904262,-12.0865,-3.514294,-108.990552,7.323471
1782501575.292952,25.52028,rotate_to_60deg_about_tip,0.001564,14.6755,12.653075,-24.86695,-115.904262,-12.086559,-3.510997,-108.990552,7.319126
1782501575.302903,25.53023,rotate_to_60deg_about_tip,0.00189,14.664,12.659089,-24.866548,-115.904262,-12.086619,-3.5067,-108.990552,7.31478
1782501575.312947,25.540275,rotate_to_60deg_about_tip,0.001544,14.6525,12.664284,-24.867146,-115.904262,-12.086678,-3.503404,-108.990552,7.310432
1782501575.322948,25.550276,rotate_to_60deg_about_tip,0.00182,14.6415,12.670036,-24.866762,-115.904262,-12.086735,-3.499296,-108.990552,7.306273
1782501575.332951,25.560278,rotate_to_60deg_about_tip,0.002103,14.6315,12.675265,-24.866413,-115.904262,-12.086787,-3.495563,-108.990552,7.302492
1782501575.342949,25.570276,rotate_to_60deg_about_tip,0.001713,14.622,12.679414,-24.867081,-115.904262,-12.086837,-3.493016,-108.990552,7.298899
1782501575.352947,25.580274,rotate_to_60deg_about_tip,0.001374,14.611,12.684591,-24.866696,-115.904262,-12.085894,-3.48891,-108.990552,7.295738
1782501575.362945,25.590272,rotate_to_60deg_about_tip,0.000861,14.6005,12.689263,-24.867329,-115.904262,-12.085949,-3.485992,-108.990552,7.291765
1782501575.372945,25.600273,rotate_to_60deg_about_tip,0.001012,14.5955,12.691878,-24.867155,-115.904262,-12.085975,-3.484126,-108.990552,7.289873
1782501575.382948,25.610276,rotate_to_60deg_about_tip,0.001351,14.585,12.697368,-24.866788,-115.904262,-12.086029,-3.480209,-108.990552,7.285899
1782501575.392948,25.620275,rotate_to_60deg_about_tip,0.000937,14.573,12.702824,-24.867368,-115.904262,-12.086092,-3.476733,-108.990552,7.281357
1782501575.40296,25.630287,rotate_to_60deg_about_tip,0.001239,14.5625,12.708314,-24.867002,-115.904262,-12.086147,-3.472817,-108.990552,7.277382
1782501575.412948,25.640276,rotate_to_60deg_about_tip,0.00157,14.552,12.713803,-24.866635,-115.904262,-12.086202,-3.468902,-108.990552,7.273406
1782501575.422947,25.650275,rotate_to_60deg_about_tip,0.001129,14.5415,12.718475,-24.867268,-115.904262,-12.086257,-3.465988,-108.990552,7.269429
1782501575.432953,25.66028,rotate_to_60deg_about_tip,0.001422,14.531,12.723965,-24.866901,-115.904262,-12.086312,-3.462074,-108.990552,7.265451
1782501575.442948,25.670276,rotate_to_60deg_about_tip,0.001745,14.5205,12.729454,-24.866534,-115.904262,-12.086368,-3.458161,-108.990552,7.261473
1782501575.45297,25.680298,rotate_to_60deg_about_tip,0.001906,14.5155,12.732068,-24.86636,-115.904262,-12.086394,-3.456298,-108.990552,7.259579
1782501575.462947,25.690275,rotate_to_60deg_about_tip,0.001453,14.505,12.73674,-24.866993,-115.904262,-12.086449,-3.453386,-108.990552,7.255599
1782501575.472963,25.700291,rotate_to_60deg_about_tip,0.001741,14.495,12.741968,-24.866643,-115.904262,-12.086502,-3.449662,-108.990552,7.251809
1782501575.482947,25.710274,rotate_to_60deg_about_tip,0.001395,14.4835,12.747162,-24.867242,-115.904262,-12.086563,-3.446379,-108.990552,7.247449
1782501575.492852,25.72018,rotate_to_60deg_about_tip,0.001699,14.4715,12.753435,-24.866823,-115.904262,-12.086626,-3.441911,-108.990552,7.242899
1782501575.502944,25.730272,rotate_to_60deg_about_tip,0.002001,14.461,12.758924,-24.866456,-115.904262,-12.086682,-3.438002,-108.990552,7.238917
1782501575.512963,25.740291,rotate_to_60deg_about_tip,0.001613,14.451,12.763334,-24.867106,-115.904262,-12.086735,-3.43528,-108.990552,7.235123
1782501575.522949,25.750276,rotate_to_60deg_about_tip,0.00189,14.44,12.769084,-24.866722,-115.904262,-12.086793,-3.431187,-108.990552,7.23095
1782501575.532973,25.7603,rotate_to_60deg_about_tip,0.002028,14.435,12.771698,-24.866548,-115.904262,-12.08682,-3.429327,-108.990552,7.229053
1782501575.542952,25.770279,rotate_to_60deg_about_tip,0.001698,14.4245,12.77637,-24.867181,-115.904262,-12.086875,-3.42642,-108.990552,7.225068
1782501575.552952,25.780279,rotate_to_60deg_about_tip,0.001265,14.4145,12.78102,-24.866832,-115.904262,-12.085929,-3.422701,-108.990552,7.222272
1782501575.562948,25.790276,rotate_to_60deg_about_tip,0.001657,14.403,12.787032,-24.86643,-115.904262,-12.08599,-3.418424,-108.990552,7.217907
1782501575.57295,25.800278,rotate_to_60deg_about_tip,0.000976,14.3975,12.789089,-24.867238,-115.904262,-12.086019,-3.417379,-108.990552,7.215818
1782501575.58295,25.810278,rotate_to_60deg_about_tip,0.001787,14.3805,12.794839,-24.868874,-115.904262,-12.083831,-3.41329,-108.990552,7.211641
1782501575.592947,25.820275,rotate_to_60deg_about_tip,0.001661,14.3745,12.797975,-24.868665,-115.904262,-12.083863,-3.41106,-108.990552,7.209362
1782501575.602943,25.830271,rotate_to_60deg_about_tip,0.001901,14.369,12.803986,-24.866243,-115.904262,-12.086172,-3.406786,-108.990552,7.204994
1782501575.612946,25.840274,rotate_to_60deg_about_tip,0.001403,14.358,12.808918,-24.866859,-115.904262,-12.086231,-3.403698,-108.990552,7.200815
1782501575.622956,25.850283,rotate_to_60deg_about_tip,0.001737,14.3475,12.814406,-24.866492,-115.904262,-12.086287,-3.399797,-108.990552,7.196825
1782501575.632947,25.860274,rotate_to_60deg_about_tip,0.001341,14.335,12.820122,-24.867055,-115.904262,-12.086354,-3.396154,-108.990552,7.192074
1782501575.64295,25.870277,rotate_to_60deg_about_tip,0.001498,14.3295,12.822997,-24.866863,-115.904262,-12.086384,-3.394112,-108.990552,7.189983
1782501575.652946,25.880274,rotate_to_60deg_about_tip,0.001818,14.319,12.828485,-24.866497,-115.904262,-12.08644,-3.390213,-108.990552,7.185991
1782501575.662949,25.890276,rotate_to_60deg_about_tip,0.002138,14.309,12.833711,-24.866148,-115.904262,-12.086494,-3.386501,-108.990552,7.182189
1782501575.672947,25.900275,rotate_to_60deg_about_tip,0.001687,14.298,12.838643,-24.866763,-115.904262,-12.086553,-3.383418,-108.990552,7.178005
1782501575.682949,25.910276,rotate_to_60deg_about_tip,0.002031,14.2865,12.844653,-24.866362,-115.904262,-12.086615,-3.37915,-108.990552,7.173631
1782501575.692949,25.920277,rotate_to_60deg_about_tip,0.00165,14.275,12.849847,-24.86696,-115.904262,-12.086678,-3.375883,-108.990552,7.169256
1782501575.70295,25.930278,rotate_to_60deg_about_tip,0.001935,14.2645,12.855334,-24.866594,-115.904262,-12.086734,-3.371988,-108.990552,7.16526
1782501575.712946,25.940274,rotate_to_60deg_about_tip,0.002096,14.259,12.858208,-24.866402,-115.904262,-12.086764,-3.369948,-108.990552,7.163167
1782501575.722952,25.95028,rotate_to_60deg_about_tip,0.001747,14.2475,12.863401,-24.867,-115.904262,-12.086827,-3.366683,-108.990552,7.158789
1782501575.732954,25.960281,rotate_to_60deg_about_tip,0.001411,14.2375,12.86805,-24.866651,-115.904262,-12.085881,-3.362975,-108.990552,7.155982
1782501575.742945,25.970272,rotate_to_60deg_about_tip,0.001741,14.228,12.873014,-24.86632,-115.904262,-12.085933,-3.359454,-108.990552,7.152365
1782501575.752946,25.980274,rotate_to_60deg_about_tip,0.001221,14.2165,12.878207,-24.866918,-115.904262,-12.085995,-3.356191,-108.990552,7.147985
1782501575.762846,25.990174,rotate_to_60deg_about_tip,0.001554,14.2065,12.883432,-24.866569,-115.904262,-12.08605,-3.352486,-108.990552,7.144176
1782501575.772945,26.000272,rotate_to_60deg_about_tip,0.001981,14.194,12.889964,-24.866133,-115.904262,-12.086118,-3.347854,-108.990552,7.139414
1782501575.782949,26.010277,rotate_to_60deg_about_tip,0.001429,14.184,12.894373,-24.866784,-115.904262,-12.086173,-3.34515,-108.990552,7.135603
1782501575.792948,26.020275,rotate_to_60deg_about_tip,0.00164,14.1775,12.897769,-24.866557,-115.904262,-12.086208,-3.342743,-108.990552,7.133126
1782501575.802942,26.03027,rotate_to_60deg_about_tip,0.002023,14.166,12.903778,-24.866156,-115.904262,-12.086271,-3.338484,-108.990552,7.128743
1782501575.812949,26.040277,rotate_to_60deg_about_tip,0.001549,14.1545,12.908971,-24.866754,-115.904262,-12.086334,-3.335227,-108.990552,7.124358
1782501575.822948,26.050275,rotate_to_60deg_about_tip,0.001881,14.144,12.914457,-24.866388,-115.904262,-12.086392,-3.33134,-108.990552,7.120354
1782501575.832948,26.060276,rotate_to_60deg_about_tip,0.001421,14.134,12.918866,-24.867039,-115.904262,-12.086447,-3.328639,-108.990552,7.116541
1782501575.842952,26.07028,rotate_to_60deg_about_tip,0.001721,14.1235,12.924352,-24.866672,-115.904262,-12.086504,-3.324754,-108.990552,7.112535
1782501575.852949,26.080276,rotate_to_60deg_about_tip,0.002044,14.113,12.929838,-24.866306,-115.904262,-12.086562,-3.32087,-108.990552,7.108529
1782501575.862893,26.09022,rotate_to_60deg_about_tip,0.00149,14.1075,12.931896,-24.867114,-115.904262,-12.086593,-3.319835,-108.990552,7.106431
1782501575.87296,26.100288,rotate_to_60deg_about_tip,0.001768,14.097,12.937382,-24.866748,-115.904262,-12.08665,-3.315952,-108.990552,7.102424
1782501575.882948,26.110275,rotate_to_60deg_about_tip,0.002075,14.0865,12.942867,-24.866381,-115.904262,-12.086708,-3.312069,-108.990552,7.098416
1782501575.892949,26.120277,rotate_to_60deg_about_tip,0.001726,14.0745,12.948321,-24.866962,-115.904262,-12.086775,-3.308633,-108.990552,7.093835
1782501575.902899,26.130227,rotate_to_60deg_about_tip,0.001499,14.0625,12.954011,-24.866544,-115.904262,-12.085841,-3.304197,-108.990552,7.090253
1782501575.912993,26.140321,rotate_to_60deg_about_tip,0.001691,14.057,12.956885,-24.866352,-115.904262,-12.085872,-3.302165,-108.990552,7.088153
1782501575.922951,26.150278,rotate_to_60deg_about_tip,0.00118,14.045,12.962338,-24.866933,-115.904262,-12.085938,-3.298731,-108.990552,7.083569
1782501575.932948,26.160275,rotate_to_60deg_about_tip,0.001517,14.035,12.967562,-24.866584,-115.904262,-12.085994,-3.295036,-108.990552,7.079749
1782501575.942952,26.17028,rotate_to_60deg_about_tip,0.001042,14.0235,12.972754,-24.867183,-115.904262,-12.086058,-3.291789,-108.990552,7.075355
1782501575.952899,26.180227,rotate_to_60deg_about_tip,0.001387,14.0125,12.9785,-24.866799,-115.904262,-12.086119,-3.287727,-108.990552,7.071151
1782501575.962993,26.190321,rotate_to_60deg_about_tip,0.0017,14.003,12.983463,-24.866468,-115.904262,-12.086172,-3.284219,-108.990552,7.06752
1782501575.97297,26.200298,rotate_to_60deg_about_tip,0.001186,13.993,12.985521,-24.86878,-115.904262,-12.084507,-3.283189,-108.990552,7.065418
1782501575.98295,26.210278,rotate_to_60deg_about_tip,0.001367,13.9875,12.990744,-24.866927,-115.904262,-12.086259,-3.279498,-108.990552,7.061594
1782501575.99295,26.220277,rotate_to_60deg_about_tip,0.001711,13.9765,12.99649,-24.866543,-115.904262,-12.08632,-3.275438,-108.990552,7.057388
1782501576.002898,26.230226,rotate_to_60deg_about_tip,0.001181,13.97,12.99907,-24.867317,-115.904262,-12.086356,-3.27404,-108.990552,7.054902
1782501576.012948,26.240275,rotate_to_60deg_about_tip,0.001415,13.961,13.003771,-24.867003,-115.904262,-12.086407,-3.27072,-108.990552,7.05146
1782501576.022947,26.250274,rotate_to_60deg_about_tip,0.001723,13.9505,13.009256,-24.866636,-115.904262,-12.086466,-3.266846,-108.990552,7.047443
1782501576.032949,26.260276,rotate_to_60deg_about_tip,0.001359,13.9395,13.014187,-24.867253,-115.904262,-12.086527,-3.26379,-108.990552,7.043234
1782501576.042946,26.270273,rotate_to_60deg_about_tip,0.001626,13.929,13.019671,-24.866887,-115.904262,-12.086586,-3.259918,-108.990552,7.039215
1782501576.0529,26.280228,rotate_to_60deg_about_tip,0.001958,13.9175,13.025677,-24.866485,-115.904262,-12.086651,-3.255679,-108.990552,7.034813
1782501576.062947,26.290275,rotate_to_60deg_about_tip,0.00155,13.9085,13.029563,-24.867172,-115.904262,-12.086702,-3.253361,-108.990552,7.031368
1782501576.072952,26.30028,rotate_to_60deg_about_tip,0.001243,13.8975,13.034728,-24.866788,-115.904262,-12.085764,-3.249308,-108.990552,7.028156
1782501576.082946,26.310273,rotate_to_60deg_about_tip,0.001628,13.8865,13.040473,-24.866404,-115.904262,-12.085826,-3.245255,-108.990552,7.023943
1782501576.092949,26.320277,rotate_to_60deg_about_tip,0.001045,13.8765,13.044881,-24.867056,-115.904262,-12.085882,-3.242571,-108.990552,7.020113
1782501576.102899,26.330226,rotate_to_60deg_about_tip,0.001247,13.8705,13.048015,-24.866846,-115.904262,-12.085916,-3.240361,-108.990552,7.017814
1782501576.112951,26.340278,rotate_to_60deg_about_tip,0.001657,13.8585,13.054282,-24.866428,-115.904262,-12.085984,-3.235942,-108.990552,7.013217
1782501576.122947,26.350275,rotate_to_60deg_about_tip,0.001097,13.849,13.058429,-24.867097,-115.904262,-12.086038,-3.233445,-108.990552,7.009576
1782501576.132946,26.360274,rotate_to_60deg_about_tip,0.001451,13.838,13.064173,-24.866713,-115.904262,-12.086101,-3.229395,-108.990552,7.00536
1782501576.142948,26.370276,rotate_to_60deg_about_tip,0.001785,13.828,13.069395,-24.866364,-115.904262,-12.086157,-3.225715,-108.990552,7.001526
1782501576.152904,26.380232,rotate_to_60deg_about_tip,0.001317,13.8165,13.074587,-24.866963,-115.904262,-12.086223,-3.222483,-108.990552,6.997117
1782501576.162946,26.390273,rotate_to_60deg_about_tip,0.001646,13.806,13.08007,-24.866597,-115.904262,-12.086282,-3.21862,-108.990552,6.99309
1782501576.172948,26.400275,rotate_to_60deg_about_tip,0.00194,13.797,13.084769,-24.866283,-115.904262,-12.086334,-3.21531,-108.990552,6.989638
1782501576.182947,26.410275,rotate_to_60deg_about_tip,0.00148,13.786,13.089699,-24.8669,-115.904262,-12.086397,-3.212264,-108.990552,6.985419
1782501576.19295,26.420277,rotate_to_60deg_about_tip,0.001798,13.7755,13.095182,-24.866534,-115.904262,-12.086457,-3.208403,-108.990552,6.98139
1782501576.20298,26.430308,rotate_to_60deg_about_tip,0.002166,13.764,13.101187,-24.866133,-115.904262,-12.086522,-3.204176,-108.990552,6.976977
1782501576.212946,26.440274,rotate_to_60deg_about_tip,0.001552,13.759,13.102984,-24.866959,-115.904262,-12.086551,-3.203338,-108.990552,6.975058
1782501576.222951,26.450279,rotate_to_60deg_about_tip,0.001837,13.749,13.108206,-24.86661,-115.904262,-12.086608,-3.199663,-108.990552,6.971219
1782501576.232966,26.460294,rotate_to_60deg_about_tip,0.002173,13.738,13.113949,-24.866226,-115.904262,-12.086671,-3.195621,-108.990552,6.966996
1782501576.242951,26.470278,rotate_to_60deg_about_tip,0.001767,13.727,13.118879,-24.866843,-115.904262,-12.086734,-3.19258,-108.990552,6.962772
1782501576.252949,26.480276,rotate_to_60deg_about_tip,0.002032,13.7175,13.123839,-24.866512,-115.904262,-12.086789,-3.18909,-108.990552,6.959123
1782501576.262946,26.490274,rotate_to_60deg_about_tip,0.001866,13.7075,13.128479,-24.866163,-115.904262,-12.085847,-3.185418,-108.990552,6.956282
1782501576.272947,26.500275,rotate_to_60deg_about_tip,0.001304,13.6965,13.133408,-24.86678,-115.904262,-12.08591,-3.182379,-108.990552,6.952056
1782501576.282948,26.510276,rotate_to_60deg_about_tip,0.001648,13.6865,13.138629,-24.866431,-115.904262,-12.085968,-3.178708,-108.990552,6.948213
1782501576.29296,26.520288,rotate_to_60deg_about_tip,0.0011,13.6765,13.143037,-24.867083,-115.904262,-12.086025,-3.176038,-108.990552,6.94437
1782501576.3029,26.530227,rotate_to_60deg_about_tip,0.001474,13.665,13.149041,-24.866682,-115.904262,-12.086092,-3.171818,-108.990552,6.93995
1782501576.312951,26.540278,rotate_to_60deg_about_tip,0.001793,13.6555,13.154,-24.866351,-115.904262,-12.086147,-3.168332,-108.990552,6.936297
1782501576.322951,26.550278,rotate_to_60deg_about_tip,0.001351,13.643,13.159713,-24.866915,-115.904262,-12.086219,-3.164747,-108.990552,6.931491
1782501576.332952,26.560279,rotate_to_60deg_about_tip,0.001476,13.639,13.161801,-24.866776,-115.904262,-12.086242,-3.16328,-108.990552,6.929952
1782501576.342949,26.570276,rotate_to_60deg_about_tip,0.001848,13.6275,13.167805,-24.866375,-115.904262,-12.086309,-3.159063,-108.990552,6.925529
1782501576.352999,26.580327,rotate_to_60deg_about_tip,0.002165,13.618,13.172764,-24.866044,-115.904262,-12.086364,-3.15558,-108.990552,6.921874
1782501576.362963,26.590291,rotate_to_60deg_about_tip,0.001788,13.6065,13.174561,-24.869026,-115.904262,-12.08393,-3.154747,-108.990552,6.919951
1782501576.372956,26.600283,rotate_to_60deg_about_tip,0.000842,13.598,13.179781,-24.86818,-115.904262,-12.084556,-3.151082,-108.990552,6.916103
1782501576.382946,26.610274,rotate_to_60deg_about_tip,0.002158,13.592,13.185523,-24.866138,-115.904262,-12.086516,-3.147051,-108.990552,6.911869
1782501576.39295,26.620278,rotate_to_60deg_about_tip,0.001712,13.581,13.190452,-24.866755,-115.904262,-12.08658,-3.14402,-108.990552,6.907635
1782501576.402847,26.630174,rotate_to_60deg_about_tip,0.002057,13.5695,13.196455,-24.866354,-115.904262,-12.086647,-3.139808,-108.990552,6.903207
1782501576.412845,26.640172,rotate_to_60deg_about_tip,0.002405,13.5585,13.202197,-24.865971,-115.904262,-12.086711,-3.135779,-108.990552,6.898972
1782501576.422946,26.650273,rotate_to_60deg_about_tip,0.001815,13.553,13.204255,-24.866779,-115.904262,-12.086743,-3.134765,-108.990552,6.896853
1782501576.432947,26.660275,rotate_to_60deg_about_tip,0.002159,13.541,13.210519,-24.866361,-115.904262,-12.086814,-3.130371,-108.990552,6.892231
1782501576.442947,26.670275,rotate_to_60deg_about_tip,0.00248,13.5305,13.216,-24.865995,-115.904262,-12.086875,-3.126528,-108.990552,6.888186
1782501576.452949,26.680277,rotate_to_60deg_about_tip,0.002032,13.521,13.220146,-24.866664,-115.904262,-12.086931,-3.124051,-108.990552,6.884525
1782501576.462948,26.690275,rotate_to_60deg_about_tip,0.002356,13.5095,13.226148,-24.866264,-115.904262,-12.086998,-3.119843,-108.990552,6.880093
1782501576.472952,26.70028,rotate_to_60deg_about_tip,0.001999,13.499,13.230816,-24.866898,-115.904262,-12.08706,-3.117002,-108.990552,6.876046
1782501576.482947,26.710275,rotate_to_60deg_about_tip,0.002147,13.493,13.233947,-24.866689,-115.904262,-12.087095,-3.114807,-108.990552,6.873733
1782501576.492844,26.720171,rotate_to_60deg_about_tip,0.002414,13.483,13.239167,-24.86634,-115.904262,-12.087154,-3.11115,-108.990552,6.869877
1782501576.502844,26.730172,rotate_to_60deg_about_tip,0.001334,13.4715,13.243773,-24.86694,-115.904262,-12.086222,-3.107945,-108.990552,6.866443
1782501576.512944,26.740271,rotate_to_60deg_about_tip,0.001698,13.46,13.249775,-24.866539,-115.904262,-12.08629,-3.10374,-108.990552,6.862007
1782501576.522947,26.750274,rotate_to_60deg_about_tip,0.001275,13.449,13.254704,-24.867156,-115.904262,-12.086355,-3.10072,-108.990552,6.857764
1782501576.532951,26.760278,rotate_to_60deg_about_tip,0.001605,13.4375,13.260705,-24.866756,-115.904262,-12.086423,-3.096518,-108.990552,6.853326
1782501576.542945,26.770273,rotate_to_60deg_about_tip,0.001789,13.4315,13.263836,-24.866547,-115.904262,-12.086459,-3.094325,-108.990552,6.851011
1782501576.552949,26.780277,rotate_to_60deg_about_tip,0.001357,13.4225,13.267721,-24.867233,-115.904262,-12.086512,-3.092037,-108.990552,6.847537
1782501576.562947,26.790275,rotate_to_60deg_about_tip,0.001644,13.4115,13.273462,-24.86685,-115.904262,-12.086577,-3.08802,-108.990552,6.843291
1782501576.572947,26.800274,rotate_to_60deg_about_tip,0.001967,13.4005,13.279202,-24.866467,-115.904262,-12.086643,-3.084003,-108.990552,6.839044
1782501576.582949,26.810277,rotate_to_60deg_about_tip,0.001578,13.3905,13.283608,-24.867119,-115.904262,-12.086702,-3.081352,-108.990552,6.835183
1782501576.592949,26.820277,rotate_to_60deg_about_tip,0.001311,13.379,13.289026,-24.866718,-115.904262,-12.08577,-3.077154,-108.990552,6.831741
1782501576.602946,26.830274,rotate_to_60deg_about_tip,0.001522,13.373,13.292157,-24.866509,-115.904262,-12.085806,-3.074964,-108.990552,6.829424
1782501576.612949,26.840276,rotate_to_60deg_about_tip,0.001012,13.361,13.297607,-24.867092,-115.904262,-12.085878,-3.071585,-108.990552,6.824788
1782501576.622961,26.850289,rotate_to_60deg_about_tip,0.0014,13.3495,13.303607,-24.866691,-115.904262,-12.085946,-3.067389,-108.990552,6.820344
1782501576.632846,26.860174,rotate_to_60deg_about_tip,0.000905,13.339,13.308274,-24.867325,-115.904262,-12.086009,-3.064559,-108.990552,6.816286
1782501576.642942,26.87027,rotate_to_60deg_about_tip,0.001243,13.328,13.314014,-24.866942,-115.904262,-12.086075,-3.060548,-108.990552,6.812034
1782501576.652944,26.880272,rotate_to_60deg_about_tip,0.001555,13.3185,13.318971,-24.866612,-115.904262,-12.086132,-3.057084,-108.990552,6.808361
1782501576.662946,26.890273,rotate_to_60deg_about_tip,0.001081,13.3085,13.323377,-24.867264,-115.904262,-12.086192,-3.054438,-108.990552,6.804494
1782501576.67295,26.900277,rotate_to_60deg_about_tip,0.001267,13.302,13.326768,-24.867037,-115.904262,-12.086231,-3.052069,-108.990552,6.801981
1782501576.682842,26.91017,rotate_to_60deg_about_tip,0.001623,13.2905,13.332769,-24.866637,-115.904262,-12.0863,-3.047878,-108.990552,6.797533
1782501576.692847,26.920174,rotate_to_60deg_about_tip,0.001981,13.2795,13.338508,-24.866254,-115.904262,-12.086366,-3.04387,-108.990552,6.793277
1782501576.702945,26.930273,rotate_to_60deg_about_tip,0.001555,13.2675,13.343957,-24.866836,-115.904262,-12.086438,-3.040499,-108.990552,6.788634
1782501576.712972,26.940299,rotate_to_60deg_about_tip,0.001767,13.2605,13.347609,-24.866592,-115.904262,-12.086481,-3.037949,-108.990552,6.785925
1782501576.72295,26.950278,rotate_to_60deg_about_tip,0.002066,13.251,13.352566,-24.866262,-115.904262,-12.086538,-3.034489,-108.990552,6.782248
1782501576.732946,26.960273,rotate_to_60deg_about_tip,0.001631,13.2405,13.357232,-24.866896,-115.904262,-12.086601,-3.031666,-108.990552,6.778184
1782501576.742947,26.970274,rotate_to_60deg_about_tip,0.001948,13.2295,13.362971,-24.866513,-115.904262,-12.086668,-3.027662,-108.990552,6.773925
1782501576.752948,26.980275,rotate_to_60deg_about_tip,0.002272,13.219,13.368449,-24.866148,-115.904262,-12.086731,-3.023841,-108.990552,6.769859
1782501576.762954,26.990281,rotate_to_60deg_about_tip,0.001734,13.213,13.370768,-24.866939,-115.904262,-12.086768,-3.022657,-108.990552,6.767535
1782501576.772951,27.000278,rotate_to_60deg_about_tip,0.000255,13.197,13.376767,-24.868019,-115.904262,-12.085121,-3.018473,-108.990552,6.763081
1782501576.78295,27.010278,rotate_to_60deg_about_tip,0.002178,13.197,13.379114,-24.866382,-115.904262,-12.086865,-3.016836,-108.990552,6.761337
1782501576.79295,27.020278,rotate_to_60deg_about_tip,0.00186,13.185,13.384563,-24.866965,-115.904262,-12.086937,-3.013471,-108.990552,6.756688
1782501576.80295,27.030277,rotate_to_60deg_about_tip,0.002169,13.173,13.390823,-24.866547,-115.904262,-12.08701,-3.009108,-108.990552,6.752038
1782501576.812944,27.040272,rotate_to_60deg_about_tip,0.002483,13.162,13.396561,-24.866164,-115.904262,-12.087077,-3.005108,-108.990552,6.747774
1782501576.822949,27.050276,rotate_to_60deg_about_tip,0.002146,13.1505,13.401749,-24.866764,-115.904262,-12.087147,-3.001928,-108.990552,6.743316
1782501576.832947,27.060274,rotate_to_60deg_about_tip,0.002405,13.1405,13.406966,-24.866416,-115.904262,-12.087208,-2.998294,-108.990552,6.739438
1782501576.842947,27.070274,rotate_to_60deg_about_tip,0.001931,13.1355,13.408988,-24.866242,-115.904262,-12.086239,-2.996477,-108.990552,6.738499
1782501576.852946,27.080274,rotate_to_60deg_about_tip,0.001419,13.1255,13.413394,-24.866894,-115.904262,-12.0863,-2.993844,-108.990552,6.734621
1782501576.862948,27.090275,rotate_to_60deg_about_tip,0.001764,13.1145,13.419131,-24.866511,-115.904262,-12.086367,-2.989848,-108.990552,6.730354
1782501576.872949,27.100276,rotate_to_60deg_about_tip,0.002141,13.103,13.42513,-24.866111,-115.904262,-12.086438,-2.985672,-108.990552,6.725892
1782501576.882948,27.110276,rotate_to_60deg_about_tip,0.00165,13.093,13.429535,-24.866763,-115.904262,-12.086499,-2.983041,-108.990552,6.722012
1782501576.892949,27.120277,rotate_to_60deg_about_tip,0.001971,13.0825,13.435011,-24.866398,-115.904262,-12.086563,-2.979229,-108.990552,6.717937
1782501576.902899,27.130226,rotate_to_60deg_about_tip,0.001592,13.071,13.440199,-24.866998,-115.904262,-12.086634,-2.976055,-108.990552,6.713473
1782501576.912968,27.140296,rotate_to_60deg_about_tip,0.001868,13.061,13.445414,-24.86665,-115.904262,-12.086695,-2.972426,-108.990552,6.70959
1782501576.922947,27.150275,rotate_to_60deg_about_tip,0.002045,13.055,13.448544,-24.866441,-115.904262,-12.086732,-2.970249,-108.990552,6.707261
1782501576.932951,27.160279,rotate_to_60deg_about_tip,0.001705,13.0435,13.453731,-24.867041,-115.904262,-12.086803,-2.967078,-108.990552,6.702795
1782501576.942951,27.170279,rotate_to_60deg_about_tip,0.001991,13.0325,13.459468,-24.866658,-115.904262,-12.086871,-2.963088,-108.990552,6.698522
1782501576.952897,27.180225,rotate_to_60deg_about_tip,0.002292,13.022,13.464944,-24.866293,-115.904262,-12.086936,-2.95928,-108.990552,6.694443
1782501576.96295,27.190277,rotate_to_60deg_about_tip,0.001921,13.012,13.469349,-24.866945,-115.904262,-12.086997,-2.956655,-108.990552,6.690557
1782501576.972948,27.200275,rotate_to_60deg_about_tip,0.002228,13.0,13.475607,-24.866528,-115.904262,-12.087072,-2.952305,-108.990552,6.685894
1782501576.982947,27.210275,rotate_to_60deg_about_tip,0.002525,12.9895,13.481082,-24.866163,-115.904262,-12.087137,-2.9485,-108.990552,6.681812
1782501576.99295,27.220278,rotate_to_60deg_about_tip,0.001403,12.98,13.48464,-24.866832,-115.904262,-12.086195,-2.946058,-108.990552,6.679119
1782501577.002903,27.23023,rotate_to_60deg_about_tip,0.00158,12.9745,13.487508,-24.866641,-115.904262,-12.08623,-2.944065,-108.990552,6.676981
1782501577.012958,27.240285,rotate_to_60deg_about_tip,0.001944,12.9635,13.493244,-24.866258,-115.904262,-12.086298,-2.940081,-108.990552,6.672703
1782501577.02295,27.250278,rotate_to_60deg_about_tip,0.001507,12.9515,13.498692,-24.866841,-115.904262,-12.086372,-2.936735,-108.990552,6.668036
1782501577.03295,27.260278,rotate_to_60deg_about_tip,0.00185,12.9405,13.504428,-24.866458,-115.904262,-12.086441,-2.932753,-108.990552,6.663757
1782501577.04295,27.270278,rotate_to_60deg_about_tip,0.001433,12.93,13.509093,-24.867093,-115.904262,-12.086506,-2.929952,-108.990552,6.659672
1782501577.052899,27.280227,rotate_to_60deg_about_tip,0.001696,12.9205,13.514047,-24.866763,-115.904262,-12.086565,-2.926513,-108.990552,6.655975
1782501577.062947,27.290275,rotate_to_60deg_about_tip,0.002013,12.91,13.519522,-24.866398,-115.904262,-12.086631,-2.922714,-108.990552,6.651889
1782501577.072947,27.300274,rotate_to_60deg_about_tip,0.001634,12.899,13.524448,-24.867015,-115.904262,-12.0867,-2.919734,-108.990552,6.647607
1782501577.082951,27.310279,rotate_to_60deg_about_tip,0.001932,12.888,13.530183,-24.866633,-115.904262,-12.086768,-2.915755,-108.990552,6.643324
1782501577.092963,27.320291,rotate_to_60deg_about_tip,0.002197,12.879,13.534875,-24.86632,-115.904262,-12.086825,-2.912501,-108.990552,6.639819
1782501577.102901,27.330228,rotate_to_60deg_about_tip,0.001719,12.873,13.537194,-24.867111,-115.904262,-12.086862,-2.911331,-108.990552,6.637483
1782501577.112947,27.340275,rotate_to_60deg_about_tip,0.001992,12.862,13.542929,-24.866729,-115.904262,-12.086931,-2.907354,-108.990552,6.633198
1782501577.122947,27.350275,rotate_to_60deg_about_tip,0.002298,12.851,13.548665,-24.866346,-115.904262,-12.087,-2.903378,-108.990552,6.628913
1782501577.132944,27.360272,rotate_to_60deg_about_tip,0.001996,12.839,13.554112,-24.866929,-115.904262,-12.087076,-2.900042,-108.990552,6.624237
1782501577.142953,27.370281,rotate_to_60deg_about_tip,0.002259,12.8285,13.559586,-24.866564,-115.904262,-12.087142,-2.896248,-108.990552,6.620145
1782501577.15291,27.380238,rotate_to_60deg_about_tip,0.002521,12.819,13.564538,-24.866234,-115.904262,-12.087201,-2.892816,-108.990552,6.616442
1782501577.163036,27.390363,rotate_to_60deg_about_tip,0.002192,12.8085,13.569203,-24.866869,-115.904262,-12.087268,-2.890024,-108.990552,6.612349
1782501577.172962,27.40029,rotate_to_60deg_about_tip,0.000553,12.798,13.57181,-24.86849,-115.904262,-12.085189,-2.888218,-108.990552,6.6104
1782501577.182946,27.410274,rotate_to_60deg_about_tip,0.001915,12.793,13.576696,-24.86633,-115.904262,-12.086365,-2.884427,-108.990552,6.607305
1782501577.192949,27.420277,rotate_to_60deg_about_tip,0.001488,12.7815,13.581882,-24.86693,-115.904262,-12.086438,-2.881276,-108.990552,6.60282
1782501577.20297,27.430298,rotate_to_60deg_about_tip,0.00159,12.778,13.583706,-24.866809,-115.904262,-12.08646,-2.880013,-108.990552,6.601455
1782501577.212949,27.440276,rotate_to_60deg_about_tip,0.001944,12.7665,13.589701,-24.866409,-115.904262,-12.086533,-2.875862,-108.990552,6.596969
1782501577.222848,27.450176,rotate_to_60deg_about_tip,0.001576,12.7545,13.595148,-24.866992,-115.904262,-12.086609,-2.872533,-108.990552,6.592287
1782501577.232948,27.460276,rotate_to_60deg_about_tip,0.00187,12.744,13.600621,-24.866627,-115.904262,-12.086675,-2.868745,-108.990552,6.588189
1782501577.242949,27.470277,rotate_to_60deg_about_tip,0.002188,12.7335,13.606094,-24.866262,-115.904262,-12.086742,-2.864958,-108.990552,6.584091
1782501577.252949,27.480277,rotate_to_60deg_about_tip,0.001767,12.724,13.610238,-24.866932,-115.904262,-12.086802,-2.862533,-108.990552,6.580382
1782501577.262952,27.490279,rotate_to_60deg_about_tip,0.002079,12.7125,13.616232,-24.866532,-115.904262,-12.086875,-2.858387,-108.990552,6.575892
1782501577.27295,27.500278,rotate_to_60deg_about_tip,0.002389,12.702,13.621705,-24.866167,-115.904262,-12.086942,-2.854602,-108.990552,6.571792
1782501577.282944,27.510272,rotate_to_60deg_about_tip,0.001997,12.692,13.626109,-24.86682,-115.904262,-12.087006,-2.851998,-108.990552,6.567886
1782501577.292951,27.520279,rotate_to_60deg_about_tip,0.002277,12.6815,13.631581,-24.866455,-115.904262,-12.087073,-2.848215,-108.990552,6.563785
1782501577.302903,27.53023,rotate_to_60deg_about_tip,0.002564,12.6715,13.636793,-24.866107,-115.904262,-12.087137,-2.844613,-108.990552,6.559878
1782501577.312966,27.540294,rotate_to_60deg_about_tip,0.002097,12.6655,13.639112,-24.866899,-115.904262,-12.087175,-2.843452,-108.990552,6.557533
1782501577.322947,27.550274,rotate_to_60deg_about_tip,0.002357,12.655,13.644585,-24.866534,-115.904262,-12.087242,-2.83967,-108.990552,6.55343
1782501577.332952,27.560279,rotate_to_60deg_about_tip,0.002079,12.643,13.65025,-24.866117,-115.904262,-12.086319,-2.83535,-108.990552,6.549739
1782501577.342953,27.570281,rotate_to_60deg_about_tip,0.001599,12.632,13.655175,-24.866735,-115.904262,-12.086389,-2.83239,-108.990552,6.545439
1782501577.352946,27.580273,rotate_to_60deg_about_tip,0.001947,12.621,13.660907,-24.866353,-115.904262,-12.08646,-2.828431,-108.990552,6.541138
1782501577.362947,27.590275,rotate_to_60deg_about_tip,0.001475,12.612,13.66479,-24.86704,-115.904262,-12.086518,-2.826193,-108.990552,6.537618
1782501577.372945,27.600272,rotate_to_60deg_about_tip,0.001788,12.601,13.670522,-24.866658,-115.904262,-12.086588,-2.822236,-108.990552,6.533315
1782501577.382945,27.610273,rotate_to_60deg_about_tip,0.00211,12.5905,13.675994,-24.866293,-115.904262,-12.086656,-2.818459,-108.990552,6.529208
1782501577.392947,27.620275,rotate_to_60deg_about_tip,0.002285,12.585,13.67886,-24.866102,-115.904262,-12.086691,-2.816481,-108.990552,6.527056
1782501577.402948,27.630275,rotate_to_60deg_about_tip,0.001882,12.5735,13.684045,-24.866703,-115.904262,-12.086765,-2.813346,-108.990552,6.522556
1782501577.412951,27.640279,rotate_to_60deg_about_tip,0.002219,12.562,13.690038,-24.866303,-115.904262,-12.08684,-2.809212,-108.990552,6.518055
1782501577.422952,27.65028,rotate_to_60deg_about_tip,0.001874,12.5505,13.695223,-24.866904,-115.904262,-12.086914,-2.806079,-108.990552,6.513553
1782501577.432951,27.660279,rotate_to_60deg_about_tip,0.002029,12.5445,13.698349,-24.866695,-115.904262,-12.086953,-2.803922,-108.990552,6.511204
1782501577.442949,27.670276,rotate_to_60deg_about_tip,0.002338,12.5335,13.704081,-24.866313,-115.904262,-12.087024,-2.79997,-108.990552,6.506897
1782501577.452947,27.680275,rotate_to_60deg_about_tip,0.001965,12.5245,13.707963,-24.867001,-115.904262,-12.087082,-2.797737,-108.990552,6.503372
1782501577.462963,27.690291,rotate_to_60deg_about_tip,0.002248,12.513,13.713955,-24.866601,-115.904262,-12.087157,-2.793607,-108.990552,6.498867
1782501577.472949,27.700276,rotate_to_60deg_about_tip,0.00193,12.5025,13.718837,-24.866237,-115.904262,-12.086225,-2.789837,-108.990552,6.495754
1782501577.482961,27.710289,rotate_to_60deg_about_tip,0.001416,12.4925,13.723239,-24.86689,-115.904262,-12.08629,-2.787246,-108.990552,6.491836
1782501577.492952,27.72028,rotate_to_60deg_about_tip,0.00178,12.481,13.729231,-24.86649,-115.904262,-12.086364,-2.783119,-108.990552,6.487329
1782501577.502947,27.730274,rotate_to_60deg_about_tip,0.00196,12.4755,13.732097,-24.866299,-115.904262,-12.0864,-2.781145,-108.990552,6.485173
1782501577.512947,27.740275,rotate_to_60deg_about_tip,0.00155,12.4635,13.737542,-24.866882,-115.904262,-12.086478,-2.777839,-108.990552,6.480469
1782501577.522948,27.750276,rotate_to_60deg_about_tip,0.001866,12.453,13.743012,-24.866518,-115.904262,-12.086547,-2.774072,-108.990552,6.476352
1782501577.532949,27.760277,rotate_to_60deg_about_tip,0.002264,12.4405,13.749525,-24.866084,-115.904262,-12.086628,-2.769589,-108.990552,6.471451
1782501577.542949,27.770277,rotate_to_60deg_about_tip,0.001849,12.429,13.754709,-24.866685,-115.904262,-12.086703,-2.766465,-108.990552,6.46694
1782501577.552981,27.780308,rotate_to_60deg_about_tip,0.002132,12.4195,13.759658,-24.866355,-115.904262,-12.086765,-2.763059,-108.990552,6.463213
1782501577.562948,27.790276,rotate_to_60deg_about_tip,0.002317,12.4135,13.762784,-24.866146,-115.904262,-12.086804,-2.760909,-108.990552,6.460859
1782501577.572948,27.800276,rotate_to_60deg_about_tip,0.001914,12.403,13.767447,-24.866782,-115.904262,-12.086873,-2.758145,-108.990552,6.456739
1782501577.582952,27.810279,rotate_to_60deg_about_tip,0.002178,12.3935,13.772396,-24.866452,-115.904262,-12.086935,-2.754741,-108.990552,6.453011
1782501577.592952,27.82028,rotate_to_60deg_about_tip,0.001866,12.3825,13.77732,-24.86707,-115.904262,-12.087008,-2.7518,-108.990552,6.448694
1782501577.602952,27.830279,rotate_to_60deg_about_tip,0.001983,12.3775,13.779924,-24.866897,-115.904262,-12.08704,-2.750009,-108.990552,6.446731
1782501577.61285,27.840178,rotate_to_60deg_about_tip,0.001597,12.3675,13.784543,-24.86655,-115.904262,-12.086106,-2.746428,-108.990552,6.443805
1782501577.622845,27.850173,rotate_to_60deg_about_tip,0.00199,12.356,13.790533,-24.86615,-115.904262,-12.086182,-2.74231,-108.990552,6.439289
1782501577.632947,27.860275,rotate_to_60deg_about_tip,0.001441,12.3465,13.794675,-24.866821,-115.904262,-12.086244,-2.739909,-108.990552,6.435558
1782501577.642954,27.870281,rotate_to_60deg_about_tip,0.001797,12.3355,13.800405,-24.866439,-115.904262,-12.086317,-2.735971,-108.990552,6.431237
1782501577.652947,27.880275,rotate_to_60deg_about_tip,0.001352,12.325,13.805068,-24.867074,-115.904262,-12.086386,-2.733214,-108.990552,6.427112
1782501577.662948,27.890276,rotate_to_60deg_about_tip,0.001645,12.315,13.810276,-24.866727,-115.904262,-12.086452,-2.729636,-108.990552,6.423183
1782501577.672951,27.900278,rotate_to_60deg_about_tip,0.002006,12.3035,13.816266,-24.866328,-115.904262,-12.086528,-2.725522,-108.990552,6.418663
1782501577.682946,27.910274,rotate_to_60deg_about_tip,0.001584,12.293,13.820929,-24.866964,-115.904262,-12.086597,-2.722767,-108.990552,6.414536
1782501577.69295,27.920278,rotate_to_60deg_about_tip,0.001899,12.282,13.826658,-24.866582,-115.904262,-12.08667,-2.718834,-108.990552,6.410211
1782501577.702911,27.930238,rotate_to_60deg_about_tip,0.00205,12.277,13.829262,-24.866408,-115.904262,-12.086703,-2.717046,-108.990552,6.408245
1782501577.712852,27.94018,rotate_to_60deg_about_tip,0.001703,12.2655,13.834446,-24.867009,-115.904262,-12.086779,-2.713935,-108.990552,6.403723
1782501577.722846,27.950174,rotate_to_60deg_about_tip,0.001997,12.2545,13.840175,-24.866628,-115.904262,-12.086852,-2.710004,-108.990552,6.399397
1782501577.732839,27.960167,rotate_to_60deg_about_tip,0.002304,12.244,13.845643,-24.866263,-115.904262,-12.086922,-2.706252,-108.990552,6.395266
1782501577.74284,27.970167,rotate_to_60deg_about_tip,0.001966,12.2325,13.850826,-24.866864,-115.904262,-12.086999,-2.703144,-108.990552,6.390741
1782501577.752841,27.980168,rotate_to_60deg_about_tip,0.00223,12.2225,13.856034,-24.866517,-115.904262,-12.087065,-2.699572,-108.990552,6.386806
1782501577.762944,27.990272,rotate_to_60deg_about_tip,0.001969,12.212,13.860911,-24.866153,-115.904262,-12.086135,-2.695823,-108.990552,6.383674
1782501577.772947,28.000275,rotate_to_60deg_about_tip,0.001285,12.2065,13.862969,-24.866962,-115.904262,-12.086172,-2.694859,-108.990552,6.381509
1782501577.78295,28.010278,rotate_to_60deg_about_tip,0.001656,12.195,13.868958,-24.866563,-115.904262,-12.086248,-2.690754,-108.990552,6.376982
1782501577.792949,28.020276,rotate_to_60deg_about_tip,0.001989,12.185,13.874165,-24.866216,-115.904262,-12.086315,-2.687185,-108.990552,6.373044
1782501577.802952,28.030279,rotate_to_60deg_about_tip,0.001523,12.174,13.879088,-24.866835,-115.904262,-12.086389,-2.68426,-108.990552,6.368712
1782501577.812972,28.040299,rotate_to_60deg_about_tip,0.001915,12.1615,13.885597,-24.866401,-115.904262,-12.086472,-2.679801,-108.990552,6.363789
1782501577.82295,28.050278,rotate_to_60deg_about_tip,0.002077,12.1565,13.888201,-24.866228,-115.904262,-12.086506,-2.678017,-108.990552,6.361819
1782501577.832948,28.060276,rotate_to_60deg_about_tip,0.001663,12.145,13.893383,-24.866829,-115.904262,-12.086583,-2.674916,-108.990552,6.357288
1782501577.842948,28.070275,rotate_to_60deg_about_tip,0.002006,12.1335,13.899371,-24.86643,-115.904262,-12.08666,-2.670815,-108.990552,6.352756
1782501577.852946,28.080273,rotate_to_60deg_about_tip,0.002354,12.1225,13.905099,-24.866048,-115.904262,-12.086734,-2.666894,-108.990552,6.348421
1782501577.862952,28.090279,rotate_to_60deg_about_tip,0.001924,12.112,13.909761,-24.866684,-115.904262,-12.086805,-2.664152,-108.990552,6.344282
1782501577.87295,28.100278,rotate_to_60deg_about_tip,0.002186,12.103,13.914447,-24.866372,-115.904262,-12.086865,-2.660945,-108.990552,6.340733
1782501577.882948,28.110276,rotate_to_60deg_about_tip,0.001847,12.092,13.919369,-24.866991,-115.904262,-12.086939,-2.658026,-108.990552,6.336396
1782501577.892978,28.120305,rotate_to_60deg_about_tip,0.001537,12.08,13.925024,-24.866574,-115.904262,-12.08602,-2.653752,-108.990552,6.332663
1782501577.902949,28.130276,rotate_to_60deg_about_tip,0.001881,12.07,13.93023,-24.866228,-115.904262,-12.086088,-2.650191,-108.990552,6.328718
1782501577.912949,28.140277,rotate_to_60deg_about_tip,0.001197,12.0645,13.932289,-24.867037,-115.904262,-12.086125,-2.649232,-108.990552,6.326549
1782501577.92295,28.150278,rotate_to_60deg_about_tip,0.001535,12.054,13.937755,-24.866673,-115.904262,-12.086196,-2.645494,-108.990552,6.322406
1782501577.932949,28.160277,rotate_to_60deg_about_tip,0.001851,12.0445,13.942701,-24.866343,-115.904262,-12.08626,-2.642113,-108.990552,6.318657
1782501577.942949,28.170276,rotate_to_60deg_about_tip,0.001407,12.033,13.947883,-24.866945,-115.904262,-12.086338,-2.639021,-108.990552,6.314118
1782501577.953059,28.180386,rotate_to_60deg_about_tip,0.001732,12.0225,13.95335,-24.866581,-115.904262,-12.086409,-2.635285,-108.990552,6.309973
1782501577.962947,28.190275,rotate_to_60deg_about_tip,0.000866,12.012,13.956213,-24.867995,-115.904262,-12.084506,-2.633328,-108.990552,6.307802
1782501577.972978,28.200306,rotate_to_60deg_about_tip,0.001804,12.0005,13.960614,-24.869129,-115.904262,-12.083991,-2.630771,-108.990552,6.303853
1782501577.982945,28.210273,rotate_to_60deg_about_tip,0.00177,11.9965,13.96608,-24.866679,-115.904262,-12.086585,-2.627038,-108.990552,6.299706
1782501577.992893,28.22022,rotate_to_60deg_about_tip,0.002157,11.984,13.972587,-24.866246,-115.904262,-12.08667,-2.622593,-108.990552,6.294769
1782501578.002952,28.230279,rotate_to_60deg_about_tip,0.001581,11.98,13.973865,-24.867107,-115.904262,-12.086698,-2.622172,-108.990552,6.293189
1782501578.012949,28.240277,rotate_to_60deg_about_tip,0.001872,11.969,13.979591,-24.866726,-115.904262,-12.086772,-2.618262,-108.990552,6.288843
1782501578.022952,28.250279,rotate_to_60deg_about_tip,0.002194,11.958,13.985317,-24.866344,-115.904262,-12.086847,-2.614353,-108.990552,6.284496
1782501578.032948,28.260276,rotate_to_60deg_about_tip,0.001812,11.9485,13.989457,-24.867015,-115.904262,-12.086912,-2.611978,-108.990552,6.280742
1782501578.042953,28.27028,rotate_to_60deg_about_tip,0.002109,11.937,13.995444,-24.866616,-115.904262,-12.086991,-2.607893,-108.990552,6.276196
1782501578.052953,28.280281,rotate_to_60deg_about_tip,0.001866,11.926,14.000575,-24.866235,-115.904262,-12.086066,-2.603987,-108.990552,6.272847
1782501578.062953,28.290281,rotate_to_60deg_about_tip,0.001305,11.9165,14.004716,-24.866906,-115.904262,-12.086131,-2.601614,-108.990552,6.269091
1782501578.07295,28.300277,rotate_to_60deg_about_tip,0.00165,11.906,14.010181,-24.866542,-115.904262,-12.086203,-2.597887,-108.990552,6.264938
1782501578.082949,28.310277,rotate_to_60deg_about_tip,0.001987,11.896,14.015386,-24.866195,-115.904262,-12.086271,-2.594338,-108.990552,6.260983
1782501578.092888,28.320215,rotate_to_60deg_about_tip,0.001526,11.8845,14.020567,-24.866797,-115.904262,-12.08635,-2.591257,-108.990552,6.256433
1782501578.102954,28.330282,rotate_to_60deg_about_tip,0.001827,11.875,14.025511,-24.866468,-115.904262,-12.086415,-2.587887,-108.990552,6.252674
1782501578.112947,28.340275,rotate_to_60deg_about_tip,0.001425,11.864,14.030432,-24.867086,-115.904262,-12.086491,-2.584985,-108.990552,6.248321
1782501578.122897,28.350224,rotate_to_60deg_about_tip,0.001577,11.8585,14.033295,-24.866896,-115.904262,-12.086529,-2.583035,-108.990552,6.246144
1782501578.132947,28.360275,rotate_to_60deg_about_tip,0.001906,11.8475,14.039019,-24.866515,-115.904262,-12.086604,-2.579134,-108.990552,6.24179
1782501578.142952,28.37028,rotate_to_60deg_about_tip,0.002205,11.838,14.043964,-24.866185,-115.904262,-12.08667,-2.575766,-108.990552,6.238029
1782501578.152955,28.380282,rotate_to_60deg_about_tip,0.001814,11.8265,14.049144,-24.866787,-115.904262,-12.086749,-2.57269,-108.990552,6.233475
1782501578.162949,28.390277,rotate_to_60deg_about_tip,0.002119,11.816,14.054609,-24.866423,-115.904262,-12.086822,-2.568969,-108.990552,6.229317
1782501578.172954,28.400281,rotate_to_60deg_about_tip,0.001761,11.806,14.059009,-24.867077,-115.904262,-12.086891,-2.566427,-108.990552,6.225356
1782501578.182951,28.410278,rotate_to_60deg_about_tip,0.001404,11.795,14.064139,-24.866696,-115.904262,-12.085967,-2.56253,-108.990552,6.221998
1782501578.19289,28.420217,rotate_to_60deg_about_tip,0.001749,11.785,14.069342,-24.866349,-115.904262,-12.086036,-2.558989,-108.990552,6.218036
1782501578.202946,28.430273,rotate_to_60deg_about_tip,0.001228,11.7745,14.074002,-24.866985,-115.904262,-12.086109,-2.556271,-108.990552,6.213875
1782501578.212965,28.440293,rotate_to_60deg_about_tip,0.001571,11.764,14.079466,-24.866622,-115.904262,-12.086181,-2.552554,-108.990552,6.209713
1782501578.22295,28.450278,rotate_to_60deg_about_tip,0.001772,11.758,14.082588,-24.866414,-115.904262,-12.086223,-2.55043,-108.990552,6.207335
1782501578.232948,28.460275,rotate_to_60deg_about_tip,0.001332,11.7465,14.087769,-24.867015,-115.904262,-12.086303,-2.547361,-108.990552,6.202775
1782501578.24295,28.470278,rotate_to_60deg_about_tip,0.001624,11.737,14.092712,-24.866686,-115.904262,-12.086369,-2.543999,-108.990552,6.199008
1782501578.252946,28.480274,rotate_to_60deg_about_tip,0.001995,11.7255,14.098696,-24.866288,-115.904262,-12.086449,-2.539931,-108.990552,6.194447
1782501578.262948,28.490276,rotate_to_60deg_about_tip,0.001567,11.7145,14.103616,-24.866907,-115.904262,-12.086526,-2.537041,-108.990552,6.190084
1782501578.27297,28.500298,rotate_to_60deg_about_tip,0.001865,11.7045,14.108819,-24.866561,-115.904262,-12.086595,-2.533505,-108.990552,6.186117
1782501578.282948,28.510275,rotate_to_60deg_about_tip,0.002227,11.693,14.114802,-24.866162,-115.904262,-12.086675,-2.52944,-108.990552,6.181554
1782501578.292894,28.520221,rotate_to_60deg_about_tip,0.001685,11.687,14.117121,-24.866955,-115.904262,-12.086717,-2.528319,-108.990552,6.179173
1782501578.302901,28.530228,rotate_to_60deg_about_tip,0.001963,11.677,14.122324,-24.866608,-115.904262,-12.086787,-2.524785,-108.990552,6.175204
1782501578.31295,28.540277,rotate_to_60deg_about_tip,0.002339,11.6645,14.128827,-24.866175,-115.904262,-12.086875,-2.520369,-108.990552,6.170242
1782501578.322949,28.550277,rotate_to_60deg_about_tip,0.001292,11.654,14.132891,-24.866812,-115.904262,-12.085948,-2.51766,-108.990552,6.167073
1782501578.33295,28.560278,rotate_to_60deg_about_tip,0.001635,11.644,14.138093,-24.866466,-115.904262,-12.086018,-2.514128,-108.990552,6.163102
1782501578.34295,28.570278,rotate_to_60deg_about_tip,0.001982,11.634,14.143296,-24.866119,-115.904262,-12.086088,-2.510597,-108.990552,6.15913
1782501578.352963,28.580291,rotate_to_60deg_about_tip,0.00148,11.6225,14.148475,-24.866721,-115.904262,-12.086169,-2.507537,-108.990552,6.154562
1782501578.362965,28.590293,rotate_to_60deg_about_tip,0.001132,11.6125,14.151077,-24.86814,-115.904262,-12.084253,-2.505772,-108.990552,6.152576
1782501578.372954,28.600282,rotate_to_60deg_about_tip,0.002017,11.6065,14.156799,-24.866167,-115.904262,-12.086281,-2.50189,-108.990552,6.148205
1782501578.38295,28.610278,rotate_to_60deg_about_tip,0.001342,11.602,14.158337,-24.867011,-115.904262,-12.086313,-2.501302,-108.990552,6.146417
1782501578.392895,28.620222,rotate_to_60deg_about_tip,0.001697,11.5905,14.164319,-24.866613,-115.904262,-12.086394,-2.497245,-108.990552,6.141847
1782501578.40295,28.630277,rotate_to_60deg_about_tip,0.002038,11.58,14.169781,-24.86625,-115.904262,-12.086468,-2.493542,-108.990552,6.137673
1782501578.412952,28.64028,rotate_to_60deg_about_tip,0.001637,11.568,14.175221,-24.866834,-115.904262,-12.086552,-2.49031,-108.990552,6.132902
1782501578.422947,28.650275,rotate_to_60deg_about_tip,0.001969,11.557,14.180943,-24.866453,-115.904262,-12.08663,-2.486431,-108.990552,6.128528
1782501578.432947,28.660275,rotate_to_60deg_about_tip,0.002303,11.5465,14.186404,-24.86609,-115.904262,-12.086704,-2.48273,-108.990552,6.124352
1782501578.442947,28.670274,rotate_to_60deg_about_tip,0.001752,11.5405,14.188723,-24.866882,-115.904262,-12.086747,-2.481616,-108.990552,6.121966
1782501578.452951,28.680279,rotate_to_60deg_about_tip,0.002035,11.5305,14.193924,-24.866536,-115.904262,-12.086817,-2.478092,-108.990552,6.117988
1782501578.462948,28.690276,rotate_to_60deg_about_tip,0.001904,11.519,14.199309,-24.866138,-115.904262,-12.085899,-2.47404,-108.990552,6.114413
1782501578.472946,28.700274,rotate_to_60deg_about_tip,0.001319,11.509,14.203708,-24.866792,-115.904262,-12.08597,-2.471518,-108.990552,6.110433
1782501578.482945,28.710273,rotate_to_60deg_about_tip,0.001697,11.498,14.209429,-24.866411,-115.904262,-12.086048,-2.467644,-108.990552,6.106055
1782501578.492848,28.720176,rotate_to_60deg_about_tip,0.001187,11.4875,14.214088,-24.867048,-115.904262,-12.086122,-2.464947,-108.990552,6.101876
1782501578.50295,28.730278,rotate_to_60deg_about_tip,0.001542,11.4765,14.219809,-24.866667,-115.904262,-12.0862,-2.461075,-108.990552,6.097496
1782501578.512849,28.740176,rotate_to_60deg_about_tip,0.001742,11.4705,14.222929,-24.86646,-115.904262,-12.086243,-2.458964,-108.990552,6.095107
1782501578.522946,28.750273,rotate_to_60deg_about_tip,0.002097,11.46,14.22839,-24.866096,-115.904262,-12.086318,-2.455269,-108.990552,6.090926
1782501578.532948,28.760276,rotate_to_60deg_about_tip,0.001618,11.449,14.233309,-24.866716,-115.904262,-12.086396,-2.452399,-108.990552,6.086544
1782501578.542949,28.770277,rotate_to_60deg_about_tip,0.001938,11.439,14.238509,-24.86637,-115.904262,-12.086467,-2.448881,-108.990552,6.082561
1782501578.552948,28.780276,rotate_to_60deg_about_tip,0.001515,11.4285,14.243168,-24.867006,-115.904262,-12.086542,-2.446189,-108.990552,6.078377
1782501578.562946,28.790274,rotate_to_60deg_about_tip,0.001819,11.418,14.248628,-24.866643,-115.904262,-12.086617,-2.442497,-108.990552,6.074193
1782501578.572947,28.800274,rotate_to_60deg_about_tip,0.002143,11.4075,14.254088,-24.86628,-115.904262,-12.086692,-2.438806,-108.990552,6.070009
1782501578.582943,28.81027,rotate_to_60deg_about_tip,0.001748,11.397,14.258747,-24.866916,-115.904262,-12.086768,-2.436115,-108.990552,6.065823
1782501578.592947,28.820275,rotate_to_60deg_about_tip,0.001526,11.3855,14.264129,-24.866519,-115.904262,-12.08585,-2.432075,-108.990552,6.062238
1782501578.602946,28.830274,rotate_to_60deg_about_tip,0.001684,11.381,14.266469,-24.866363,-115.904262,-12.085882,-2.430494,-108.990552,6.060444
1782501578.612952,28.84028,rotate_to_60deg_about_tip,0.001182,11.369,14.271907,-24.866948,-115.904262,-12.085968,-2.427278,-108.990552,6.055658
1782501578.622951,28.850278,rotate_to_60deg_about_tip,0.001572,11.3575,14.277887,-24.86655,-115.904262,-12.086051,-2.42324,-108.990552,6.051072
1782501578.632951,28.860279,rotate_to_60deg_about_tip,0.001934,11.347,14.283347,-24.866187,-115.904262,-12.086126,-2.419553,-108.990552,6.046883
1782501578.64295,28.870277,rotate_to_60deg_about_tip,0.001414,11.3365,14.288005,-24.866824,-115.904262,-12.086202,-2.416867,-108.990552,6.042694
1782501578.652949,28.880277,rotate_to_60deg_about_tip,0.001792,11.325,14.293984,-24.866426,-115.904262,-12.086284,-2.412831,-108.990552,6.038104
1782501578.662949,28.890277,rotate_to_60deg_about_tip,0.00196,11.32,14.296584,-24.866253,-115.904262,-12.08632,-2.411077,-108.990552,6.036109
1782501578.672959,28.900286,rotate_to_60deg_about_tip,0.001517,11.3085,14.301762,-24.866855,-115.904262,-12.086403,-2.408042,-108.990552,6.031519
1782501578.682949,28.910276,rotate_to_60deg_about_tip,0.001845,11.298,14.307221,-24.866492,-115.904262,-12.086479,-2.404359,-108.990552,6.027327
1782501578.692948,28.920275,rotate_to_60deg_about_tip,0.002203,11.287,14.31294,-24.866112,-115.904262,-12.086559,-2.400502,-108.990552,6.022935
1782501578.702944,28.930271,rotate_to_60deg_about_tip,0.001785,11.2755,14.318118,-24.866714,-115.904262,-12.086642,-2.397469,-108.990552,6.018342
1782501578.712949,28.940276,rotate_to_60deg_about_tip,0.001965,11.2695,14.321237,-24.866506,-115.904262,-12.086685,-2.395366,-108.990552,6.015946
1782501578.722961,28.950289,rotate_to_60deg_about_tip,0.001883,11.2585,14.326357,-24.866126,-115.904262,-12.085765,-2.391511,-108.990552,6.012551
1782501578.732952,28.960279,rotate_to_60deg_about_tip,0.001275,11.2485,14.330755,-24.86678,-115.904262,-12.085837,-2.389007,-108.990552,6.008556
1782501578.742949,28.970277,rotate_to_60deg_about_tip,0.001677,11.237,14.336733,-24.866383,-115.904262,-12.08592,-2.384978,-108.990552,6.003961
1782501578.752899,28.980227,rotate_to_60deg_about_tip,0.001119,11.227,14.341131,-24.867037,-115.904262,-12.085993,-2.382475,-108.990552,5.999964
1782501578.762993,28.99032,rotate_to_60deg_about_tip,0.00147,11.2165,14.346589,-24.866674,-115.904262,-12.086069,-2.378798,-108.990552,5.995767
1782501578.772963,29.00029,rotate_to_60deg_about_tip,0.001674,11.2105,14.349708,-24.866466,-115.904262,-12.086113,-2.376697,-108.990552,5.993369
1782501578.782953,29.010281,rotate_to_60deg_about_tip,0.00119,11.2,14.354366,-24.867103,-115.904262,-12.086189,-2.374021,-108.990552,5.98917
1782501578.792952,29.020279,rotate_to_60deg_about_tip,0.001344,11.195,14.356965,-24.86693,-115.904262,-12.086226,-2.372271,-108.990552,5.987171
1782501578.802897,29.030225,rotate_to_60deg_about_tip,0.001731,11.183,14.363202,-24.866516,-115.904262,-12.086313,-2.368071,-108.990552,5.982372
1782501578.812896,29.040224,rotate_to_60deg_about_tip,0.002081,11.1725,14.36866,-24.866153,-115.904262,-12.08639,-2.364397,-108.990552,5.978172
1782501578.822944,29.050271,rotate_to_60deg_about_tip,0.001164,11.1625,14.372458,-24.866807,-115.904262,-12.085463,-2.361899,-108.990552,5.975172
1782501578.832951,29.060279,rotate_to_60deg_about_tip,0.001533,11.152,14.377916,-24.866444,-115.904262,-12.085539,-2.358227,-108.990552,5.97097
1782501578.842949,29.070276,rotate_to_60deg_about_tip,0.001902,11.1415,14.383373,-24.866081,-115.904262,-12.085616,-2.354555,-108.990552,5.966768
1782501578.852903,29.08023,rotate_to_60deg_about_tip,0.00129,11.131,14.388031,-24.866718,-115.904262,-12.085693,-2.351885,-108.990552,5.962566
1782501578.862949,29.090276,rotate_to_60deg_about_tip,0.001678,11.12,14.393748,-24.866338,-115.904262,-12.085773,-2.34804,-108.990552,5.958163
1782501578.872948,29.100275,rotate_to_60deg_about_tip,0.001102,11.1095,14.398405,-24.866975,-115.904262,-12.08585,-2.34537,-108.990552,5.953959
1782501578.882949,29.110277,rotate_to_60deg_about_tip,0.001482,11.0985,14.404122,-24.866595,-115.904262,-12.085931,-2.341527,-108.990552,5.949554
1782501578.892952,29.120279,rotate_to_60deg_about_tip,0.001674,11.093,14.40698,-24.866405,-115.904262,-12.085971,-2.339606,-108.990552,5.947351
1782501578.9029,29.130228,rotate_to_60deg_about_tip,0.001163,11.082,14.411897,-24.867025,-115.904262,-12.086052,-2.336764,-108.990552,5.942945
1782501578.912899,29.140227,rotate_to_60deg_about_tip,0.00151,11.0715,14.417354,-24.866662,-115.904262,-12.086129,-2.333098,-108.990552,5.938739
1782501578.922947,29.150275,rotate_to_60deg_about_tip,0.001849,11.0615,14.422551,-24.866316,-115.904262,-12.086203,-2.329607,-108.990552,5.934732
1782501578.932947,29.160275,rotate_to_60deg_about_tip,0.001377,11.0505,14.427467,-24.866936,-115.904262,-12.086284,-2.326767,-108.990552,5.930324
1782501578.942947,29.170274,rotate_to_60deg_about_tip,0.001742,11.039,14.433443,-24.866539,-115.904262,-12.086369,-2.322754,-108.990552,5.925715
1782501578.952901,29.180229,rotate_to_60deg_about_tip,0.001775,11.029,14.43804,-24.866193,-115.904262,-12.085442,-2.319265,-108.990552,5.922706
1782501578.962957,29.190284,rotate_to_60deg_about_tip,0.001146,11.0185,14.442696,-24.866831,-115.904262,-12.08552,-2.316603,-108.990552,5.918496
1782501578.972953,29.200281,rotate_to_60deg_about_tip,0.001322,11.0135,14.445294,-24.866658,-115.904262,-12.085557,-2.314859,-108.990552,5.916491
1782501578.982948,29.210275,rotate_to_60deg_about_tip,0.001728,11.002,14.45127,-24.866261,-115.904262,-12.085642,-2.310849,-108.990552,5.91188
1782501578.992954,29.220282,rotate_to_60deg_about_tip,0.001125,10.9915,14.455926,-24.866898,-115.904262,-12.085719,-2.308188,-108.990552,5.907668
1782501579.002963,29.23029,rotate_to_60deg_about_tip,0.001477,10.9815,14.461123,-24.866552,-115.904262,-12.085794,-2.304703,-108.990552,5.903657
1782501579.012901,29.240228,rotate_to_60deg_about_tip,0.001882,10.97,14.467098,-24.866155,-115.904262,-12.085879,-2.300695,-108.990552,5.899043
1782501579.022968,29.250295,rotate_to_60deg_about_tip,0.001313,10.9595,14.471754,-24.866793,-115.904262,-12.085957,-2.298037,-108.990552,5.894829
1782501579.032947,29.260274,rotate_to_60deg_about_tip,0.001727,10.9475,14.477989,-24.866378,-115.904262,-12.086046,-2.293857,-108.990552,5.890013
1782501579.042948,29.270275,rotate_to_60deg_about_tip,0.001918,10.942,14.480847,-24.866188,-115.904262,-12.086087,-2.291942,-108.990552,5.887805
1782501579.052946,29.280274,rotate_to_60deg_about_tip,0.001374,10.932,14.485243,-24.866843,-115.904262,-12.086161,-2.28946,-108.990552,5.88379
1782501579.062851,29.290179,rotate_to_60deg_about_tip,0.001722,10.9215,14.490698,-24.86648,-115.904262,-12.086239,-2.285804,-108.990552,5.879574
1782501579.072839,29.300167,rotate_to_60deg_about_tip,0.002112,10.91,14.496673,-24.866083,-115.904262,-12.086325,-2.281802,-108.990552,5.874956
1782501579.082943,29.310271,rotate_to_60deg_about_tip,0.001265,10.899,14.500988,-24.866703,-115.904262,-12.085407,-2.278974,-108.990552,5.871538
1782501579.092898,29.320225,rotate_to_60deg_about_tip,0.001578,10.89,14.505663,-24.866392,-115.904262,-12.085474,-2.275843,-108.990552,5.867923
1782501579.102947,29.330275,rotate_to_60deg_about_tip,0.002016,10.8775,14.512157,-24.865961,-115.904262,-12.085567,-2.271495,-108.990552,5.8629
1782501579.1129,29.340228,rotate_to_60deg_about_tip,0.001202,10.8725,14.513956,-24.866788,-115.904262,-12.085605,-2.270756,-108.990552,5.860891
1782501579.122948,29.350276,rotate_to_60deg_about_tip,0.001608,10.861,14.51993,-24.866391,-115.904262,-12.085691,-2.266757,-108.990552,5.856269
1782501579.132965,29.360293,rotate_to_60deg_about_tip,0.002015,10.8495,14.525904,-24.865994,-115.904262,-12.085777,-2.262759,-108.990552,5.851647
1782501579.142947,29.370275,rotate_to_60deg_about_tip,0.001421,10.839,14.53056,-24.866631,-115.904262,-12.085855,-2.26011,-108.990552,5.847426
1782501579.152977,29.380305,rotate_to_60deg_about_tip,0.001824,10.8275,14.536533,-24.866234,-115.904262,-12.085941,-2.256114,-108.990552,5.842802
1782501579.162948,29.390275,rotate_to_60deg_about_tip,0.001574,10.817,14.539131,-24.867782,-115.904262,-12.083808,-2.254377,-108.990552,5.840791
1782501579.172948,29.400276,rotate_to_60deg_about_tip,0.001476,10.811,14.544305,-24.866665,-115.904262,-12.086065,-2.251382,-108.990552,5.836166
1782501579.182953,29.41028,rotate_to_60deg_about_tip,0.001647,10.806,14.546903,-24.866492,-115.904262,-12.086103,-2.249646,-108.990552,5.834155
1782501579.192952,29.42028,rotate_to_60deg_about_tip,0.002043,10.7945,14.552876,-24.866095,-115.904262,-12.086189,-2.245652,-108.990552,5.829528
1782501579.202954,29.430281,rotate_to_60deg_about_tip,0.001559,10.783,14.558051,-24.866698,-115.904262,-12.086276,-2.24266,-108.990552,5.824901
1782501579.21285,29.440178,rotate_to_60deg_about_tip,0.001889,10.773,14.563245,-24.866353,-115.904262,-12.086351,-2.239189,-108.990552,5.820877
1782501579.222961,29.450289,rotate_to_60deg_about_tip,0.001499,10.7605,14.568939,-24.866922,-115.904262,-12.086445,-2.235851,-108.990552,5.815846
1782501579.232948,29.460275,rotate_to_60deg_about_tip,0.001634,10.756,14.571276,-24.866766,-115.904262,-12.086479,-2.23429,-108.990552,5.814035
1782501579.242946,29.470274,rotate_to_60deg_about_tip,0.00161,10.7445,14.576647,-24.866369,-115.904262,-12.085566,-2.230301,-108.990552,5.810405
1782501579.25295,29.480278,rotate_to_60deg_about_tip,0.001016,10.7335,14.581562,-24.86699,-115.904262,-12.085649,-2.227486,-108.990552,5.805976
1782501579.26295,29.490278,rotate_to_60deg_about_tip,0.001369,10.7235,14.586755,-24.866645,-115.904262,-12.085725,-2.224018,-108.990552,5.801948
1782501579.272952,29.500279,rotate_to_60deg_about_tip,0.00174,10.713,14.592209,-24.866282,-115.904262,-12.085804,-2.220378,-108.990552,5.797719
1782501579.282947,29.510275,rotate_to_60deg_about_tip,0.001149,10.703,14.596604,-24.866937,-115.904262,-12.08588,-2.217912,-108.990552,5.793691
1782501579.292948,29.520276,rotate_to_60deg_about_tip,0.001547,10.6915,14.602576,-24.86654,-115.904262,-12.085967,-2.213927,-108.990552,5.789057
1782501579.302962,29.530289,rotate_to_60deg_about_tip,0.001913,10.681,14.608029,-24.866178,-115.904262,-12.086047,-2.210289,-108.990552,5.784826
1782501579.312902,29.54023,rotate_to_60deg_about_tip,0.001377,10.6705,14.612684,-24.866816,-115.904262,-12.086127,-2.207653,-108.990552,5.780594
1782501579.322946,29.550274,rotate_to_60deg_about_tip,0.001577,10.6645,14.6158,-24.866609,-115.904262,-12.086172,-2.205575,-108.990552,5.778175
1782501579.33295,29.560277,rotate_to_60deg_about_tip,0.00195,10.6535,14.621512,-24.866229,-115.904262,-12.086256,-2.201766,-108.990552,5.773741
1782501579.342945,29.570272,rotate_to_60deg_about_tip,0.001417,10.6445,14.625387,-24.866919,-115.904262,-12.086324,-2.19965,-108.990552,5.770112
1782501579.352947,29.580275,rotate_to_60deg_about_tip,0.001749,10.634,14.63084,-24.866556,-115.904262,-12.086404,-2.196016,-108.990552,5.765878
1782501579.362946,29.590274,rotate_to_60deg_about_tip,0.00211,10.623,14.636552,-24.866177,-115.904262,-12.086488,-2.19221,-108.990552,5.761441
1782501579.372948,29.600276,rotate_to_60deg_about_tip,0.001152,10.613,14.640344,-24.866832,-115.904262,-12.085564,-2.18975,-108.990552,5.758407
1782501579.382946,29.610274,rotate_to_60deg_about_tip,0.001522,10.6025,14.645796,-24.86647,-115.904262,-12.085644,-2.186118,-108.990552,5.754171
1782501579.392949,29.620276,rotate_to_60deg_about_tip,0.000982,10.5905,14.651229,-24.867056,-115.904262,-12.085736,-2.182968,-108.990552,5.749329
1782501579.402852,29.63018,rotate_to_60deg_about_tip,0.001297,10.5815,14.655902,-24.866745,-115.904262,-12.085805,-2.179857,-108.990552,5.745697
1782501579.412846,29.640173,rotate_to_60deg_about_tip,0.001718,10.5695,14.662132,-24.866332,-115.904262,-12.085897,-2.175709,-108.990552,5.740853
1782501579.422941,29.650269,rotate_to_60deg_about_tip,0.001168,10.559,14.666786,-24.866969,-115.904262,-12.085977,-2.17308,-108.990552,5.736614
1782501579.432946,29.660274,rotate_to_60deg_about_tip,0.001472,10.55,14.671459,-24.866659,-115.904262,-12.086046,-2.16997,-108.990552,5.73298
1782501579.44295,29.670278,rotate_to_60deg_about_tip,0.001851,10.539,14.67717,-24.86628,-115.904262,-12.086131,-2.16617,-108.990552,5.728538
1782501579.452947,29.680274,rotate_to_60deg_about_tip,0.002024,10.534,14.679766,-24.866107,-115.904262,-12.086169,-2.164443,-108.990552,5.726518
1782501579.462947,29.690275,rotate_to_60deg_about_tip,0.001505,10.5235,14.68442,-24.866745,-115.904262,-12.08625,-2.161817,-108.990552,5.722277
1782501579.472946,29.700274,rotate_to_60deg_about_tip,0.001835,10.5135,14.689612,-24.8664,-115.904262,-12.086326,-2.158365,-108.990552,5.718237
1782501579.482946,29.710274,rotate_to_60deg_about_tip,0.001421,10.502,14.694785,-24.867004,-115.904262,-12.086415,-2.155395,-108.990552,5.713591
1782501579.492949,29.720277,rotate_to_60deg_about_tip,0.001366,10.4905,14.700151,-24.866607,-115.904262,-12.085503,-2.151426,-108.990552,5.709943
1782501579.502948,29.730275,rotate_to_60deg_about_tip,0.001735,10.48,14.705601,-24.866245,-115.904262,-12.085584,-2.147803,-108.990552,5.705699
1782501579.512969,29.740297,rotate_to_60deg_about_tip,0.001159,10.4685,14.710774,-24.866849,-115.904262,-12.085673,-2.144836,-108.990552,5.70105
1782501579.522947,29.750274,rotate_to_60deg_about_tip,0.001317,10.464,14.71311,-24.866694,-115.904262,-12.085708,-2.143284,-108.990552,5.699231
1782501579.532957,29.760284,rotate_to_60deg_about_tip,0.001723,10.4525,14.71908,-24.866297,-115.904262,-12.085797,-2.139319,-108.990552,5.694581
1782501579.542948,29.770275,rotate_to_60deg_about_tip,0.001167,10.4415,14.723993,-24.866918,-115.904262,-12.085882,-2.136526,-108.990552,5.690132
1782501579.552956,29.780284,rotate_to_60deg_about_tip,0.00153,10.431,14.729443,-24.866556,-115.904262,-12.085963,-2.132907,-108.990552,5.685885
1782501579.562949,29.790276,rotate_to_60deg_about_tip,0.00167,10.427,14.731519,-24.866418,-115.904262,-12.085994,-2.131529,-108.990552,5.684267
1782501579.572952,29.80028,rotate_to_60deg_about_tip,0.00149,10.41,14.737488,-24.867727,-115.904262,-12.0839,-2.127566,-108.990552,5.679614
1782501579.582946,29.810274,rotate_to_60deg_about_tip,0.001529,10.405,14.742142,-24.86666,-115.904262,-12.086164,-2.124949,-108.990552,5.675366
1782501579.592949,29.820276,rotate_to_60deg_about_tip,0.001919,10.3935,14.748111,-24.866264,-115.904262,-12.086254,-2.120988,-108.990552,5.670711
1782501579.602944,29.830271,rotate_to_60deg_about_tip,0.002125,10.3875,14.751225,-24.866057,-115.904262,-12.0863,-2.118922,-108.990552,5.668283
1782501579.612955,29.840283,rotate_to_60deg_about_tip,0.001577,10.3785,14.7551,-24.866747,-115.904262,-12.08637,-2.116823,-108.990552,5.66464
1782501579.622842,29.85017,rotate_to_60deg_about_tip,0.001949,10.367,14.761068,-24.86635,-115.904262,-12.086459,-2.112864,-108.990552,5.659984
1782501579.632948,29.860276,rotate_to_60deg_about_tip,0.001969,10.357,14.765653,-24.866006,-115.904262,-12.085537,-2.109422,-108.990552,5.656934
1782501579.64295,29.870277,rotate_to_60deg_about_tip,0.001347,10.3465,14.770306,-24.866644,-115.904262,-12.085619,-2.10681,-108.990552,5.652682
1782501579.652948,29.880276,rotate_to_60deg_about_tip,0.0017,10.3365,14.775496,-24.866299,-115.904262,-12.085697,-2.103369,-108.990552,5.648631
1782501579.662948,29.890275,rotate_to_60deg_about_tip,0.002035,10.327,14.780426,-24.865972,-115.904262,-12.085771,-2.100102,-108.990552,5.644783
1782501579.672948,29.900275,rotate_to_60deg_about_tip,0.001475,10.3155,14.785598,-24.866576,-115.904262,-12.085861,-2.097147,-108.990552,5.640123
1782501579.68295,29.910278,rotate_to_60deg_about_tip,0.001827,10.3055,14.790788,-24.866231,-115.904262,-12.085939,-2.093709,-108.990552,5.636071
1782501579.692948,29.920275,rotate_to_60deg_about_tip,0.00131,10.294,14.795959,-24.866835,-115.904262,-12.086029,-2.090757,-108.990552,5.63141
1782501579.702899,29.930227,rotate_to_60deg_about_tip,0.001685,10.283,14.801668,-24.866456,-115.904262,-12.086115,-2.086977,-108.990552,5.626951
1782501579.712948,29.940275,rotate_to_60deg_about_tip,0.002065,10.272,14.807376,-24.866077,-115.904262,-12.086201,-2.083197,-108.990552,5.622491
1782501579.722946,29.950274,rotate_to_60deg_about_tip,0.001373,10.267,14.809174,-24.866905,-115.904262,-12.08624,-2.08248,-108.990552,5.620464
1782501579.732955,29.960282,rotate_to_60deg_about_tip,0.001713,10.2565,14.814623,-24.866543,-115.904262,-12.086323,-2.078874,-108.990552,5.616205
1782501579.742949,29.970277,rotate_to_60deg_about_tip,0.002081,10.2455,14.820331,-24.866164,-115.904262,-12.086409,-2.075096,-108.990552,5.611744
1782501579.752894,29.980222,rotate_to_60deg_about_tip,0.001601,10.2355,14.824724,-24.86682,-115.904262,-12.086487,-2.072663,-108.990552,5.607687
1782501579.762948,29.990275,rotate_to_60deg_about_tip,0.001487,10.226,14.829047,-24.866492,-115.904262,-12.085562,-2.069403,-108.990552,5.604833
1782501579.77295,30.000277,rotate_to_60deg_about_tip,0.001892,10.2145,14.835014,-24.866096,-115.904262,-12.085653,-2.065456,-108.990552,5.600166
1782501579.782949,30.010277,rotate_to_60deg_about_tip,0.001232,10.2055,14.838888,-24.866786,-115.904262,-12.085723,-2.063369,-108.990552,5.596514
1782501579.792951,30.020279,rotate_to_60deg_about_tip,0.00162,10.1945,14.844595,-24.866408,-115.904262,-12.08581,-2.059595,-108.990552,5.592049
1782501579.802899,30.030226,rotate_to_60deg_about_tip,0.001127,10.182,14.850285,-24.866977,-115.904262,-12.085909,-2.056309,-108.990552,5.586974
1782501579.812959,30.040287,rotate_to_60deg_about_tip,0.001453,10.1725,14.855214,-24.86665,-115.904262,-12.085984,-2.053052,-108.990552,5.583117
1782501579.822952,30.05028,rotate_to_60deg_about_tip,0.001678,10.166,14.858586,-24.866426,-115.904262,-12.086035,-2.050824,-108.990552,5.580477
1782501579.832958,30.060285,rotate_to_60deg_about_tip,0.002044,10.1555,14.864033,-24.866065,-115.904262,-12.086118,-2.047225,-108.990552,5.576213
1782501579.842947,30.070274,rotate_to_60deg_about_tip,0.001529,10.1445,14.868945,-24.866686,-115.904262,-12.086205,-2.044456,-108.990552,5.571745
1782501579.8529,30.080228,rotate_to_60deg_about_tip,0.001865,10.1345,14.874133,-24.866341,-115.904262,-12.086284,-2.04103,-108.990552,5.567682
1782501579.862948,30.090275,rotate_to_60deg_about_tip,0.001373,10.125,14.878266,-24.867014,-115.904262,-12.086359,-2.038776,-108.990552,5.563822
1782501579.872948,30.100276,rotate_to_60deg_about_tip,0.001696,10.1145,14.883713,-24.866653,-115.904262,-12.086443,-2.03518,-108.990552,5.559555
1782501579.882846,30.110174,rotate_to_60deg_about_tip,0.002002,10.105,14.888641,-24.866326,-115.904262,-12.086518,-2.031928,-108.990552,5.555694
1782501579.892941,30.120269,rotate_to_60deg_about_tip,0.001615,10.0935,14.893812,-24.86693,-115.904262,-12.086609,-2.028991,-108.990552,5.551019
1782501579.902897,30.130225,rotate_to_60deg_about_tip,0.001924,10.083,14.899258,-24.866568,-115.904262,-12.086693,-2.025398,-108.990552,5.54675
1782501579.912983,30.14031,rotate_to_60deg_about_tip,0.002252,10.0725,14.904705,-24.866207,-115.904262,-12.086776,-2.021805,-108.990552,5.54248
1782501579.922959,30.150286,rotate_to_60deg_about_tip,0.001878,10.0615,14.909616,-24.866828,-115.904262,-12.086864,-2.019042,-108.990552,5.538007
1782501579.932947,30.160275,rotate_to_60deg_about_tip,0.002191,10.0505,14.915321,-24.86645,-115.904262,-12.086951,-2.015281,-108.990552,5.533532
1782501579.94295,30.170277,rotate_to_60deg_about_tip,0.0018,10.0455,14.917308,-24.866278,-115.904262,-12.085991,-2.013571,-108.990552,5.532498
1782501579.9529,30.180228,rotate_to_60deg_about_tip,0.001248,10.0355,14.9217,-24.866934,-115.904262,-12.086071,-2.011152,-108.990552,5.52843
1782501579.96295,30.190278,rotate_to_60deg_about_tip,0.001634,10.024,14.927665,-24.866538,-115.904262,-12.086163,-2.007221,-108.990552,5.52375
1782501579.972953,30.200281,rotate_to_60deg_about_tip,0.001162,10.0135,14.930517,-24.867885,-115.904262,-12.084212,-2.005342,-108.990552,5.521512
1782501579.982946,30.210273,rotate_to_60deg_about_tip,0.001359,10.0075,14.935428,-24.86697,-115.904262,-12.086295,-2.002583,-108.990552,5.517034
1782501579.992949,30.220277,rotate_to_60deg_about_tip,0.001659,9.998,14.940355,-24.866643,-115.904262,-12.08637,-1.999338,-108.990552,5.513167
1782501580.002961,30.230288,rotate_to_60deg_about_tip,0.00174,9.986,14.945971,-24.86623,-115.904262,-12.085467,-1.995239,-108.990552,5.509281
1782501580.012953,30.240281,rotate_to_60deg_about_tip,0.001096,9.976,14.950363,-24.866886,-115.904262,-12.085547,-1.992825,-108.990552,5.505209
1782501580.02295,30.250278,rotate_to_60deg_about_tip,0.001466,9.9655,14.955808,-24.866525,-115.904262,-12.085631,-1.98924,-108.990552,5.500933
1782501580.032946,30.260273,rotate_to_60deg_about_tip,0.000857,9.9555,14.9602,-24.867181,-115.904262,-12.085711,-1.986827,-108.990552,5.49686
1782501580.042951,30.270279,rotate_to_60deg_about_tip,0.001066,9.9495,14.963311,-24.866974,-115.904262,-12.085759,-1.984779,-108.990552,5.494415
1782501580.052949,30.280277,rotate_to_60deg_about_tip,0.001434,9.939,14.968756,-24.866613,-115.904262,-12.085844,-1.981197,-108.990552,5.490137
1782501580.062944,30.290272,rotate_to_60deg_about_tip,0.001786,9.929,14.973942,-24.866269,-115.904262,-12.085924,-1.977786,-108.990552,5.486062
1782501580.072954,30.300282,rotate_to_60deg_about_tip,0.001287,9.917,14.979371,-24.866856,-115.904262,-12.08602,-1.974693,-108.990552,5.481172
1782501580.082947,30.310274,rotate_to_60deg_about_tip,0.001662,9.906,14.985075,-24.866478,-115.904262,-12.086109,-1.970942,-108.990552,5.476688
1782501580.092947,30.320275,rotate_to_60deg_about_tip,0.001168,9.896,14.989466,-24.867134,-115.904262,-12.08619,-1.968533,-108.990552,5.472611
1782501580.102952,30.33028,rotate_to_60deg_about_tip,0.001514,9.885,14.99517,-24.866755,-115.904262,-12.086278,-1.964784,-108.990552,5.468126
1782501580.112952,30.34028,rotate_to_60deg_about_tip,0.001843,9.875,15.000355,-24.866411,-115.904262,-12.086359,-1.961377,-108.990552,5.464048
1782501580.122949,30.350277,rotate_to_60deg_about_tip,0.001426,9.864,15.005265,-24.867033,-115.904262,-12.086448,-1.95863,-108.990552,5.459561
1782501580.132948,30.360276,rotate_to_60deg_about_tip,0.00113,9.8585,15.007508,-24.866844,-115.904262,-12.085492,-1.956756,-108.990552,5.458317
1782501580.14295,30.370277,rotate_to_60deg_about_tip,0.001499,9.848,15.012953,-24.866483,-115.904262,-12.085577,-1.953181,-108.990552,5.454034
1782501580.152965,30.380292,rotate_to_60deg_about_tip,0.000894,9.8375,15.017603,-24.867122,-115.904262,-12.085662,-1.950605,-108.990552,5.449749
1782501580.162946,30.390274,rotate_to_60deg_about_tip,0.001246,9.8275,15.022788,-24.866778,-115.904262,-12.085743,-1.947201,-108.990552,5.445668
1782501580.172949,30.400276,rotate_to_60deg_about_tip,0.001634,9.8165,15.028491,-24.8664,-115.904262,-12.085832,-1.943458,-108.990552,5.441179
1782501580.182949,30.410277,rotate_to_60deg_about_tip,0.001111,9.805,15.033659,-24.867004,-115.904262,-12.085926,-1.940545,-108.990552,5.436484
1782501580.192948,30.420276,rotate_to_60deg_about_tip,0.001453,9.795,15.038844,-24.86666,-115.904262,-12.086007,-1.937143,-108.990552,5.432401
1782501580.20295,30.430278,rotate_to_60deg_about_tip,0.001661,9.789,15.041954,-24.866454,-115.904262,-12.086056,-1.935103,-108.990552,5.429951
1782501580.212953,30.440281,rotate_to_60deg_about_tip,0.001196,9.7775,15.047123,-24.867059,-115.904262,-12.086149,-1.932192,-108.990552,5.425255
1782501580.222951,30.450279,rotate_to_60deg_about_tip,0.001535,9.767,15.052566,-24.866698,-115.904262,-12.086234,-1.928622,-108.990552,5.420966
1782501580.23296,30.460288,rotate_to_60deg_about_tip,0.001887,9.7565,15.058009,-24.866337,-115.904262,-12.08632,-1.925053,-108.990552,5.416677
1782501580.242966,30.470293,rotate_to_60deg_about_tip,0.001433,9.746,15.062659,-24.866976,-115.904262,-12.086406,-1.922485,-108.990552,5.412387
1782501580.252958,30.480286,rotate_to_60deg_about_tip,0.001788,9.7345,15.06862,-24.86658,-115.904262,-12.086499,-1.918578,-108.990552,5.407687
1782501580.262949,30.490277,rotate_to_60deg_about_tip,0.000743,9.725,15.072143,-24.867254,-115.904262,-12.085577,-1.916351,-108.990552,5.404805
1782501580.272949,30.500276,rotate_to_60deg_about_tip,0.001148,9.7135,15.078104,-24.866859,-115.904262,-12.085671,-1.912446,-108.990552,5.400104
1782501580.282947,30.510275,rotate_to_60deg_about_tip,0.001343,9.708,15.080954,-24.86667,-115.904262,-12.085716,-1.910578,-108.990552,5.397855
1782501580.292946,30.520273,rotate_to_60deg_about_tip,0.001714,9.6975,15.086397,-24.866309,-115.904262,-12.085802,-1.907014,-108.990552,5.393562
1782501580.302951,30.530278,rotate_to_60deg_about_tip,0.001108,9.688,15.090528,-24.866982,-115.904262,-12.085879,-1.904789,-108.990552,5.389677
1782501580.312964,30.540292,rotate_to_60deg_about_tip,0.001523,9.676,15.096748,-24.86657,-115.904262,-12.085978,-1.900717,-108.990552,5.384769
1782501580.322951,30.550278,rotate_to_60deg_about_tip,0.001027,9.6655,15.101397,-24.867209,-115.904262,-12.086064,-1.898155,-108.990552,5.380474
1782501580.33295,30.560277,rotate_to_60deg_about_tip,0.00138,9.6545,15.107099,-24.866831,-115.904262,-12.086154,-1.894424,-108.990552,5.375974
1782501580.342945,30.570273,rotate_to_60deg_about_tip,0.001748,9.6435,15.1128,-24.866453,-115.904262,-12.086244,-1.890694,-108.990552,5.371473
1782501580.352949,30.580276,rotate_to_60deg_about_tip,0.001299,9.633,15.117449,-24.867092,-115.904262,-12.08633,-1.888135,-108.990552,5.367176
1782501580.362939,30.590267,rotate_to_60deg_about_tip,0.001448,9.628,15.12004,-24.86692,-115.904262,-12.086372,-1.88644,-108.990552,5.36513
1782501580.372947,30.600275,rotate_to_60deg_about_tip,0.001778,9.6175,15.125482,-24.86656,-115.904262,-12.086458,-1.882881,-108.990552,5.360832
1782501580.382949,30.610276,rotate_to_60deg_about_tip,0.001974,9.6115,15.128591,-24.866354,-115.904262,-12.086507,-1.880848,-108.990552,5.358375
1782501580.392948,30.620276,rotate_to_60deg_about_tip,0.001,9.601,15.132631,-24.866993,-115.904262,-12.085594,-1.878291,-108.990552,5.355076
1782501580.402943,30.630271,rotate_to_60deg_about_tip,0.001353,9.591,15.137813,-24.866649,-115.904262,-12.085676,-1.874904,-108.990552,5.350981
1782501580.412947,30.640275,rotate_to_60deg_about_tip,0.001759,9.5795,15.143772,-24.866254,-115.904262,-12.085771,-1.871009,-108.990552,5.346271
1782501580.422945,30.650273,rotate_to_60deg_about_tip,0.001179,9.569,15.148421,-24.866893,-115.904262,-12.085858,-1.868455,-108.990552,5.34197
1782501580.43294,30.660268,rotate_to_60deg_about_tip,0.001527,9.559,15.153603,-24.86655,-115.904262,-12.08594,-1.86507,-108.990552,5.337873
1782501580.442942,30.670269,rotate_to_60deg_about_tip,0.001049,9.5475,15.15877,-24.867155,-115.904262,-12.086035,-1.862178,-108.990552,5.333161
1782501580.452948,30.680275,rotate_to_60deg_about_tip,0.00136,9.538,15.163693,-24.866829,-115.904262,-12.086114,-1.858964,-108.990552,5.329268
1782501580.46295,30.690278,rotate_to_60deg_about_tip,0.001527,9.533,15.166283,-24.866657,-115.904262,-12.086155,-1.857272,-108.990552,5.327219
1782501580.472951,30.700279,rotate_to_60deg_about_tip,0.001127,9.5215,15.17145,-24.867262,-115.904262,-12.086251,-1.854383,-108.990552,5.322505
1782501580.482948,30.710276,rotate_to_60deg_about_tip,0.001439,9.511,15.176891,-24.866901,-115.904262,-12.086338,-1.850832,-108.990552,5.3182
1782501580.492953,30.720281,rotate_to_60deg_about_tip,0.001773,9.5005,15.182331,-24.866541,-115.904262,-12.086425,-1.847282,-108.990552,5.313895
1782501580.502954,30.730281,rotate_to_60deg_about_tip,0.001347,9.4915,15.186203,-24.867232,-115.904262,-12.086499,-1.84524,-108.990552,5.310204
1782501580.512949,30.740277,rotate_to_60deg_about_tip,0.001205,9.4785,15.192327,-24.866785,-115.904262,-12.085607,-1.840847,-108.990552,5.305872
1782501580.522949,30.750276,rotate_to_60deg_about_tip,0.001523,9.4695,15.19699,-24.866476,-115.904262,-12.085682,-1.837807,-108.990552,5.30218
1782501580.532948,30.760276,rotate_to_60deg_about_tip,0.00094,9.459,15.201638,-24.867116,-115.904262,-12.08577,-1.83526,-108.990552,5.297872
1782501580.542947,30.770275,rotate_to_60deg_about_tip,0.001323,9.448,15.207337,-24.866738,-115.904262,-12.085861,-1.831546,-108.990552,5.293359
1782501580.552952,30.78028,rotate_to_60deg_about_tip,0.001639,9.439,15.212,-24.866429,-115.904262,-12.085936,-1.828507,-108.990552,5.289665
1782501580.562951,30.790279,rotate_to_60deg_about_tip,0.001143,9.4275,15.217166,-24.867034,-115.904262,-12.086032,-1.825625,-108.990552,5.284945
1782501580.572953,30.800281,rotate_to_60deg_about_tip,0.001478,9.4175,15.222347,-24.866691,-115.904262,-12.086116,-1.82225,-108.990552,5.28084
1782501580.582948,30.810276,rotate_to_60deg_about_tip,0.001836,9.407,15.227786,-24.866331,-115.904262,-12.086203,-1.818708,-108.990552,5.276529
1782501580.592948,30.820276,rotate_to_60deg_about_tip,0.00122,9.401,15.230103,-24.867125,-115.904262,-12.086253,-1.817684,-108.990552,5.274065
1782501580.602952,30.83028,rotate_to_60deg_about_tip,0.001514,9.3915,15.235024,-24.866799,-115.904262,-12.086333,-1.814479,-108.990552,5.270163
1782501580.612949,30.840277,rotate_to_60deg_about_tip,0.001921,9.379,15.241499,-24.866369,-115.904262,-12.086437,-1.810264,-108.990552,5.265029
1782501580.622951,30.850278,rotate_to_60deg_about_tip,0.0015,9.3685,15.246147,-24.867009,-115.904262,-12.086525,-1.807724,-108.990552,5.260716
1782501580.63295,30.860277,rotate_to_60deg_about_tip,0.001827,9.3575,15.251845,-24.866632,-115.904262,-12.086617,-1.804017,-108.990552,5.256196
1782501580.642948,30.870276,rotate_to_60deg_about_tip,0.001746,9.3465,15.256931,-24.866254,-115.904262,-12.08571,-1.80031,-108.990552,5.252676
1782501580.652898,30.880226,rotate_to_60deg_about_tip,0.001155,9.336,15.261578,-24.866894,-115.904262,-12.085798,-1.797773,-108.990552,5.24836
1782501580.662946,30.890274,rotate_to_60deg_about_tip,0.001331,9.331,15.264168,-24.866722,-115.904262,-12.08584,-1.796089,-108.990552,5.246305
1782501580.672958,30.900286,rotate_to_60deg_about_tip,0.001699,9.3205,15.269607,-24.866362,-115.904262,-12.085928,-1.792552,-108.990552,5.241989
1782501580.682968,30.910296,rotate_to_60deg_about_tip,0.001162,9.31,15.274254,-24.867002,-115.904262,-12.086016,-1.790017,-108.990552,5.237672
1782501580.692948,30.920275,rotate_to_60deg_about_tip,0.001533,9.299,15.279951,-24.866624,-115.904262,-12.086109,-1.786314,-108.990552,5.233148
1782501580.702899,30.930227,rotate_to_60deg_about_tip,0.001893,9.2885,15.285389,-24.866264,-115.904262,-12.086197,-1.78278,-108.990552,5.22883
1782501580.712965,30.940292,rotate_to_60deg_about_tip,0.001435,9.277,15.290555,-24.866869,-115.904262,-12.086294,-1.779911,-108.990552,5.224099
1782501580.722947,30.950274,rotate_to_60deg_about_tip,0.001808,9.2655,15.29651,-24.866475,-115.904262,-12.086391,-1.776042,-108.990552,5.219368
1782501580.732948,30.960276,rotate_to_60deg_about_tip,0.001974,9.2605,15.2991,-24.866303,-115.904262,-12.086434,-1.774361,-108.990552,5.217311
1782501580.742948,30.970275,rotate_to_60deg_about_tip,0.001541,9.25,15.303747,-24.866943,-115.904262,-12.086522,-1.77183,-108.990552,5.21299
1782501580.752918,30.980245,rotate_to_60deg_about_tip,0.001859,9.2395,15.309185,-24.866583,-115.904262,-12.086611,-1.7683,-108.990552,5.208669
1782501580.762881,30.990208,rotate_to_60deg_about_tip,0.001775,9.229,15.314009,-24.866223,-115.904262,-12.0857,-1.76477,-108.990552,5.205347
1782501580.772842,31.000169,rotate_to_60deg_about_tip,0.001006,9.2235,15.316067,-24.867034,-115.904262,-12.085746,-1.763922,-108.990552,5.203082
1782501580.782844,31.010172,rotate_to_60deg_about_tip,0.001357,9.2135,15.321245,-24.866691,-115.904262,-12.085831,-1.760562,-108.990552,5.198965
1782501580.792842,31.02017,rotate_to_60deg_about_tip,0.001796,9.201,15.327718,-24.866262,-115.904262,-12.085937,-1.756363,-108.990552,5.193818
1782501580.80285,31.030178,rotate_to_60deg_about_tip,0.00105,9.1965,15.329258,-24.867108,-115.904262,-12.085975,-1.755851,-108.990552,5.191965
1782501580.812844,31.040171,rotate_to_60deg_about_tip,0.001437,9.185,15.335213,-24.866714,-115.904262,-12.086073,-1.75199,-108.990552,5.187228
1782501580.822844,31.050171,rotate_to_60deg_about_tip,0.001849,9.173,15.341426,-24.866302,-115.904262,-12.086175,-1.747961,-108.990552,5.182285
1782501580.832855,31.060182,rotate_to_60deg_about_tip,0.001344,9.163,15.345814,-24.866959,-115.904262,-12.086259,-1.745604,-108.990552,5.178164
1782501580.842842,31.070169,rotate_to_60deg_about_tip,0.001748,9.1505,15.352286,-24.866531,-115.904262,-12.086366,-1.74141,-108.990552,5.173013
1782501580.852842,31.08017,rotate_to_60deg_about_tip,0.002065,9.141,15.357205,-24.866205,-115.904262,-12.086447,-1.738223,-108.990552,5.169098
1782501580.862951,31.090278,rotate_to_60deg_about_tip,0.001618,9.1305,15.361852,-24.866845,-115.904262,-12.086536,-1.735701,-108.990552,5.16477
1782501580.872957,31.100285,rotate_to_60deg_about_tip,0.001801,9.1245,15.364958,-24.866639,-115.904262,-12.086587,-1.733689,-108.990552,5.162296
1782501580.88295,31.110278,rotate_to_60deg_about_tip,0.002118,9.1145,15.370136,-24.866296,-115.904262,-12.086672,-1.730336,-108.990552,5.158173
1782501580.892947,31.120275,rotate_to_60deg_about_tip,0.001138,9.103,15.374686,-24.866902,-115.904262,-12.085771,-1.727481,-108.990552,5.154431
1782501580.902981,31.130308,rotate_to_60deg_about_tip,0.001454,9.094,15.379345,-24.866593,-115.904262,-12.085847,-1.724464,-108.990552,5.150719
1782501580.912949,31.140277,rotate_to_60deg_about_tip,0.001894,9.0815,15.385817,-24.866165,-115.904262,-12.085954,-1.720276,-108.990552,5.145563
1782501580.922946,31.150274,rotate_to_60deg_about_tip,0.001343,9.071,15.390463,-24.866805,-115.904262,-12.086044,-1.717759,-108.990552,5.141232
1782501580.932946,31.160274,rotate_to_60deg_about_tip,0.001703,9.0605,15.395898,-24.866445,-115.904262,-12.086134,-1.714242,-108.990552,5.136899
1782501580.942947,31.170275,rotate_to_60deg_about_tip,0.002101,9.049,15.401852,-24.866051,-115.904262,-12.086232,-1.710391,-108.990552,5.132153
1782501580.952952,31.180279,rotate_to_60deg_about_tip,0.001527,9.0405,15.405462,-24.86676,-115.904262,-12.086305,-1.708546,-108.990552,5.128645
1782501580.962947,31.190274,rotate_to_60deg_about_tip,0.001723,9.0345,15.408568,-24.866554,-115.904262,-12.086357,-1.706538,-108.990552,5.126168
1782501580.972949,31.200277,rotate_to_60deg_about_tip,0.002091,9.0235,15.414262,-24.866177,-115.904262,-12.086451,-1.702857,-108.990552,5.121627
1782501580.982948,31.210275,rotate_to_60deg_about_tip,0.001656,9.0125,15.419167,-24.8668,-115.904262,-12.086546,-1.700176,-108.990552,5.117085
1782501580.992951,31.220278,rotate_to_60deg_about_tip,0.00155,9.002,15.423988,-24.86644,-115.904262,-12.085636,-1.696664,-108.990552,5.113749
1782501581.002951,31.230278,rotate_to_60deg_about_tip,0.000973,8.991,15.428892,-24.867063,-115.904262,-12.08573,-1.693986,-108.990552,5.109206
1782501581.012949,31.240277,rotate_to_60deg_about_tip,0.001377,8.9795,15.434844,-24.866669,-115.904262,-12.085829,-1.690141,-108.990552,5.104456
1782501581.02295,31.250278,rotate_to_60deg_about_tip,0.001588,8.9735,15.43795,-24.866464,-115.904262,-12.085881,-1.688135,-108.990552,5.101977
1782501581.032963,31.260291,rotate_to_60deg_about_tip,0.001993,8.962,15.443902,-24.86607,-115.904262,-12.08598,-1.684292,-108.990552,5.097225
1782501581.042946,31.270274,rotate_to_60deg_about_tip,0.001439,8.9515,15.448547,-24.86671,-115.904262,-12.086071,-1.681783,-108.990552,5.092886
1782501581.052948,31.280276,rotate_to_60deg_about_tip,0.001783,8.9415,15.453723,-24.866367,-115.904262,-12.086157,-1.678443,-108.990552,5.088753
1782501581.062945,31.290273,rotate_to_60deg_about_tip,0.001315,8.9305,15.458627,-24.86699,-115.904262,-12.086252,-1.675769,-108.990552,5.084206
1782501581.072948,31.300275,rotate_to_60deg_about_tip,0.001636,8.9205,15.463802,-24.866648,-115.904262,-12.086338,-1.67243,-108.990552,5.080072
1782501581.082945,31.310273,rotate_to_60deg_about_tip,0.002035,8.9085,15.470012,-24.866237,-115.904262,-12.086442,-1.668424,-108.990552,5.07511
1782501581.092948,31.320276,rotate_to_60deg_about_tip,0.001578,8.8985,15.474399,-24.866894,-115.904262,-12.086529,-1.666087,-108.990552,5.070974
1782501581.102947,31.330275,rotate_to_60deg_about_tip,0.001745,8.893,15.477245,-24.866706,-115.904262,-12.086576,-1.664252,-108.990552,5.068699
1782501581.112948,31.340275,rotate_to_60deg_about_tip,0.001718,8.8805,15.483099,-24.866278,-115.904262,-12.085685,-1.660081,-108.990552,5.064529
1782501581.12295,31.350277,rotate_to_60deg_about_tip,0.001089,8.871,15.487226,-24.866952,-115.904262,-12.085767,-1.657913,-108.990552,5.060598
1782501581.132951,31.360279,rotate_to_60deg_about_tip,0.001564,8.8575,15.494212,-24.86649,-115.904262,-12.085884,-1.653411,-108.990552,5.055012
1782501581.142957,31.370285,rotate_to_60deg_about_tip,0.001916,8.8475,15.499386,-24.866148,-115.904262,-12.085971,-1.650077,-108.990552,5.050874
1782501581.152955,31.380283,rotate_to_60deg_about_tip,0.001367,8.837,15.504031,-24.866788,-115.904262,-12.086062,-1.647578,-108.990552,5.046527
1782501581.16296,31.390287,rotate_to_60deg_about_tip,0.00152,8.8325,15.50636,-24.866634,-115.904262,-12.086102,-1.646078,-108.990552,5.044665
1782501581.172947,31.400275,rotate_to_60deg_about_tip,0.001726,8.8265,15.509464,-24.866429,-115.904262,-12.086154,-1.644079,-108.990552,5.042181
1782501581.182946,31.410274,rotate_to_60deg_about_tip,0.002038,8.8175,15.514121,-24.86612,-115.904262,-12.086232,-1.64108,-108.990552,5.038454
1782501581.192947,31.420274,rotate_to_60deg_about_tip,0.001553,8.8065,15.519025,-24.866744,-115.904262,-12.086328,-1.638416,-108.990552,5.033899
1782501581.202947,31.430275,rotate_to_60deg_about_tip,0.001915,8.7955,15.524716,-24.866367,-115.904262,-12.086424,-1.634753,-108.990552,5.029344
1782501581.212953,31.440281,rotate_to_60deg_about_tip,0.002252,8.7855,15.52989,-24.866025,-115.904262,-12.086511,-1.631424,-108.990552,5.025201
1782501581.222947,31.450274,rotate_to_60deg_about_tip,0.001322,8.775,15.533918,-24.866665,-115.904262,-12.085603,-1.628929,-108.990552,5.021852
1782501581.232946,31.460273,rotate_to_60deg_about_tip,0.001728,8.7635,15.539868,-24.866272,-115.904262,-12.085703,-1.625102,-108.990552,5.017087
1782501581.242946,31.470273,rotate_to_60deg_about_tip,0.002081,8.7535,15.545041,-24.865929,-115.904262,-12.085791,-1.621775,-108.990552,5.012943
1782501581.252949,31.480277,rotate_to_60deg_about_tip,0.001523,8.742,15.550203,-24.866536,-115.904262,-12.085891,-1.61895,-108.990552,5.008176
1782501581.262948,31.490276,rotate_to_60deg_about_tip,0.001875,8.732,15.555376,-24.866194,-115.904262,-12.085979,-1.615625,-108.990552,5.004031
1782501581.272948,31.500276,rotate_to_60deg_about_tip,0.001332,8.7215,15.560021,-24.866834,-115.904262,-12.086071,-1.613134,-108.990552,4.999678
1782501581.282947,31.510274,rotate_to_60deg_about_tip,0.001501,8.7165,15.562607,-24.866663,-115.904262,-12.086115,-1.611472,-108.990552,4.997605
1782501581.292949,31.520277,rotate_to_60deg_about_tip,0.001896,8.705,15.568556,-24.866269,-115.904262,-12.086215,-1.60765,-108.990552,4.992836
1782501581.302947,31.530274,rotate_to_60deg_about_tip,0.00146,8.693,15.573976,-24.866859,-115.904262,-12.086321,-1.604663,-108.990552,4.987859
1782501581.312946,31.540274,rotate_to_60deg_about_tip,0.001817,8.682,15.579666,-24.866482,-115.904262,-12.086417,-1.601009,-108.990552,4.983296
1782501581.322947,31.550275,rotate_to_60deg_about_tip,0.002151,8.672,15.584839,-24.86614,-115.904262,-12.086505,-1.597688,-108.990552,4.979147
1782501581.332946,31.560273,rotate_to_60deg_about_tip,0.002041,8.666,15.587326,-24.865935,-115.904262,-12.085558,-1.595695,-108.990552,4.977658
1782501581.342956,31.570284,rotate_to_60deg_about_tip,0.001419,8.6555,15.591969,-24.866576,-115.904262,-12.085651,-1.59321,-108.990552,4.9733
1782501581.352952,31.580279,rotate_to_60deg_about_tip,0.001772,8.6455,15.597142,-24.866234,-115.904262,-12.085739,-1.58989,-108.990552,4.96915
1782501581.362949,31.590276,rotate_to_60deg_about_tip,0.001221,8.634,15.602303,-24.86684,-115.904262,-12.08584,-1.587074,-108.990552,4.964376
1782501581.372947,31.600275,rotate_to_60deg_about_tip,0.001606,8.623,15.607992,-24.866464,-115.904262,-12.085937,-1.583425,-108.990552,4.95981
1782501581.382949,31.610276,rotate_to_60deg_about_tip,0.001941,8.6135,15.612905,-24.866139,-115.904262,-12.086021,-1.580274,-108.990552,4.955865
1782501581.39295,31.620277,rotate_to_60deg_about_tip,0.001401,8.603,15.617549,-24.86678,-115.904262,-12.086114,-1.577792,-108.990552,4.951505
1782501581.402948,31.630275,rotate_to_60deg_about_tip,0.001758,8.5925,15.622979,-24.86642,-115.904262,-12.086206,-1.574311,-108.990552,4.947144
1782501581.412946,31.640274,rotate_to_60deg_about_tip,0.002137,8.5815,15.628668,-24.866044,-115.904262,-12.086304,-1.570665,-108.990552,4.942574
1782501581.422948,31.650276,rotate_to_60deg_about_tip,0.002311,8.5765,15.631254,-24.865873,-115.904262,-12.086348,-1.569008,-108.990552,4.940497
1782501581.432961,31.660288,rotate_to_60deg_about_tip,0.00187,8.564,15.636932,-24.866446,-115.904262,-12.086459,-1.565866,-108.990552,4.935304
1782501581.442948,31.670275,rotate_to_60deg_about_tip,0.002221,8.5535,15.642361,-24.866087,-115.904262,-12.086552,-1.562388,-108.990552,4.93094
1782501581.452962,31.68029,rotate_to_60deg_about_tip,0.00127,8.543,15.646387,-24.866728,-115.904262,-12.085645,-1.559911,-108.990552,4.927576
1782501581.462947,31.690274,rotate_to_60deg_about_tip,0.001587,8.534,15.651041,-24.86642,-115.904262,-12.085725,-1.556931,-108.990552,4.923835
1782501581.472947,31.700275,rotate_to_60deg_about_tip,0.001941,8.524,15.656212,-24.866078,-115.904262,-12.085813,-1.553621,-108.990552,4.919678
1782501581.482947,31.710274,rotate_to_60deg_about_tip,0.001428,8.5115,15.661889,-24.86665,-115.904262,-12.085924,-1.550484,-108.990552,4.91448
1782501581.49295,31.720277,rotate_to_60deg_about_tip,0.001744,8.5025,15.666543,-24.866343,-115.904262,-12.086004,-1.547506,-108.990552,4.910738
1782501581.502947,31.730275,rotate_to_60deg_about_tip,0.001223,8.492,15.671186,-24.866984,-115.904262,-12.086098,-1.545033,-108.990552,4.90637
1782501581.512947,31.740274,rotate_to_60deg_about_tip,0.00159,8.481,15.676874,-24.866608,-115.904262,-12.086196,-1.541395,-108.990552,4.901795
1782501581.522953,31.750281,rotate_to_60deg_about_tip,0.001931,8.471,15.682044,-24.866266,-115.904262,-12.086285,-1.538088,-108.990552,4.897634
1782501581.532951,31.760279,rotate_to_60deg_about_tip,0.001494,8.4595,15.687204,-24.866873,-115.904262,-12.086388,-1.535287,-108.990552,4.892849
1782501581.542948,31.770276,rotate_to_60deg_about_tip,0.001652,8.4545,15.689789,-24.866702,-115.904262,-12.086432,-1.533634,-108.990552,4.890768
1782501581.552947,31.780274,rotate_to_60deg_about_tip,0.002026,8.443,15.695735,-24.866309,-115.904262,-12.086535,-1.529834,-108.990552,4.885982
1782501581.562975,31.790303,rotate_to_60deg_about_tip,0.002361,8.433,15.700905,-24.865967,-115.904262,-12.086624,-1.52653,-108.990552,4.88182
1782501581.572948,31.800276,rotate_to_60deg_about_tip,0.001759,8.4225,15.702344,-24.868259,-115.904262,-12.083636,-1.525714,-108.990552,4.88053
1782501581.58296,31.810288,rotate_to_60deg_about_tip,0.00158,8.4175,15.707514,-24.866437,-115.904262,-12.085763,-1.522411,-108.990552,4.876366
1782501581.592948,31.820276,rotate_to_60deg_about_tip,0.001951,8.407,15.712942,-24.866078,-115.904262,-12.085857,-1.518944,-108.990552,4.871994
1782501581.602897,31.830224,rotate_to_60deg_about_tip,0.001376,8.3965,15.717585,-24.866719,-115.904262,-12.085951,-1.516478,-108.990552,4.867621
1782501581.612948,31.840276,rotate_to_60deg_about_tip,0.001777,8.385,15.72353,-24.866326,-115.904262,-12.086054,-1.512683,-108.990552,4.862831
1782501581.622948,31.850276,rotate_to_60deg_about_tip,0.002163,8.374,15.729216,-24.86595,-115.904262,-12.086152,-1.509053,-108.990552,4.858249
1782501581.632947,31.860275,rotate_to_60deg_about_tip,0.001648,8.363,15.734117,-24.866575,-115.904262,-12.086251,-1.506425,-108.990552,4.853665
1782501581.642947,31.870275,rotate_to_60deg_about_tip,0.001834,8.3575,15.73696,-24.866387,-115.904262,-12.086301,-1.504611,-108.990552,4.851373
1782501581.6529,31.880227,rotate_to_60deg_about_tip,0.002228,8.346,15.742904,-24.865994,-115.904262,-12.086404,-1.500819,-108.990552,4.846581
1782501581.662945,31.890272,rotate_to_60deg_about_tip,0.001713,8.3365,15.747029,-24.866669,-115.904262,-12.086489,-1.498687,-108.990552,4.842621
1782501581.672948,31.900276,rotate_to_60deg_about_tip,0.00207,8.3255,15.752715,-24.866293,-115.904262,-12.086588,-1.495061,-108.990552,4.838035
1782501581.682949,31.910277,rotate_to_60deg_about_tip,0.002436,8.3145,15.758401,-24.865918,-115.904262,-12.086687,-1.491437,-108.990552,4.833449
1782501581.692944,31.920272,rotate_to_60deg_about_tip,0.001485,8.3035,15.762682,-24.866542,-115.904262,-12.085786,-1.488813,-108.990552,4.829862
1782501581.702899,31.930226,rotate_to_60deg_about_tip,0.001838,8.2935,15.767851,-24.8662,-115.904262,-12.085877,-1.485519,-108.990552,4.825691
1782501581.712951,31.940279,rotate_to_60deg_about_tip,0.001293,8.2825,15.772751,-24.866824,-115.904262,-12.085976,-1.482897,-108.990552,4.821103
1782501581.722947,31.950275,rotate_to_60deg_about_tip,0.0015,8.2765,15.775852,-24.86662,-115.904262,-12.08603,-1.480922,-108.990552,4.8186
1782501581.732945,31.960273,rotate_to_60deg_about_tip,0.001883,8.2655,15.781537,-24.866244,-115.904262,-12.086129,-1.477301,-108.990552,4.814011
1782501581.742948,31.970276,rotate_to_60deg_about_tip,0.001411,8.254,15.786695,-24.866851,-115.904262,-12.086233,-1.474517,-108.990552,4.809212
1782501581.752898,31.980226,rotate_to_60deg_about_tip,0.001775,8.243,15.79238,-24.866475,-115.904262,-12.086333,-1.470898,-108.990552,4.804621
1782501581.762949,31.990277,rotate_to_60deg_about_tip,0.002097,8.2335,15.79729,-24.866151,-115.904262,-12.086419,-1.467773,-108.990552,4.800656
1782501581.772948,32.000275,rotate_to_60deg_about_tip,0.001655,8.2225,15.802189,-24.866775,-115.904262,-12.086519,-1.465156,-108.990552,4.796064
1782501581.782946,32.010274,rotate_to_60deg_about_tip,0.001859,8.216,15.805548,-24.866553,-115.904262,-12.086577,-1.463019,-108.990552,4.79335
1782501581.792949,32.020277,rotate_to_60deg_about_tip,0.002166,8.2065,15.810458,-24.866229,-115.904262,-12.086664,-1.459896,-108.990552,4.789383
1782501581.802899,32.030226,rotate_to_60deg_about_tip,0.001216,8.1945,15.815254,-24.866819,-115.904262,-12.085772,-1.456952,-108.990552,4.785371
1782501581.812952,32.04028,rotate_to_60deg_about_tip,0.001622,8.183,15.821197,-24.866427,-115.904262,-12.085877,-1.453174,-108.990552,4.780568
1782501581.822949,32.050276,rotate_to_60deg_about_tip,0.002027,8.1715,15.827139,-24.866034,-115.904262,-12.085981,-1.449396,-108.990552,4.775764
1782501581.832946,32.060273,rotate_to_60deg_about_tip,0.001318,8.1655,15.829455,-24.866829,-115.904262,-12.086036,-1.448426,-108.990552,4.773257
1782501581.842846,32.070174,rotate_to_60deg_about_tip,0.001661,8.1555,15.834622,-24.866488,-115.904262,-12.086127,-1.445142,-108.990552,4.769078
1782501581.852844,32.080171,rotate_to_60deg_about_tip,0.002026,8.145,15.840047,-24.866129,-115.904262,-12.086223,-1.441695,-108.990552,4.76469
1782501581.862944,32.090272,rotate_to_60deg_about_tip,0.00151,8.135,15.844429,-24.866788,-115.904262,-12.086314,-1.439413,-108.990552,4.760511
1782501581.872944,32.100272,rotate_to_60deg_about_tip,0.001855,8.1245,15.849855,-24.86643,-115.904262,-12.086409,-1.435968,-108.990552,4.756121
1782501581.882946,32.110274,rotate_to_60deg_about_tip,0.002226,8.1135,15.855538,-24.866054,-115.904262,-12.08651,-1.43236,-108.990552,4.751522
1782501581.892949,32.120276,rotate_to_60deg_about_tip,0.001741,8.104,15.859662,-24.86673,-115.904262,-12.086597,-1.430244,-108.990552,4.74755
1782501581.902967,32.130294,rotate_to_60deg_about_tip,0.002088,8.093,15.865345,-24.866355,-115.904262,-12.086697,-1.426637,-108.990552,4.74295
1782501581.912949,32.140276,rotate_to_60deg_about_tip,0.002033,8.082,15.870407,-24.865979,-115.904262,-12.085798,-1.423031,-108.990552,4.739349
1782501581.922948,32.150276,rotate_to_60deg_about_tip,0.001427,8.072,15.874789,-24.866638,-115.904262,-12.085889,-1.420753,-108.990552,4.735165
1782501581.932948,32.160275,rotate_to_60deg_about_tip,0.001813,8.061,15.880472,-24.866263,-115.904262,-12.08599,-1.417149,-108.990552,4.730563
1782501581.942949,32.170276,rotate_to_60deg_about_tip,0.002166,8.051,15.885638,-24.865921,-115.904262,-12.086081,-1.413873,-108.990552,4.726379
1782501581.95295,32.180278,rotate_to_60deg_about_tip,0.001449,8.0455,15.887695,-24.866734,-115.904262,-12.086132,-1.413072,-108.990552,4.724077
1782501581.962981,32.190309,rotate_to_60deg_about_tip,0.001825,8.0345,15.893378,-24.866358,-115.904262,-12.086233,-1.40947,-108.990552,4.719473
1782501581.973047,32.200374,rotate_to_60deg_about_tip,0.002188,8.024,15.898801,-24.866,-115.904262,-12.086329,-1.406032,-108.990552,4.715077
1782501581.982949,32.210276,rotate_to_60deg_about_tip,0.001075,8.013,15.901117,-24.868261,-115.904262,-12.084337,-1.405068,-108.990552,4.712566
1782501581.992961,32.220289,rotate_to_60deg_about_tip,0.000611,8.0035,15.906799,-24.867446,-115.904262,-12.085052,-1.401468,-108.990552,4.70796
1782501582.002949,32.230277,rotate_to_60deg_about_tip,0.00224,7.997,15.911964,-24.866079,-115.904262,-12.086577,-1.398196,-108.990552,4.703772
1782501582.012949,32.240277,rotate_to_60deg_about_tip,0.002597,7.9865,15.917388,-24.865721,-115.904262,-12.086674,-1.394761,-108.990552,4.699375
1782501582.022949,32.250277,rotate_to_60deg_about_tip,0.001987,7.9805,15.919704,-24.866516,-115.904262,-12.086729,-1.393799,-108.990552,4.696861
1782501582.032948,32.260276,rotate_to_60deg_about_tip,0.001901,7.969,15.925022,-24.866124,-115.904262,-12.085835,-1.390038,-108.990552,4.693044
1782501582.042948,32.270276,rotate_to_60deg_about_tip,0.002307,7.9575,15.930962,-24.865732,-115.904262,-12.085941,-1.386279,-108.990552,4.688226
1782501582.052952,32.280279,rotate_to_60deg_about_tip,0.001762,7.946,15.936118,-24.86634,-115.904262,-12.086047,-1.38352,-108.990552,4.683407
1782501582.062957,32.290285,rotate_to_60deg_about_tip,0.002131,7.9355,15.941541,-24.865982,-115.904262,-12.086144,-1.38009,-108.990552,4.679006
1782501582.072948,32.300276,rotate_to_60deg_about_tip,0.001617,7.9245,15.946438,-24.866607,-115.904262,-12.086245,-1.377496,-108.990552,4.674395
1782501582.082957,32.310284,rotate_to_60deg_about_tip,0.001957,7.9145,15.951603,-24.866266,-115.904262,-12.086338,-1.37423,-108.990552,4.670203
1782501582.092945,32.320272,rotate_to_60deg_about_tip,0.002301,7.9045,15.956767,-24.865925,-115.904262,-12.08643,-1.370965,-108.990552,4.66601
1782501582.102948,32.330276,rotate_to_60deg_about_tip,0.001657,7.899,15.958824,-24.866737,-115.904262,-12.086481,-1.37017,-108.990552,4.663704
1782501582.112947,32.340274,rotate_to_60deg_about_tip,0.002028,7.8875,15.964763,-24.866345,-115.904262,-12.086588,-1.366416,-108.990552,4.658881
1782501582.12295,32.350277,rotate_to_60deg_about_tip,0.002377,7.877,15.970186,-24.865987,-115.904262,-12.086685,-1.36299,-108.990552,4.654477
1782501582.132948,32.360275,rotate_to_60deg_about_tip,0.00196,7.866,15.975083,-24.866612,-115.904262,-12.086787,-1.360401,-108.990552,4.649862
1782501582.142963,32.37029,rotate_to_60deg_about_tip,0.001824,7.8545,15.980399,-24.86622,-115.904262,-12.085894,-1.35665,-108.990552,4.646037
1782501582.152948,32.380276,rotate_to_60deg_about_tip,0.001284,7.8435,15.985296,-24.866845,-115.904262,-12.085996,-1.354063,-108.990552,4.641421
1782501582.162947,32.390275,rotate_to_60deg_about_tip,0.001439,7.839,15.98762,-24.866692,-115.904262,-12.086038,-1.352596,-108.990552,4.639533
1782501582.172946,32.400274,rotate_to_60deg_about_tip,0.001838,7.8275,15.993558,-24.8663,-115.904262,-12.086145,-1.348848,-108.990552,4.634706
1782501582.182951,32.410279,rotate_to_60deg_about_tip,0.001362,7.8165,15.998455,-24.866925,-115.904262,-12.086247,-1.346263,-108.990552,4.630088
1782501582.192947,32.420275,rotate_to_60deg_about_tip,0.001689,7.8065,16.003618,-24.866584,-115.904262,-12.08634,-1.343005,-108.990552,4.62589
1782501582.202952,32.430279,rotate_to_60deg_about_tip,0.002093,7.7945,16.009814,-24.866175,-115.904262,-12.086452,-1.339097,-108.990552,4.620851
1782501582.212953,32.44028,rotate_to_60deg_about_tip,0.002298,7.7885,16.012912,-24.865971,-115.904262,-12.086508,-1.337143,-108.990552,4.618331
1782501582.222943,32.45027,rotate_to_60deg_about_tip,0.001864,7.777,16.018067,-24.866579,-115.904262,-12.086615,-1.334398,-108.990552,4.613501
1782501582.232974,32.460301,rotate_to_60deg_about_tip,0.002219,7.766,16.023746,-24.866204,-115.904262,-12.086717,-1.330818,-108.990552,4.60888
1782501582.242947,32.470275,rotate_to_60deg_about_tip,0.001871,7.754,16.029159,-24.866795,-115.904262,-12.08683,-1.327913,-108.990552,4.603838
1782501582.252961,32.480289,rotate_to_60deg_about_tip,0.001646,7.743,16.034215,-24.86642,-115.904262,-12.085932,-1.324334,-108.990552,4.600216
1782501582.262946,32.490274,rotate_to_60deg_about_tip,0.001804,7.7385,16.036538,-24.866267,-115.904262,-12.085974,-1.32287,-108.990552,4.598325
1782501582.272914,32.500242,rotate_to_60deg_about_tip,0.002227,7.7265,16.042733,-24.865858,-115.904262,-12.086087,-1.318968,-108.990552,4.593282
1782501582.282947,32.510274,rotate_to_60deg_about_tip,0.00166,7.7165,16.047113,-24.866517,-115.904262,-12.08618,-1.316716,-108.990552,4.589078
1782501582.292948,32.520276,rotate_to_60deg_about_tip,0.002023,7.706,16.052533,-24.86616,-115.904262,-12.086279,-1.313303,-108.990552,4.584664
1782501582.302947,32.530274,rotate_to_60deg_about_tip,0.001571,7.6945,16.057688,-24.866768,-115.904262,-12.086386,-1.310566,-108.990552,4.579828
1782501582.312963,32.54029,rotate_to_60deg_about_tip,0.001898,7.6845,16.06285,-24.866427,-115.904262,-12.08648,-1.307317,-108.990552,4.575623
1782501582.32295,32.550277,rotate_to_60deg_about_tip,0.002266,7.6735,16.068528,-24.866053,-115.904262,-12.086583,-1.303743,-108.990552,4.570996
1782501582.332951,32.560278,rotate_to_60deg_about_tip,0.001857,7.662,16.073682,-24.866661,-115.904262,-12.086691,-1.301009,-108.990552,4.566159
1782501582.342952,32.57028,rotate_to_60deg_about_tip,0.002139,7.653,16.078327,-24.866355,-115.904262,-12.086776,-1.298087,-108.990552,4.562372
1782501582.352948,32.580276,rotate_to_60deg_about_tip,0.002051,7.642,16.083381,-24.86598,-115.904262,-12.085879,-1.294516,-108.990552,4.558744
1782501582.362949,32.590277,rotate_to_60deg_about_tip,0.00221,7.6375,16.085704,-24.865827,-115.904262,-12.085922,-1.293056,-108.990552,4.55685
1782501582.372948,32.600276,rotate_to_60deg_about_tip,0.00172,7.6245,16.091632,-24.866384,-115.904262,-12.086044,-1.289838,-108.990552,4.551379
1782501582.382947,32.610275,rotate_to_60deg_about_tip,0.001754,7.614,16.093955,-24.867973,-115.904262,-12.083617,-1.288378,-108.990552,4.549484
1782501582.392948,32.620276,rotate_to_60deg_about_tip,0.002282,7.6085,16.09989,-24.865839,-115.904262,-12.086195,-1.284648,-108.990552,4.544643
1782501582.402945,32.630272,rotate_to_60deg_about_tip,0.001766,7.5975,16.104785,-24.866465,-115.904262,-12.086299,-1.282081,-108.990552,4.540012
1782501582.41295,32.640277,rotate_to_60deg_about_tip,0.002107,7.5875,16.109946,-24.866124,-115.904262,-12.086393,-1.278839,-108.990552,4.535801
1782501582.422947,32.650275,rotate_to_60deg_about_tip,0.001627,7.5775,16.114326,-24.866784,-115.904262,-12.086487,-1.276598,-108.990552,4.53159
1782501582.43295,32.660277,rotate_to_60deg_about_tip,0.001785,7.5725,16.116906,-24.866614,-115.904262,-12.086535,-1.274977,-108.990552,4.529484
1782501582.442948,32.670276,rotate_to_60deg_about_tip,0.00216,7.561,16.122841,-24.866222,-115.904262,-12.086643,-1.271251,-108.990552,4.52464
1782501582.452948,32.680276,rotate_to_60deg_about_tip,0.002494,7.551,16.128001,-24.865882,-115.904262,-12.086738,-1.268012,-108.990552,4.520427
1782501582.462949,32.690277,rotate_to_60deg_about_tip,0.002073,7.54,16.132896,-24.866507,-115.904262,-12.086842,-1.26545,-108.990552,4.515792
1782501582.472946,32.700273,rotate_to_60deg_about_tip,0.00194,7.5285,16.138206,-24.866116,-115.904262,-12.085951,-1.261726,-108.990552,4.511945
1782501582.482947,32.710275,rotate_to_60deg_about_tip,0.002311,7.518,16.143624,-24.865759,-115.904262,-12.086051,-1.258328,-108.990552,4.50752
1782501582.492947,32.720274,rotate_to_60deg_about_tip,0.001593,7.512,16.145939,-24.866554,-115.904262,-12.086107,-1.257386,-108.990552,4.504991
1782501582.502948,32.730275,rotate_to_60deg_about_tip,0.001993,7.5005,16.151873,-24.866163,-115.904262,-12.086217,-1.253665,-108.990552,4.500143
1782501582.51295,32.740278,rotate_to_60deg_about_tip,0.002342,7.4905,16.157033,-24.865823,-115.904262,-12.086312,-1.25043,-108.990552,4.495926
1782501582.522945,32.750273,rotate_to_60deg_about_tip,0.00181,7.4805,16.161412,-24.866482,-115.904262,-12.086407,-1.248196,-108.990552,4.491709
1782501582.532951,32.760279,rotate_to_60deg_about_tip,0.002215,7.4685,16.167603,-24.866074,-115.904262,-12.086521,-1.244316,-108.990552,4.486648
1782501582.542968,32.770295,rotate_to_60deg_about_tip,0.00254,7.459,16.172505,-24.865751,-115.904262,-12.086611,-1.241245,-108.990552,4.482641
1782501582.552949,32.780277,rotate_to_60deg_about_tip,0.00161,7.4485,16.176516,-24.866394,-115.904262,-12.085711,-1.238852,-108.990552,4.479211
1782501582.562947,32.790275,rotate_to_60deg_about_tip,0.001945,7.439,16.181418,-24.866071,-115.904262,-12.085801,-1.235783,-108.990552,4.475203
1782501582.572946,32.800274,rotate_to_60deg_about_tip,0.001379,7.428,16.186312,-24.866696,-115.904262,-12.085906,-1.233229,-108.990552,4.470561
1782501582.582947,32.810275,rotate_to_60deg_about_tip,0.001765,7.417,16.191987,-24.866322,-115.904262,-12.086011,-1.229677,-108.990552,4.465919
1782501582.592946,32.820274,rotate_to_60deg_about_tip,0.002117,7.407,16.197146,-24.865982,-115.904262,-12.086107,-1.226448,-108.990552,4.461698
1782501582.602949,32.830277,rotate_to_60deg_about_tip,0.001429,7.401,16.199461,-24.866778,-115.904262,-12.086164,-1.225512,-108.990552,4.459165
1782501582.612945,32.840273,rotate_to_60deg_about_tip,0.00182,7.3895,16.205393,-24.866387,-115.904262,-12.086274,-1.2218,-108.990552,4.454309
1782501582.622949,32.850276,rotate_to_60deg_about_tip,0.002199,7.3785,16.211067,-24.866013,-115.904262,-12.086379,-1.218251,-108.990552,4.449665
1782501582.63295,32.860277,rotate_to_60deg_about_tip,0.00175,7.367,16.216219,-24.866622,-115.904262,-12.086489,-1.215541,-108.990552,4.444808
1782501582.64295,32.870278,rotate_to_60deg_about_tip,0.001717,7.3565,16.22101,-24.866264,-115.904262,-12.08559,-1.212155,-108.990552,4.441373
1782501582.65295,32.880278,rotate_to_60deg_about_tip,0.001089,7.3465,16.225388,-24.866924,-115.904262,-12.085685,-1.209931,-108.990552,4.437148
1782501582.662948,32.890275,rotate_to_60deg_about_tip,0.00146,7.336,16.230804,-24.866567,-115.904262,-12.085786,-1.206546,-108.990552,4.432712
1782501582.672961,32.900289,rotate_to_60deg_about_tip,0.001672,7.33,16.233899,-24.866363,-115.904262,-12.085844,-1.204612,-108.990552,4.430177
1782501582.682947,32.910275,rotate_to_60deg_about_tip,0.001153,7.3185,16.23905,-24.866972,-115.904262,-12.085954,-1.201907,-108.990552,4.425317
1782501582.692974,32.920301,rotate_to_60deg_about_tip,0.001515,7.308,16.244466,-24.866615,-115.904262,-12.086055,-1.198525,-108.990552,4.420879
1782501582.702947,32.930275,rotate_to_60deg_about_tip,0.001915,7.2965,16.250397,-24.866224,-115.904262,-12.086165,-1.194821,-108.990552,4.416017
1782501582.712946,32.940274,rotate_to_60deg_about_tip,0.001434,7.2855,16.255291,-24.86685,-115.904262,-12.086271,-1.192279,-108.990552,4.411367
1782501582.722946,32.950274,rotate_to_60deg_about_tip,0.001615,7.28,16.258127,-24.866663,-115.904262,-12.086324,-1.190509,-108.990552,4.409041
1782501582.732964,32.960291,rotate_to_60deg_about_tip,0.002018,7.268,16.264316,-24.866256,-115.904262,-12.086439,-1.186646,-108.990552,4.403967
1782501582.742951,32.970279,rotate_to_60deg_about_tip,0.001584,7.2575,16.268952,-24.866899,-115.904262,-12.086541,-1.184268,-108.990552,4.399526
1782501582.752949,32.980277,rotate_to_60deg_about_tip,0.001416,7.248,16.273225,-24.866576,-115.904262,-12.085632,-1.181212,-108.990552,4.396507
1782501582.762949,32.990276,rotate_to_60deg_about_tip,0.001786,7.2375,16.278639,-24.866219,-115.904262,-12.085733,-1.177835,-108.990552,4.392065
1782501582.772953,33.000281,rotate_to_60deg_about_tip,0.001269,7.225,16.284306,-24.866794,-115.904262,-12.085854,-1.174816,-108.990552,4.386776
1782501582.78297,33.010298,rotate_to_60deg_about_tip,0.001444,7.22,16.286884,-24.866624,-115.904262,-12.085902,-1.173208,-108.990552,4.38466
1782501582.792961,33.020289,rotate_to_60deg_about_tip,0.001655,7.214,16.289978,-24.86642,-115.904262,-12.08596,-1.17128,-108.990552,4.382121
1782501582.802956,33.030284,rotate_to_60deg_about_tip,0.001187,7.202,16.295387,-24.867012,-115.904262,-12.086076,-1.168424,-108.990552,4.377042
1782501582.812946,33.040273,rotate_to_60deg_about_tip,0.001557,7.191,16.301059,-24.866639,-115.904262,-12.086183,-1.16489,-108.990552,4.372385
1782501582.822943,33.050271,rotate_to_60deg_about_tip,0.001951,7.1795,16.306989,-24.866248,-115.904262,-12.086294,-1.161196,-108.990552,4.367516
1782501582.832951,33.060279,rotate_to_60deg_about_tip,0.001455,7.17,16.311108,-24.866925,-115.904262,-12.086386,-1.159145,-108.990552,4.363494
1782501582.84295,33.070278,rotate_to_60deg_about_tip,0.001806,7.159,16.31678,-24.866551,-115.904262,-12.086493,-1.155614,-108.990552,4.358835
1782501582.852948,33.080276,rotate_to_60deg_about_tip,0.002004,7.153,16.319874,-24.866348,-115.904262,-12.086551,-1.153688,-108.990552,4.356294
1782501582.862943,33.09027,rotate_to_60deg_about_tip,0.000981,7.1435,16.323366,-24.867025,-115.904262,-12.085643,-1.151639,-108.990552,4.35327
1782501582.872897,33.100225,rotate_to_60deg_about_tip,0.001334,7.1335,16.328521,-24.866685,-115.904262,-12.08574,-1.148431,-108.990552,4.349034
1782501582.882946,33.110273,rotate_to_60deg_about_tip,0.00174,7.122,16.33445,-24.866295,-115.904262,-12.085852,-1.144742,-108.990552,4.344161
1782501582.892951,33.120279,rotate_to_60deg_about_tip,0.001252,7.1095,16.340116,-24.86687,-115.904262,-12.085973,-1.141733,-108.990552,4.338864
1782501582.902949,33.130276,rotate_to_60deg_about_tip,0.001442,7.104,16.342952,-24.866683,-115.904262,-12.086027,-1.13997,-108.990552,4.336533
1782501582.912946,33.140274,rotate_to_60deg_about_tip,0.00186,7.092,16.349138,-24.866276,-115.904262,-12.086143,-1.136124,-108.990552,4.331446
1782501582.922948,33.150276,rotate_to_60deg_about_tip,0.001365,7.0815,16.353772,-24.866919,-115.904262,-12.086246,-1.133759,-108.990552,4.326995
1782501582.932947,33.160274,rotate_to_60deg_about_tip,0.001745,7.07,16.359701,-24.866529,-115.904262,-12.086358,-1.130074,-108.990552,4.322119
1782501582.942948,33.170276,rotate_to_60deg_about_tip,0.002134,7.0585,16.365629,-24.866138,-115.904262,-12.08647,-1.126391,-108.990552,4.317242
1782501582.95295,33.180278,rotate_to_60deg_about_tip,0.001168,7.049,16.36912,-24.866815,-115.904262,-12.085563,-1.124349,-108.990552,4.314213
1782501582.962952,33.190279,rotate_to_60deg_about_tip,0.001554,7.038,16.37479,-24.866442,-115.904262,-12.08567,-1.120827,-108.990552,4.309547
1782501582.972947,33.200275,rotate_to_60deg_about_tip,0.00173,7.033,16.377367,-24.866272,-115.904262,-12.085719,-1.119227,-108.990552,4.307426
1782501582.982949,33.210276,rotate_to_60deg_about_tip,0.001197,7.021,16.382774,-24.866865,-115.904262,-12.085836,-1.116386,-108.990552,4.302335
1782501582.992946,33.220274,rotate_to_60deg_about_tip,0.001601,7.0095,16.388702,-24.866474,-115.904262,-12.085949,-1.112707,-108.990552,4.297455
1782501583.002897,33.230225,rotate_to_60deg_about_tip,0.001088,6.999,16.393336,-24.867118,-115.904262,-12.086051,-1.110349,-108.990552,4.292999
1782501583.012956,33.240284,rotate_to_60deg_about_tip,0.001489,6.987,16.399521,-24.866711,-115.904262,-12.086169,-1.106512,-108.990552,4.287906
1782501583.022957,33.250285,rotate_to_60deg_about_tip,0.001642,6.9825,16.40184,-24.866558,-115.904262,-12.086213,-1.105073,-108.990552,4.285995
1782501583.032947,33.260274,rotate_to_60deg_about_tip,0.002003,6.972,16.407252,-24.866202,-115.904262,-12.086316,-1.101716,-108.990552,4.281538
1782501583.042948,33.270275,rotate_to_60deg_about_tip,0.001583,6.96,16.412658,-24.866794,-115.904262,-12.086434,-1.098882,-108.990552,4.276442
1782501583.052945,33.280272,rotate_to_60deg_about_tip,0.001521,6.95,16.417184,-24.866455,-115.904262,-12.085532,-1.095687,-108.990552,4.273196
1782501583.062943,33.290271,rotate_to_60deg_about_tip,0.001887,6.9395,16.422595,-24.866099,-115.904262,-12.085635,-1.092333,-108.990552,4.268736
1782501583.072949,33.300276,rotate_to_60deg_about_tip,0.001244,6.93,16.426713,-24.866776,-115.904262,-12.085728,-1.090299,-108.990552,4.264701
1782501583.082949,33.310277,rotate_to_60deg_about_tip,0.001685,6.9175,16.433155,-24.866352,-115.904262,-12.085851,-1.086309,-108.990552,4.25939
1782501583.09295,33.320278,rotate_to_60deg_about_tip,0.001879,6.912,16.435989,-24.866165,-115.904262,-12.085905,-1.084553,-108.990552,4.257053
1782501583.102951,33.330278,rotate_to_60deg_about_tip,0.001357,6.9005,16.441138,-24.866775,-115.904262,-12.086018,-1.081883,-108.990552,4.252166
1782501583.112946,33.340274,rotate_to_60deg_about_tip,0.001738,6.8895,16.446806,-24.866402,-115.904262,-12.086127,-1.078374,-108.990552,4.247491
1782501583.122949,33.350277,rotate_to_60deg_about_tip,0.002105,6.879,16.452217,-24.866046,-115.904262,-12.08623,-1.075024,-108.990552,4.243028
1782501583.13295,33.360278,rotate_to_60deg_about_tip,0.001633,6.8675,16.457365,-24.866656,-115.904262,-12.086344,-1.072357,-108.990552,4.238139
1782501583.14295,33.370278,rotate_to_60deg_about_tip,0.001968,6.8575,16.462517,-24.866316,-115.904262,-12.086442,-1.069169,-108.990552,4.233887
1782501583.152948,33.380275,rotate_to_60deg_about_tip,0.002189,6.851,16.465867,-24.866096,-115.904262,-12.086507,-1.067097,-108.990552,4.231123
1782501583.162962,33.39029,rotate_to_60deg_about_tip,0.001251,6.8405,16.46987,-24.86674,-115.904262,-12.08561,-1.064751,-108.990552,4.227658
1782501583.172949,33.400276,rotate_to_60deg_about_tip,0.001427,6.8355,16.472447,-24.86657,-115.904262,-12.08566,-1.063158,-108.990552,4.225531
1782501583.18295,33.410278,rotate_to_60deg_about_tip,0.001832,6.824,16.478372,-24.86618,-115.904262,-12.085773,-1.059495,-108.990552,4.22064
1782501583.19295,33.420278,rotate_to_60deg_about_tip,0.001268,6.813,16.483262,-24.866807,-115.904262,-12.085882,-1.056992,-108.990552,4.21596
1782501583.202948,33.430276,rotate_to_60deg_about_tip,0.001478,6.807,16.486353,-24.866604,-115.904262,-12.085942,-1.055081,-108.990552,4.213407
1782501583.212952,33.440279,rotate_to_60deg_about_tip,0.0019,6.795,16.492535,-24.866197,-115.904262,-12.086061,-1.051261,-108.990552,4.208301
1782501583.222949,33.450276,rotate_to_60deg_about_tip,0.001395,6.784,16.497425,-24.866824,-115.904262,-12.08617,-1.04876,-108.990552,4.203619
1782501583.232947,33.460275,rotate_to_60deg_about_tip,0.00175,6.7735,16.502835,-24.866468,-115.904262,-12.086274,-1.045419,-108.990552,4.19915
1782501583.24295,33.470278,rotate_to_60deg_about_tip,0.002111,6.763,16.508244,-24.866112,-115.904262,-12.086378,-1.042079,-108.990552,4.19468
1782501583.252949,33.480277,rotate_to_60deg_about_tip,0.001692,6.751,16.513649,-24.866705,-115.904262,-12.086497,-1.039263,-108.990552,4.189571
1782501583.262846,33.490174,rotate_to_60deg_about_tip,0.0016,6.7415,16.517913,-24.866383,-115.904262,-12.085592,-1.036243,-108.990552,4.186526
1782501583.272849,33.500176,rotate_to_60deg_about_tip,0.001775,6.7365,16.520489,-24.866213,-115.904262,-12.085641,-1.034653,-108.990552,4.184396
1782501583.282943,33.510271,rotate_to_60deg_about_tip,0.001225,6.7245,16.525893,-24.866806,-115.904262,-12.085761,-1.031839,-108.990552,4.179285
1782501583.292959,33.520287,rotate_to_60deg_about_tip,0.001613,6.7135,16.531559,-24.866433,-115.904262,-12.08587,-1.028344,-108.990552,4.174599
1782501583.302949,33.530276,rotate_to_60deg_about_tip,0.001092,6.7025,16.536449,-24.867061,-115.904262,-12.08598,-1.02585,-108.990552,4.169913
1782501583.31295,33.540277,rotate_to_60deg_about_tip,0.001485,6.691,16.542372,-24.866671,-115.904262,-12.086094,-1.022198,-108.990552,4.165013
1782501583.322947,33.550274,rotate_to_60deg_about_tip,0.001848,6.6805,16.547781,-24.866315,-115.904262,-12.086199,-1.018864,-108.990552,4.160538
1782501583.332963,33.560291,rotate_to_60deg_about_tip,0.001358,6.6705,16.552155,-24.866976,-115.904262,-12.086299,-1.01669,-108.990552,4.156276
1782501583.342953,33.570281,rotate_to_60deg_about_tip,0.001566,6.664,16.555503,-24.866756,-115.904262,-12.086364,-1.014627,-108.990552,4.153505
1782501583.352949,33.580276,rotate_to_60deg_about_tip,0.001914,6.6535,16.56091,-24.8664,-115.904262,-12.086469,-1.011296,-108.990552,4.149029
1782501583.362847,33.590175,rotate_to_60deg_about_tip,0.000963,6.6425,16.565169,-24.867027,-115.904262,-12.085579,-1.008807,-108.990552,4.145339
1782501583.372943,33.600271,rotate_to_60deg_about_tip,0.001298,6.633,16.570062,-24.866705,-115.904262,-12.085674,-1.005794,-108.990552,4.141287
1782501583.38295,33.610277,rotate_to_60deg_about_tip,0.001704,6.6215,16.575984,-24.866316,-115.904262,-12.085789,-1.002148,-108.990552,4.136383
1782501583.392949,33.620276,rotate_to_60deg_about_tip,0.001187,6.6095,16.581388,-24.866909,-115.904262,-12.085909,-0.999344,-108.990552,4.131264
1782501583.402948,33.630275,rotate_to_60deg_about_tip,0.001361,6.6045,16.583963,-24.86674,-115.904262,-12.085959,-0.99776,-108.990552,4.129131
1782501583.412947,33.640275,rotate_to_60deg_about_tip,0.001799,6.592,16.5904,-24.866316,-115.904262,-12.086085,-0.993799,-108.990552,4.123798
1782501583.422949,33.650276,rotate_to_60deg_about_tip,0.001298,6.5815,16.595031,-24.866961,-115.904262,-12.08619,-0.991473,-108.990552,4.119318
1782501583.432946,33.660274,rotate_to_60deg_about_tip,0.001646,6.571,16.600438,-24.866605,-115.904262,-12.086295,-0.988148,-108.990552,4.114837
1782501583.442949,33.670276,rotate_to_60deg_about_tip,0.00202,6.56,16.606102,-24.866232,-115.904262,-12.086406,-0.984666,-108.990552,4.110141
1782501583.452957,33.680285,rotate_to_60deg_about_tip,0.001047,6.551,16.60933,-24.866928,-115.904262,-12.085496,-0.982817,-108.990552,4.107299
1782501583.462949,33.690276,rotate_to_60deg_about_tip,0.001432,6.54,16.614994,-24.866555,-115.904262,-12.085607,-0.979336,-108.990552,4.102603
1782501583.472952,33.700279,rotate_to_60deg_about_tip,0.001801,6.5295,16.6204,-24.866199,-115.904262,-12.085713,-0.976014,-108.990552,4.09812
1782501583.482946,33.710274,rotate_to_60deg_about_tip,0.001069,6.523,16.622971,-24.866979,-115.904262,-12.085778,-0.974958,-108.990552,4.095344
1782501583.492951,33.720279,rotate_to_60deg_about_tip,0.001385,6.514,16.627605,-24.866675,-115.904262,-12.085869,-0.972112,-108.990552,4.0915
1782501583.502899,33.730227,rotate_to_60deg_about_tip,0.001791,6.5025,16.633526,-24.866285,-115.904262,-12.085985,-0.968476,-108.990552,4.086588
1782501583.512945,33.740273,rotate_to_60deg_about_tip,0.001313,6.4905,16.638929,-24.866879,-115.904262,-12.086106,-0.965683,-108.990552,4.081461
1782501583.522946,33.750273,rotate_to_60deg_about_tip,0.001705,6.479,16.644849,-24.86649,-115.904262,-12.086222,-0.962049,-108.990552,4.076548
1782501583.532948,33.760276,rotate_to_60deg_about_tip,0.001877,6.474,16.647423,-24.86632,-115.904262,-12.086272,-0.96047,-108.990552,4.074411
1782501583.54295,33.770278,rotate_to_60deg_about_tip,0.001437,6.463,16.652311,-24.866948,-115.904262,-12.086383,-0.957995,-108.990552,4.06971
1782501583.552949,33.780276,rotate_to_60deg_about_tip,0.00138,6.4525,16.657085,-24.866592,-115.904262,-12.08549,-0.954679,-108.990552,4.066222
1782501583.562953,33.790281,rotate_to_60deg_about_tip,0.001727,6.4425,16.662233,-24.866254,-115.904262,-12.085591,-0.951522,-108.990552,4.061947
1782501583.572972,33.8003,rotate_to_60deg_about_tip,0.001117,6.432,16.666863,-24.866899,-115.904262,-12.085697,-0.949208,-108.990552,4.057458
1782501583.58297,33.810298,rotate_to_60deg_about_tip,0.001276,6.4275,16.669179,-24.866746,-115.904262,-12.085743,-0.947788,-108.990552,4.055534
1782501583.592951,33.820278,rotate_to_60deg_about_tip,0.00163,6.4175,16.674327,-24.866408,-115.904262,-12.085844,-0.944632,-108.990552,4.051258
1782501583.602946,33.830274,rotate_to_60deg_about_tip,0.001151,6.405,16.679987,-24.866985,-115.904262,-12.085971,-0.941689,-108.990552,4.045912
1782501583.612946,33.840274,rotate_to_60deg_about_tip,0.001513,6.3945,16.685391,-24.866629,-115.904262,-12.086077,-0.938378,-108.990552,4.04142
1782501583.622945,33.850273,rotate_to_60deg_about_tip,0.001861,6.3845,16.690539,-24.866291,-115.904262,-12.086179,-0.935225,-108.990552,4.037142
1782501583.632948,33.860276,rotate_to_60deg_about_tip,0.001411,6.373,16.695683,-24.866902,-115.904262,-12.086295,-0.932601,-108.990552,4.032222
1782501583.64295,33.870277,rotate_to_60deg_about_tip,0.00159,6.3675,16.698514,-24.866716,-115.904262,-12.086351,-0.930867,-108.990552,4.029868
1782501583.65295,33.880278,rotate_to_60deg_about_tip,0.001923,6.3575,16.703661,-24.866377,-115.904262,-12.086453,-0.927716,-108.990552,4.025589
1782501583.662948,33.890276,rotate_to_60deg_about_tip,0.000964,6.347,16.707658,-24.867022,-115.904262,-12.08556,-0.925409,-108.990552,4.022095
1782501583.672945,33.900272,rotate_to_60deg_about_tip,0.001316,6.337,16.712805,-24.866684,-115.904262,-12.085661,-0.92226,-108.990552,4.017814
1782501583.682948,33.910276,rotate_to_60deg_about_tip,0.001669,6.327,16.717951,-24.866346,-115.904262,-12.085763,-0.919111,-108.990552,4.013533
1782501583.692947,33.920274,rotate_to_60deg_about_tip,0.001097,6.3165,16.722581,-24.86699,-115.904262,-12.08587,-0.916806,-108.990552,4.009037
1782501583.70295,33.930277,rotate_to_60deg_about_tip,0.001481,6.3055,16.728242,-24.866618,-115.904262,-12.085982,-0.913344,-108.990552,4.004327
1782501583.712946,33.940273,rotate_to_60deg_about_tip,0.001006,6.295,16.732871,-24.867263,-115.904262,-12.08609,-0.911041,-108.990552,3.99983
1782501583.722945,33.950273,rotate_to_60deg_about_tip,0.00136,6.284,16.738532,-24.866891,-115.904262,-12.086202,-0.907581,-108.990552,3.995118
1782501583.732947,33.960274,rotate_to_60deg_about_tip,0.001728,6.273,16.744192,-24.866519,-115.904262,-12.086314,-0.904122,-108.990552,3.990405
1782501583.742949,33.970277,rotate_to_60deg_about_tip,0.00128,6.264,16.74805,-24.867215,-115.904262,-12.086406,-0.902293,-108.990552,3.986549
1782501583.752951,33.980278,rotate_to_60deg_about_tip,0.001152,6.2525,16.753334,-24.866826,-115.904262,-12.085524,-0.898678,-108.990552,3.982621
1782501583.762949,33.990277,rotate_to_60deg_about_tip,0.001326,6.2475,16.755907,-24.866657,-115.904262,-12.085575,-0.897107,-108.990552,3.980478
1782501583.772949,34.000277,rotate_to_60deg_about_tip,0.001712,6.2365,16.761567,-24.866285,-115.904262,-12.085688,-0.893651,-108.990552,3.975763
1782501583.782947,34.010274,rotate_to_60deg_about_tip,0.001138,6.2255,16.766453,-24.866913,-115.904262,-12.0858,-0.891196,-108.990552,3.971048
1782501583.792951,34.020278,rotate_to_60deg_about_tip,0.001491,6.2155,16.771598,-24.866575,-115.904262,-12.085903,-0.888056,-108.990552,3.966761
1782501583.802951,34.030278,rotate_to_60deg_about_tip,0.001,6.2045,16.776484,-24.867203,-115.904262,-12.086016,-0.885603,-108.990552,3.962044
1782501583.812948,34.040276,rotate_to_60deg_about_tip,0.001198,6.1985,16.779571,-24.867,-115.904262,-12.086077,-0.883719,-108.990552,3.959471
1782501583.822969,34.050296,rotate_to_60deg_about_tip,0.001604,6.1865,16.785745,-24.866594,-115.904262,-12.0862,-0.879954,-108.990552,3.954325
1782501583.832947,34.060275,rotate_to_60deg_about_tip,0.001201,6.1755,16.790631,-24.867223,-115.904262,-12.086313,-0.877503,-108.990552,3.949606
1782501583.842948,34.070275,rotate_to_60deg_about_tip,0.001521,6.165,16.796033,-24.866868,-115.904262,-12.086421,-0.874209,-108.990552,3.945102
1782501583.852847,34.080174,rotate_to_60deg_about_tip,0.001498,6.1535,16.801316,-24.866479,-115.904262,-12.08554,-0.870603,-108.990552,3.941167
1782501583.862942,34.09027,rotate_to_60deg_about_tip,0.000887,6.143,16.805944,-24.867124,-115.904262,-12.085648,-0.868312,-108.990552,3.936662
1782501583.872846,34.100174,rotate_to_60deg_about_tip,0.001276,6.132,16.811603,-24.866752,-115.904262,-12.085761,-0.864865,-108.990552,3.931941
1782501583.88295,34.110277,rotate_to_60deg_about_tip,0.001612,6.1225,16.81649,-24.866431,-115.904262,-12.085859,-0.861888,-108.990552,3.927863
1782501583.89295,34.120278,rotate_to_60deg_about_tip,0.000937,6.116,16.81906,-24.867212,-115.904262,-12.085926,-0.860852,-108.990552,3.925072
1782501583.90295,34.130277,rotate_to_60deg_about_tip,0.001311,6.105,16.824719,-24.86684,-115.904262,-12.086039,-0.857407,-108.990552,3.92035
1782501583.912951,34.140278,rotate_to_60deg_about_tip,0.001673,6.0945,16.83012,-24.866485,-115.904262,-12.086148,-0.854119,-108.990552,3.915841
1782501583.922846,34.150173,rotate_to_60deg_about_tip,0.001264,6.0825,16.835519,-24.86708,-115.904262,-12.086272,-0.851363,-108.990552,3.910688
1782501583.932956,34.160283,rotate_to_60deg_about_tip,0.001438,6.077,16.838348,-24.866894,-115.904262,-12.086328,-0.849641,-108.990552,3.908326
1782501583.942969,34.170296,rotate_to_60deg_about_tip,0.001832,6.065,16.844521,-24.866489,-115.904262,-12.086452,-0.845887,-108.990552,3.903171
1782501583.952948,34.180275,rotate_to_60deg_about_tip,0.001453,6.0545,16.849148,-24.867134,-115.904262,-12.086561,-0.843602,-108.990552,3.89866
1782501583.962949,34.190277,rotate_to_60deg_about_tip,0.001745,6.0445,16.854292,-24.866796,-115.904262,-12.086665,-0.840475,-108.990552,3.894363
1782501583.972952,34.200279,rotate_to_60deg_about_tip,0.001578,6.034,16.859057,-24.866441,-115.904262,-12.085773,-0.837192,-108.990552,3.890851
1782501583.982955,34.210282,rotate_to_60deg_about_tip,0.001018,6.0235,16.863685,-24.867087,-115.904262,-12.085882,-0.83491,-108.990552,3.886339
1782501583.992958,34.220285,rotate_to_60deg_about_tip,0.001564,6.013,16.866514,-24.868295,-115.904262,-12.083842,-0.833191,-108.990552,3.883975
1782501584.002948,34.230275,rotate_to_60deg_about_tip,0.002095,6.0015,16.871656,-24.868374,-115.904262,-12.083316,-0.830066,-108.990552,3.879676
1782501584.012946,34.240273,rotate_to_60deg_about_tip,0.001994,5.9955,16.878085,-24.866141,-115.904262,-12.086173,-0.826161,-108.990552,3.874302
1782501584.022945,34.250273,rotate_to_60deg_about_tip,0.001311,5.9905,16.879884,-24.866972,-115.904262,-12.086225,-0.8256,-108.990552,3.872152
1782501584.032947,34.260274,rotate_to_60deg_about_tip,0.001691,5.979,16.885798,-24.866584,-115.904262,-12.086344,-0.822009,-108.990552,3.867207
1782501584.042949,34.270276,rotate_to_60deg_about_tip,0.002116,5.9665,16.892226,-24.866162,-115.904262,-12.086474,-0.818107,-108.990552,3.861831
1782501584.052958,34.280285,rotate_to_60deg_about_tip,0.001662,5.9565,16.896596,-24.866824,-115.904262,-12.086578,-0.815986,-108.990552,3.857529
1782501584.062968,34.290295,rotate_to_60deg_about_tip,0.001978,5.9465,16.901738,-24.866487,-115.904262,-12.086682,-0.812866,-108.990552,3.853227
1782501584.072948,34.300276,rotate_to_60deg_about_tip,0.002321,5.936,16.907137,-24.866132,-115.904262,-12.086791,-0.809591,-108.990552,3.84871
1782501584.082949,34.310277,rotate_to_60deg_about_tip,0.001938,5.9255,16.911764,-24.866778,-115.904262,-12.086901,-0.807317,-108.990552,3.844191
1782501584.092947,34.320274,rotate_to_60deg_about_tip,0.002115,5.9195,16.914849,-24.866575,-115.904262,-12.086963,-0.805446,-108.990552,3.841609
1782501584.102949,34.330277,rotate_to_60deg_about_tip,0.002423,5.9095,16.919991,-24.866238,-115.904262,-12.087068,-0.802329,-108.990552,3.837305
1782501584.11295,34.340278,rotate_to_60deg_about_tip,0.002093,5.8995,16.92436,-24.8669,-115.904262,-12.087172,-0.800212,-108.990552,3.833001
1782501584.122945,34.350273,rotate_to_60deg_about_tip,0.002439,5.887,16.930787,-24.866478,-115.904262,-12.087303,-0.796318,-108.990552,3.827619
1782501584.132946,34.360274,rotate_to_60deg_about_tip,0.00222,5.876,16.935671,-24.867107,-115.904262,-12.087417,-0.793891,-108.990552,3.822883
1782501584.142947,34.370275,rotate_to_60deg_about_tip,0.001661,5.866,16.940177,-24.86677,-115.904262,-12.086522,-0.790777,-108.990552,3.819577
1782501584.152947,34.380275,rotate_to_60deg_about_tip,0.001967,5.8565,16.945061,-24.866449,-115.904262,-12.086621,-0.78782,-108.990552,3.815485
1782501584.162945,34.390272,rotate_to_60deg_about_tip,0.001616,5.846,16.949687,-24.867095,-115.904262,-12.086731,-0.785552,-108.990552,3.810962
1782501584.172948,34.400275,rotate_to_60deg_about_tip,0.001784,5.84,16.952772,-24.866892,-115.904262,-12.086794,-0.783685,-108.990552,3.808378
1782501584.182845,34.410173,rotate_to_60deg_about_tip,0.002111,5.829,16.958426,-24.866521,-115.904262,-12.086909,-0.780262,-108.990552,3.803638
1782501584.192944,34.420272,rotate_to_60deg_about_tip,0.001845,5.818,16.96331,-24.86715,-115.904262,-12.087025,-0.777841,-108.990552,3.798898
1782501584.202948,34.430276,rotate_to_60deg_about_tip,0.002145,5.8065,16.969221,-24.866762,-115.904262,-12.087145,-0.774265,-108.990552,3.793942
1782501584.212945,34.440273,rotate_to_60deg_about_tip,0.002461,5.7955,16.974876,-24.866391,-115.904262,-12.087261,-0.770845,-108.990552,3.789201
1782501584.222949,34.450277,rotate_to_60deg_about_tip,0.002218,5.7845,16.979759,-24.86702,-115.904262,-12.087376,-0.768427,-108.990552,3.784459
1782501584.232948,34.460275,rotate_to_60deg_about_tip,0.002392,5.7775,16.983357,-24.866784,-115.904262,-12.08745,-0.766252,-108.990552,3.781442
1782501584.242945,34.470273,rotate_to_60deg_about_tip,0.002675,5.767,16.988754,-24.86643,-115.904262,-12.08756,-0.76299,-108.990552,3.776914
1782501584.252949,34.480277,rotate_to_60deg_about_tip,0.001618,5.755,16.993515,-24.867025,-115.904262,-12.086687,-0.760263,-108.990552,3.772739
1782501584.26295,34.490277,rotate_to_60deg_about_tip,0.001927,5.7445,16.998911,-24.866671,-115.904262,-12.086797,-0.757003,-108.990552,3.768211
1782501584.272956,34.500283,rotate_to_60deg_about_tip,0.002113,5.7385,17.001995,-24.866469,-115.904262,-12.08686,-0.75514,-108.990552,3.765623
1782501584.282952,34.510279,rotate_to_60deg_about_tip,0.0018,5.7285,17.006364,-24.867131,-115.904262,-12.086966,-0.753037,-108.990552,3.761309
1782501584.292949,34.520276,rotate_to_60deg_about_tip,0.002093,5.7175,17.012017,-24.86676,-115.904262,-12.087082,-0.749623,-108.990552,3.756563
1782501584.302943,34.530271,rotate_to_60deg_about_tip,0.001906,5.707,17.016643,-24.867406,-115.904262,-12.087192,-0.747366,-108.990552,3.752032
1782501584.312956,34.540284,rotate_to_60deg_about_tip,0.002186,5.6945,17.023067,-24.866985,-115.904262,-12.087324,-0.74349,-108.990552,3.746638
1782501584.322948,34.550275,rotate_to_60deg_about_tip,0.002326,5.689,17.025894,-24.8668,-115.904262,-12.087382,-0.741785,-108.990552,3.744264
1782501584.332948,34.560276,rotate_to_60deg_about_tip,0.001286,5.6765,17.03091,-24.867378,-115.904262,-12.086515,-0.73891,-108.990552,3.739868
1782501584.342947,34.570275,rotate_to_60deg_about_tip,0.001584,5.6655,17.036562,-24.867007,-115.904262,-12.086631,-0.735501,-108.990552,3.735119
1782501584.352949,34.580276,rotate_to_60deg_about_tip,0.001883,5.6555,17.041701,-24.86667,-115.904262,-12.086737,-0.732403,-108.990552,3.730802
1782501584.362948,34.590276,rotate_to_60deg_about_tip,0.001626,5.6445,17.046583,-24.867299,-115.904262,-12.086853,-0.729996,-108.990552,3.726051
1782501584.372955,34.600283,rotate_to_60deg_about_tip,0.001893,5.634,17.051979,-24.866946,-115.904262,-12.086964,-0.726744,-108.990552,3.721517
1782501584.382947,34.610275,rotate_to_60deg_about_tip,0.000747,5.6235,17.054548,-24.868294,-115.904262,-12.0847,-0.725197,-108.990552,3.719357
1782501584.392965,34.620292,rotate_to_60deg_about_tip,0.00186,5.6175,17.059687,-24.867389,-115.904262,-12.087139,-0.722637,-108.990552,3.714389
1782501584.402948,34.630275,rotate_to_60deg_about_tip,0.000917,5.607,17.062256,-24.868738,-115.904262,-12.084874,-0.72109,-108.990552,3.712229
1782501584.412944,34.640272,rotate_to_60deg_about_tip,0.002224,5.602,17.067651,-24.866867,-115.904262,-12.087304,-0.717841,-108.990552,3.707692
1782501584.422951,34.650278,rotate_to_60deg_about_tip,0.001162,5.5905,17.072152,-24.86748,-115.904262,-12.086426,-0.715283,-108.990552,3.703723
1782501584.432948,34.660275,rotate_to_60deg_about_tip,0.001438,5.58,17.077547,-24.867126,-115.904262,-12.086537,-0.712036,-108.990552,3.699185
1782501584.442946,34.670274,rotate_to_60deg_about_tip,0.001719,5.5705,17.082427,-24.866806,-115.904262,-12.086638,-0.709099,-108.990552,3.695079
1782501584.452952,34.680279,rotate_to_60deg_about_tip,0.001494,5.559,17.087566,-24.867418,-115.904262,-12.086761,-0.706545,-108.990552,3.690107
1782501584.462847,34.690174,rotate_to_60deg_about_tip,0.001752,5.5485,17.09296,-24.867065,-115.904262,-12.086872,-0.7033,-108.990552,3.685568
1782501584.472853,34.700181,rotate_to_60deg_about_tip,0.002045,5.538,17.098354,-24.866711,-115.904262,-12.086984,-0.700056,-108.990552,3.681027
1782501584.48295,34.710278,rotate_to_60deg_about_tip,0.00184,5.527,17.103235,-24.86734,-115.904262,-12.087101,-0.697659,-108.990552,3.67627
1782501584.49295,34.720277,rotate_to_60deg_about_tip,0.002062,5.5175,17.108116,-24.86702,-115.904262,-12.087203,-0.694726,-108.990552,3.672161
1782501584.502949,34.730277,rotate_to_60deg_about_tip,0.002217,5.5115,17.111198,-24.866818,-115.904262,-12.087267,-0.692873,-108.990552,3.669566
1782501584.512949,34.740277,rotate_to_60deg_about_tip,0.001792,5.5015,17.115697,-24.866482,-115.904262,-12.086373,-0.689787,-108.990552,3.66624
1782501584.522955,34.750283,rotate_to_60deg_about_tip,0.001424,5.49,17.120834,-24.867094,-115.904262,-12.086496,-0.687238,-108.990552,3.661264
1782501584.532947,34.760275,rotate_to_60deg_about_tip,0.001742,5.4795,17.126228,-24.866741,-115.904262,-12.086608,-0.683999,-108.990552,3.65672
1782501584.54295,34.770277,rotate_to_60deg_about_tip,0.001469,5.469,17.130852,-24.867387,-115.904262,-12.08672,-0.681761,-108.990552,3.652176
1782501584.552952,34.78028,rotate_to_60deg_about_tip,0.001748,5.458,17.136502,-24.867017,-115.904262,-12.086838,-0.678369,-108.990552,3.647415
1782501584.562949,34.790276,rotate_to_60deg_about_tip,0.002004,5.449,17.141125,-24.866714,-115.904262,-12.086934,-0.675595,-108.990552,3.643519
1782501584.572949,34.800277,rotate_to_60deg_about_tip,0.001793,5.438,17.146005,-24.867343,-115.904262,-12.087052,-0.673205,-108.990552,3.638756
1782501584.582947,34.810275,rotate_to_60deg_about_tip,0.002081,5.426,17.152168,-24.866939,-115.904262,-12.087181,-0.669508,-108.990552,3.63356
1782501584.592948,34.820275,rotate_to_60deg_about_tip,0.001644,5.416,17.156666,-24.866603,-115.904262,-12.086288,-0.666428,-108.990552,3.63023
1782501584.602946,34.830273,rotate_to_60deg_about_tip,0.00178,5.412,17.15872,-24.866468,-115.904262,-12.086331,-0.665196,-108.990552,3.628497
1782501584.612952,34.840279,rotate_to_60deg_about_tip,0.001385,5.401,17.1636,-24.867098,-115.904262,-12.086449,-0.662809,-108.990552,3.623733
1782501584.62295,34.850277,rotate_to_60deg_about_tip,0.001754,5.389,17.169763,-24.866694,-115.904262,-12.086578,-0.659116,-108.990552,3.618534
1782501584.632945,34.860272,rotate_to_60deg_about_tip,0.002095,5.3785,17.175155,-24.866341,-115.904262,-12.086691,-0.655885,-108.990552,3.613985
1782501584.642949,34.870277,rotate_to_60deg_about_tip,0.001778,5.3665,17.180548,-24.866937,-115.904262,-12.08682,-0.653193,-108.990552,3.608785
1782501584.652946,34.880274,rotate_to_60deg_about_tip,0.001922,5.3615,17.183116,-24.866768,-115.904262,-12.086873,-0.651655,-108.990552,3.606618
1782501584.662946,34.890274,rotate_to_60deg_about_tip,0.002271,5.35,17.189022,-24.866381,-115.904262,-12.086997,-0.648119,-108.990552,3.601634
1782501584.67296,34.900288,rotate_to_60deg_about_tip,0.001964,5.34,17.193388,-24.867045,-115.904262,-12.087105,-0.646044,-108.990552,3.597299
1782501584.68295,34.910278,rotate_to_60deg_about_tip,0.001548,5.329,17.198397,-24.866675,-115.904262,-12.086223,-0.642664,-108.990552,3.59353
1782501584.692957,34.920284,rotate_to_60deg_about_tip,0.001148,5.319,17.202763,-24.867338,-115.904262,-12.086331,-0.640591,-108.990552,3.589194
1782501584.702951,34.930278,rotate_to_60deg_about_tip,0.00147,5.308,17.208411,-24.866968,-115.904262,-12.08645,-0.637212,-108.990552,3.584424
1782501584.712947,34.940275,rotate_to_60deg_about_tip,0.001819,5.297,17.214059,-24.866598,-115.904262,-12.086568,-0.633834,-108.990552,3.579653
1782501584.722948,34.950275,rotate_to_60deg_about_tip,0.001999,5.2915,17.216883,-24.866413,-115.904262,-12.086628,-0.632145,-108.990552,3.577268
1782501584.732949,34.960276,rotate_to_60deg_about_tip,0.00105,5.279,17.221892,-24.866993,-115.904262,-12.085763,-0.629308,-108.990552,3.572845
1782501584.742949,34.970277,rotate_to_60deg_about_tip,0.001438,5.268,17.22754,-24.866623,-115.904262,-12.085881,-0.625932,-108.990552,3.568073
1782501584.752945,34.980273,rotate_to_60deg_about_tip,0.00092,5.258,17.231905,-24.867286,-115.904262,-12.08599,-0.623864,-108.990552,3.563733
1782501584.762946,34.990274,rotate_to_60deg_about_tip,0.001267,5.2475,17.237296,-24.866933,-115.904262,-12.086103,-0.620643,-108.990552,3.559177
1782501584.773057,35.000385,rotate_to_60deg_about_tip,0.001625,5.237,17.242687,-24.86658,-115.904262,-12.086217,-0.617423,-108.990552,3.554619
1782501584.782946,35.010273,rotate_to_60deg_about_tip,0.001475,5.2275,17.244228,-24.868794,-115.904262,-12.084149,-0.617043,-108.990552,3.552666
1782501584.792951,35.020279,rotate_to_60deg_about_tip,0.001316,5.223,17.249105,-24.867109,-115.904262,-12.086369,-0.614131,-108.990552,3.548542
1782501584.802949,35.030277,rotate_to_60deg_about_tip,0.001251,5.2115,17.254369,-24.866723,-115.904262,-12.085493,-0.610607,-108.990552,3.544549
1782501584.812953,35.04028,rotate_to_60deg_about_tip,0.000643,5.201,17.258991,-24.86737,-115.904262,-12.085607,-0.60839,-108.990552,3.53999
1782501584.822949,35.050277,rotate_to_60deg_about_tip,0.000978,5.1915,17.263867,-24.86705,-115.904262,-12.08571,-0.60548,-108.990552,3.535864
1782501584.832947,35.060274,rotate_to_60deg_about_tip,0.001366,5.1805,17.269514,-24.86668,-115.904262,-12.08583,-0.602112,-108.990552,3.531087
1782501584.842945,35.070273,rotate_to_60deg_about_tip,0.000826,5.171,17.273622,-24.867361,-115.904262,-12.085933,-0.600203,-108.990552,3.52696
1782501584.852947,35.080274,rotate_to_60deg_about_tip,0.00119,5.16,17.279268,-24.866991,-115.904262,-12.086052,-0.596836,-108.990552,3.522181
1782501584.862949,35.090277,rotate_to_60deg_about_tip,0.001532,5.15,17.284401,-24.866655,-115.904262,-12.086161,-0.593777,-108.990552,3.517836
1782501584.872947,35.100275,rotate_to_60deg_about_tip,0.000971,5.145,17.286199,-24.867487,-115.904262,-12.086216,-0.593247,-108.990552,3.515664
1782501584.882945,35.110272,rotate_to_60deg_about_tip,0.00127,5.1345,17.291589,-24.867134,-115.904262,-12.08633,-0.590035,-108.990552,3.511101
1782501584.892949,35.120277,rotate_to_60deg_about_tip,0.001632,5.123,17.297491,-24.866748,-115.904262,-12.086455,-0.586519,-108.990552,3.506102
1782501584.902949,35.130277,rotate_to_60deg_about_tip,0.001328,5.1125,17.302112,-24.867395,-115.904262,-12.08657,-0.584309,-108.990552,3.501538
1782501584.912947,35.140274,rotate_to_60deg_about_tip,0.00162,5.1015,17.307758,-24.867025,-115.904262,-12.086689,-0.580947,-108.990552,3.496756
1782501584.922944,35.150272,rotate_to_60deg_about_tip,0.001901,5.092,17.312633,-24.866706,-115.904262,-12.086793,-0.578044,-108.990552,3.492625
1782501584.932947,35.160275,rotate_to_60deg_about_tip,0.001644,5.082,17.316997,-24.86737,-115.904262,-12.086902,-0.575989,-108.990552,3.488277
1782501584.942951,35.170279,rotate_to_60deg_about_tip,0.001914,5.071,17.322643,-24.867,-115.904262,-12.087022,-0.57263,-108.990552,3.483493
1782501584.95295,35.180278,rotate_to_60deg_about_tip,0.001803,5.06,17.32752,-24.867631,-115.904262,-12.087143,-0.570271,-108.990552,3.478708
1782501584.962947,35.190275,rotate_to_60deg_about_tip,0.001123,5.0495,17.332267,-24.867278,-115.904262,-12.086257,-0.567067,-108.990552,3.47514
1782501584.97295,35.200278,rotate_to_60deg_about_tip,0.001429,5.0395,17.337399,-24.866942,-115.904262,-12.086367,-0.564015,-108.990552,3.470789
1782501584.982944,35.210272,rotate_to_60deg_about_tip,0.00177,5.029,17.342786,-24.86659,-115.904262,-12.086482,-0.560812,-108.990552,3.46622
1782501584.992952,35.22028,rotate_to_60deg_about_tip,0.001311,5.023,17.345098,-24.867388,-115.904262,-12.086548,-0.559982,-108.990552,3.463609
1782501585.002947,35.230274,rotate_to_60deg_about_tip,0.001578,5.013,17.350229,-24.867052,-115.904262,-12.086657,-0.556932,-108.990552,3.459257
1782501585.012945,35.240273,rotate_to_60deg_about_tip,0.00189,5.0025,17.355617,-24.866699,-115.904262,-12.086772,-0.553731,-108.990552,3.454686
1782501585.022897,35.250224,rotate_to_60deg_about_tip,0.001661,4.991,17.36075,-24.867313,-115.904262,-12.086898,-0.551226,-108.990552,3.44968
1782501585.032948,35.260276,rotate_to_60deg_about_tip,0.001926,4.9805,17.366138,-24.866961,-115.904262,-12.087014,-0.548026,-108.990552,3.445108
1782501585.042948,35.270275,rotate_to_60deg_about_tip,0.001574,4.9695,17.37114,-24.866591,-115.904262,-12.086134,-0.544676,-108.990552,3.441318
1782501585.052963,35.280291,rotate_to_60deg_about_tip,0.001141,4.959,17.37576,-24.867239,-115.904262,-12.08625,-0.542478,-108.990552,3.436746
1782501585.062948,35.290275,rotate_to_60deg_about_tip,0.001421,4.95,17.380377,-24.866937,-115.904262,-12.086349,-0.539738,-108.990552,3.432826
1782501585.07296,35.300287,rotate_to_60deg_about_tip,0.001796,4.9385,17.386277,-24.86655,-115.904262,-12.086475,-0.536237,-108.990552,3.427816
1782501585.082949,35.310277,rotate_to_60deg_about_tip,0.001456,4.9275,17.391153,-24.867181,-115.904262,-12.086596,-0.53389,-108.990552,3.423023
1782501585.092947,35.320275,rotate_to_60deg_about_tip,0.001582,4.923,17.393462,-24.86703,-115.904262,-12.086646,-0.532521,-108.990552,3.421063
1782501585.102953,35.330281,rotate_to_60deg_about_tip,0.001896,4.9125,17.398848,-24.866678,-115.904262,-12.086762,-0.529327,-108.990552,3.416487
1782501585.112952,35.340279,rotate_to_60deg_about_tip,0.001661,4.901,17.403981,-24.867292,-115.904262,-12.086888,-0.526829,-108.990552,3.411475
1782501585.122948,35.350276,rotate_to_60deg_about_tip,0.00193,4.8905,17.409367,-24.866939,-115.904262,-12.087004,-0.523637,-108.990552,3.406899
1782501585.132949,35.360277,rotate_to_60deg_about_tip,0.001553,4.8805,17.413854,-24.866604,-115.904262,-12.086114,-0.520598,-108.990552,3.403539
1782501585.14295,35.370277,rotate_to_60deg_about_tip,0.001134,4.8695,17.41873,-24.867234,-115.904262,-12.086236,-0.518255,-108.990552,3.398744
1782501585.15295,35.380278,rotate_to_60deg_about_tip,0.001511,4.8575,17.424885,-24.866832,-115.904262,-12.086368,-0.51461,-108.990552,3.393511
1782501585.162953,35.39028,rotate_to_60deg_about_tip,0.001858,4.847,17.430271,-24.866479,-115.904262,-12.086485,-0.511421,-108.990552,3.388932
1782501585.17295,35.400277,rotate_to_60deg_about_tip,0.001327,4.8425,17.431813,-24.867328,-115.904262,-12.086534,-0.511055,-108.990552,3.386969
1782501585.182948,35.410276,rotate_to_60deg_about_tip,0.001633,4.8315,17.437455,-24.866959,-115.904262,-12.086656,-0.507716,-108.990552,3.382171
1782501585.192947,35.420275,rotate_to_60deg_about_tip,0.001798,4.826,17.440276,-24.866775,-115.904262,-12.086717,-0.506046,-108.990552,3.379772
1782501585.20295,35.430277,rotate_to_60deg_about_tip,0.000879,4.81,17.445661,-24.867907,-115.904262,-12.084494,-0.50286,-108.990552,3.375191
1782501585.212945,35.440272,rotate_to_60deg_about_tip,0.001815,4.805,17.45028,-24.86707,-115.904262,-12.086949,-0.500675,-108.990552,3.37061
1782501585.222955,35.450283,rotate_to_60deg_about_tip,0.001447,4.794,17.455278,-24.866701,-115.904262,-12.086071,-0.497338,-108.990552,3.366809
1782501585.232947,35.460275,rotate_to_60deg_about_tip,0.001778,4.7845,17.46015,-24.866383,-115.904262,-12.086177,-0.494458,-108.990552,3.362663
1782501585.242948,35.470276,rotate_to_60deg_about_tip,0.001315,4.774,17.464769,-24.867031,-115.904262,-12.086293,-0.492275,-108.990552,3.35808
1782501585.252949,35.480277,rotate_to_60deg_about_tip,0.001655,4.7635,17.470153,-24.866678,-115.904262,-12.08641,-0.489093,-108.990552,3.353496
1782501585.262949,35.490277,rotate_to_60deg_about_tip,0.002007,4.753,17.475538,-24.866326,-115.904262,-12.086526,-0.485912,-108.990552,3.348912
1782501585.272948,35.500275,rotate_to_60deg_about_tip,0.001599,4.743,17.4799,-24.866991,-115.904262,-12.086638,-0.483883,-108.990552,3.344545
1782501585.282949,35.510277,rotate_to_60deg_about_tip,0.001934,4.732,17.485541,-24.866622,-115.904262,-12.08676,-0.480552,-108.990552,3.339742
1782501585.292949,35.520277,rotate_to_60deg_about_tip,0.002124,4.726,17.488617,-24.866421,-115.904262,-12.086827,-0.478735,-108.990552,3.337121
1782501585.302949,35.530277,rotate_to_60deg_about_tip,0.001811,4.7155,17.493236,-24.867069,-115.904262,-12.086944,-0.476557,-108.990552,3.332535
1782501585.312948,35.540276,rotate_to_60deg_about_tip,0.001463,4.704,17.498489,-24.866683,-115.904262,-12.086072,-0.473077,-108.990552,3.328511
1782501585.322948,35.550276,rotate_to_60deg_about_tip,0.00108,4.692,17.503876,-24.867281,-115.904262,-12.086205,-0.470447,-108.990552,3.323268
1782501585.332945,35.560273,rotate_to_60deg_about_tip,0.001408,4.6815,17.509259,-24.866929,-115.904262,-12.086322,-0.467271,-108.990552,3.318679
1782501585.342949,35.570277,rotate_to_60deg_about_tip,0.00172,4.672,17.51413,-24.86661,-115.904262,-12.086428,-0.464399,-108.990552,3.314528
1782501585.352945,35.580272,rotate_to_60deg_about_tip,0.001399,4.6605,17.519261,-24.867225,-115.904262,-12.086557,-0.461923,-108.990552,3.309501
1782501585.362946,35.590274,rotate_to_60deg_about_tip,0.001702,4.65,17.524644,-24.866873,-115.904262,-12.086674,-0.45875,-108.990552,3.304911
1782501585.372948,35.600276,rotate_to_60deg_about_tip,0.001995,4.6405,17.529514,-24.866555,-115.904262,-12.08678,-0.45588,-108.990552,3.300758
1782501585.38295,35.610277,rotate_to_60deg_about_tip,0.001599,4.6345,17.531825,-24.867354,-115.904262,-12.086847,-0.455067,-108.990552,3.298134
1782501585.392946,35.620274,rotate_to_60deg_about_tip,0.001134,4.624,17.536564,-24.867002,-115.904262,-12.085965,-0.451896,-108.990552,3.294543
1782501585.402948,35.630275,rotate_to_60deg_about_tip,0.001515,4.613,17.542203,-24.866633,-115.904262,-12.086088,-0.448575,-108.990552,3.289732
1782501585.412946,35.640274,rotate_to_60deg_about_tip,0.001095,4.602,17.547076,-24.867264,-115.904262,-12.086211,-0.446255,-108.990552,3.284921
1782501585.422963,35.650291,rotate_to_60deg_about_tip,0.001072,4.591,17.552071,-24.866896,-115.904262,-12.085334,-0.442936,-108.990552,3.281109
1782501585.432949,35.660276,rotate_to_60deg_about_tip,0.001256,4.5855,17.55489,-24.866712,-115.904262,-12.085396,-0.441277,-108.990552,3.278702
1782501585.442947,35.670274,rotate_to_60deg_about_tip,0.000659,4.574,17.56002,-24.867326,-115.904262,-12.085525,-0.438808,-108.990552,3.273671
1782501585.452952,35.680279,rotate_to_60deg_about_tip,0.001064,4.5625,17.565914,-24.866941,-115.904262,-12.085654,-0.435341,-108.990552,3.268638
1782501585.462949,35.690276,rotate_to_60deg_about_tip,0.001417,4.5525,17.57104,-24.866606,-115.904262,-12.085766,-0.432326,-108.990552,3.264262
1782501585.472961,35.700288,rotate_to_60deg_about_tip,0.000912,4.541,17.576169,-24.867221,-115.904262,-12.085895,-0.429861,-108.990552,3.259228
1782501585.48295,35.710277,rotate_to_60deg_about_tip,0.001272,4.5305,17.581551,-24.866869,-115.904262,-12.086013,-0.426697,-108.990552,3.254631
1782501585.492952,35.720279,rotate_to_60deg_about_tip,0.001498,4.524,17.584882,-24.866652,-115.904262,-12.086086,-0.424739,-108.990552,3.251785
1782501585.502949,35.730277,rotate_to_60deg_about_tip,0.001098,4.5125,17.590012,-24.867266,-115.904262,-12.086216,-0.422276,-108.990552,3.24675
1782501585.512965,35.740293,rotate_to_60deg_about_tip,0.001394,4.503,17.59488,-24.866948,-115.904262,-12.086323,-0.419416,-108.990552,3.24259
1782501585.52295,35.750277,rotate_to_60deg_about_tip,0.000447,4.4905,17.599877,-24.86753,-115.904262,-12.085464,-0.416654,-108.990552,3.238115
1782501585.532965,35.760292,rotate_to_60deg_about_tip,0.000834,4.4795,17.605514,-24.867161,-115.904262,-12.085587,-0.413344,-108.990552,3.233296
1782501585.542987,35.770315,rotate_to_60deg_about_tip,0.001223,4.4685,17.611151,-24.866793,-115.904262,-12.085712,-0.410035,-108.990552,3.228477
1782501585.55295,35.780278,rotate_to_60deg_about_tip,0.000524,4.4635,17.612949,-24.867626,-115.904262,-12.085768,-0.409532,-108.990552,3.226286
1782501585.562946,35.790274,rotate_to_60deg_about_tip,0.000864,4.453,17.61833,-24.867274,-115.904262,-12.085886,-0.406374,-108.990552,3.221686
1782501585.572954,35.800282,rotate_to_60deg_about_tip,0.001256,4.4415,17.624223,-24.866889,-115.904262,-12.086016,-0.402918,-108.990552,3.216646
1782501585.583003,35.81033,rotate_to_60deg_about_tip,0.00085,4.432,17.628327,-24.867571,-115.904262,-12.086124,-0.401063,-108.990552,3.212482
1782501585.592988,35.820316,rotate_to_60deg_about_tip,0.001495,4.4205,17.631657,-24.868688,-115.904262,-12.084062,-0.39911,-108.990552,3.209633
1782501585.602945,35.830273,rotate_to_60deg_about_tip,0.001366,4.4145,17.637293,-24.866985,-115.904262,-12.086321,-0.395805,-108.990552,3.204811
1782501585.612947,35.840274,rotate_to_60deg_about_tip,0.00113,4.4035,17.642166,-24.867617,-115.904262,-12.086446,-0.393502,-108.990552,3.199988
1782501585.622949,35.850277,rotate_to_60deg_about_tip,0.000551,4.398,17.644338,-24.867433,-115.904262,-12.085508,-0.391851,-108.990552,3.198576
1782501585.632946,35.860274,rotate_to_60deg_about_tip,0.000939,4.387,17.649974,-24.867065,-115.904262,-12.085633,-0.388549,-108.990552,3.193752
1782501585.642949,35.870276,rotate_to_60deg_about_tip,0.001363,4.375,17.656122,-24.866664,-115.904262,-12.085769,-0.384947,-108.990552,3.188489
1782501585.652946,35.880273,rotate_to_60deg_about_tip,0.000834,4.3645,17.660738,-24.867312,-115.904262,-12.085888,-0.382797,-108.990552,3.183883
1782501585.662946,35.890274,rotate_to_60deg_about_tip,0.001173,4.3545,17.665861,-24.866978,-115.904262,-12.086001,-0.379798,-108.990552,3.179496
1782501585.672948,35.900276,rotate_to_60deg_about_tip,0.001397,4.348,17.669191,-24.86676,-115.904262,-12.086075,-0.377849,-108.990552,3.176645
1782501585.682944,35.910272,rotate_to_60deg_about_tip,0.00098,4.338,17.67355,-24.867426,-115.904262,-12.086188,-0.375851,-108.990552,3.172257
1782501585.69295,35.920278,rotate_to_60deg_about_tip,0.001373,4.325,17.68021,-24.866991,-115.904262,-12.086336,-0.371955,-108.990552,3.166552
1782501585.702945,35.930273,rotate_to_60deg_about_tip,0.001731,4.314,17.685845,-24.866623,-115.904262,-12.086461,-0.368659,-108.990552,3.161724
1782501585.71295,35.940277,rotate_to_60deg_about_tip,0.001931,4.308,17.688918,-24.866422,-115.904262,-12.086529,-0.366861,-108.990552,3.15909
1782501585.72295,35.950278,rotate_to_60deg_about_tip,0.001589,4.2965,17.694046,-24.867037,-115.904262,-12.08666,-0.364417,-108.990552,3.154041
1782501585.732945,35.960273,rotate_to_60deg_about_tip,0.001904,4.286,17.699424,-24.866686,-115.904262,-12.08678,-0.361273,-108.990552,3.149431
1782501585.742952,35.970279,rotate_to_60deg_about_tip,0.001665,4.275,17.704296,-24.867318,-115.904262,-12.086905,-0.358981,-108.990552,3.144601
1782501585.752947,35.980275,rotate_to_60deg_about_tip,0.001919,4.265,17.709418,-24.866984,-115.904262,-12.087019,-0.355988,-108.990552,3.140209
1782501585.76295,35.990277,rotate_to_60deg_about_tip,0.002229,4.254,17.715052,-24.866616,-115.904262,-12.087144,-0.352698,-108.990552,3.135378
1782501585.772945,36.000273,rotate_to_60deg_about_tip,0.002041,4.2425,17.720179,-24.867232,-115.904262,-12.087275,-0.350258,-108.990552,3.130326
1782501585.782951,36.010278,rotate_to_60deg_about_tip,0.002285,4.2325,17.725301,-24.866897,-115.904262,-12.087389,-0.347268,-108.990552,3.125933
1782501585.792951,36.020279,rotate_to_60deg_about_tip,0.002443,4.2265,17.728374,-24.866697,-115.904262,-12.087458,-0.345475,-108.990552,3.123297
1782501585.80295,36.030277,rotate_to_60deg_about_tip,0.002293,4.216,17.732988,-24.867346,-115.904262,-12.087578,-0.343337,-108.990552,3.118683
1782501585.812947,36.040275,rotate_to_60deg_about_tip,0.002569,4.2035,17.73939,-24.866928,-115.904262,-12.087721,-0.339602,-108.990552,3.113189
1782501585.822952,36.050279,rotate_to_60deg_about_tip,0.002821,4.1935,17.744511,-24.866593,-115.904262,-12.087835,-0.336615,-108.990552,3.108794
1782501585.832947,36.060275,rotate_to_60deg_about_tip,0.001767,4.182,17.748991,-24.867209,-115.904262,-12.086967,-0.334181,-108.990552,3.104738
1782501585.84295,36.070277,rotate_to_60deg_about_tip,0.002029,4.172,17.754112,-24.866875,-115.904262,-12.087081,-0.331195,-108.990552,3.100342
1782501585.85296,36.080287,rotate_to_60deg_about_tip,0.002346,4.161,17.759745,-24.866507,-115.904262,-12.087207,-0.327913,-108.990552,3.095505
1782501585.862946,36.090273,rotate_to_60deg_about_tip,0.002095,4.1515,17.763847,-24.86719,-115.904262,-12.087316,-0.326078,-108.990552,3.091327
1782501585.872904,36.100232,rotate_to_60deg_about_tip,0.002239,4.1455,17.766919,-24.866989,-115.904262,-12.087385,-0.324288,-108.990552,3.088688
1782501585.882949,36.110277,rotate_to_60deg_about_tip,0.002542,4.134,17.772808,-24.866605,-115.904262,-12.087517,-0.320858,-108.990552,3.08363
1782501585.892977,36.120304,rotate_to_60deg_about_tip,0.002397,4.1225,17.777934,-24.867221,-115.904262,-12.087649,-0.31843,-108.990552,3.078571
1782501585.902948,36.130275,rotate_to_60deg_about_tip,0.002662,4.111,17.783822,-24.866836,-115.904262,-12.087781,-0.315002,-108.990552,3.073512
1782501585.912944,36.140271,rotate_to_60deg_about_tip,0.002932,4.1005,17.789198,-24.866486,-115.904262,-12.087902,-0.311873,-108.990552,3.068891
1782501585.922949,36.150277,rotate_to_60deg_about_tip,0.002668,4.0955,17.790996,-24.867319,-115.904262,-12.087959,-0.311383,-108.990552,3.066691
1782501585.932948,36.160275,rotate_to_60deg_about_tip,0.002865,4.086,17.79586,-24.867001,-115.904262,-12.088068,-0.308554,-108.990552,3.06251
1782501585.942948,36.170275,rotate_to_60deg_about_tip,0.003147,4.074,17.802004,-24.8666,-115.904262,-12.088206,-0.30498,-108.990552,3.057228
1782501585.952948,36.180276,rotate_to_60deg_about_tip,0.003032,4.064,17.806362,-24.867266,-115.904262,-12.088321,-0.303003,-108.990552,3.052826
1782501585.963001,36.190329,rotate_to_60deg_about_tip,0.003246,4.0535,17.811737,-24.866916,-115.904262,-12.088442,-0.299878,-108.990552,3.048203
1782501585.97295,36.200277,rotate_to_60deg_about_tip,0.003358,4.0485,17.814297,-24.866749,-115.904262,-12.0885,-0.29839,-108.990552,3.046002
1782501585.982949,36.210276,rotate_to_60deg_about_tip,0.003308,4.0375,17.819167,-24.867381,-115.904262,-12.088627,-0.296118,-108.990552,3.041158
1782501585.992957,36.220285,rotate_to_60deg_about_tip,0.003504,4.027,17.824542,-24.867031,-115.904262,-12.088748,-0.292995,-108.990552,3.036533
1782501586.002946,36.230273,rotate_to_60deg_about_tip,0.003738,4.016,17.830173,-24.866664,-115.904262,-12.088875,-0.289724,-108.990552,3.031688
1782501586.012948,36.240276,rotate_to_60deg_about_tip,0.002696,4.006,17.833882,-24.86733,-115.904262,-12.08799,-0.287752,-108.990552,3.028283
1782501586.022948,36.250276,rotate_to_60deg_about_tip,0.002913,3.9955,17.839257,-24.866979,-115.904262,-12.088112,-0.284631,-108.990552,3.023657
1782501586.032948,36.260276,rotate_to_60deg_about_tip,0.003172,3.9845,17.844887,-24.866612,-115.904262,-12.088239,-0.281363,-108.990552,3.01881
1782501586.042948,36.270276,rotate_to_60deg_about_tip,0.002972,3.9795,17.846685,-24.867445,-115.904262,-12.088296,-0.280878,-108.990552,3.016607
1782501586.052944,36.280272,rotate_to_60deg_about_tip,0.003149,3.97,17.851548,-24.867128,-115.904262,-12.088406,-0.278057,-108.990552,3.01242
1782501586.062947,36.290274,rotate_to_60deg_about_tip,0.003408,3.958,17.85769,-24.866727,-115.904262,-12.088545,-0.274494,-108.990552,3.007131
1782501586.072948,36.300275,rotate_to_60deg_about_tip,0.003348,3.9475,17.862303,-24.867377,-115.904262,-12.088667,-0.272378,-108.990552,3.002503
1782501586.082843,36.310171,rotate_to_60deg_about_tip,0.002606,3.9365,17.867284,-24.86701,-115.904262,-12.087794,-0.269114,-108.990552,2.998653
1782501586.092843,36.320171,rotate_to_60deg_about_tip,0.002861,3.926,17.872658,-24.866659,-115.904262,-12.087916,-0.265999,-108.990552,2.994023
1782501586.102843,36.330171,rotate_to_60deg_about_tip,0.002766,3.9145,17.877782,-24.867275,-115.904262,-12.088049,-0.263588,-108.990552,2.988952
1782501586.112944,36.340272,rotate_to_60deg_about_tip,0.002988,3.904,17.883156,-24.866925,-115.904262,-12.088171,-0.260475,-108.990552,2.984321
1782501586.122946,36.350273,rotate_to_60deg_about_tip,0.002359,3.894,17.887624,-24.866591,-115.904262,-12.087287,-0.257512,-108.990552,2.98091
1782501586.132945,36.360273,rotate_to_60deg_about_tip,0.002164,3.8835,17.892237,-24.867241,-115.904262,-12.087409,-0.2554,-108.990552,2.976278
1782501586.142949,36.370276,rotate_to_60deg_about_tip,0.002315,3.877,17.895563,-24.867024,-115.904262,-12.087485,-0.253475,-108.990552,2.97341
1782501586.15295,36.380278,rotate_to_60deg_about_tip,0.00257,3.867,17.90068,-24.866691,-115.904262,-12.087601,-0.250513,-108.990552,2.968998
1782501586.16295,36.390277,rotate_to_60deg_about_tip,0.002434,3.8565,17.905292,-24.86734,-115.904262,-12.087723,-0.248404,-108.990552,2.964364
1782501586.172951,36.400279,rotate_to_60deg_about_tip,0.001769,3.846,17.910016,-24.86699,-115.904262,-12.086845,-0.245295,-108.990552,2.96073
1782501586.182948,36.410275,rotate_to_60deg_about_tip,0.002107,3.8345,17.9159,-24.866606,-115.904262,-12.086979,-0.241892,-108.990552,2.955654
1782501586.19295,36.420278,rotate_to_60deg_about_tip,0.001883,3.8235,17.920768,-24.86724,-115.904262,-12.087108,-0.239638,-108.990552,2.950798
1782501586.20295,36.430277,rotate_to_60deg_about_tip,0.002149,3.813,17.92614,-24.866889,-115.904262,-12.08723,-0.236532,-108.990552,2.946162
1782501586.212966,36.440294,rotate_to_60deg_about_tip,0.002413,3.8035,17.931,-24.866573,-115.904262,-12.087341,-0.233723,-108.990552,2.941967
1782501586.222945,36.450272,rotate_to_60deg_about_tip,0.001336,3.7925,17.935218,-24.867206,-115.904262,-12.086469,-0.231471,-108.990552,2.938109
1782501586.23296,36.460288,rotate_to_60deg_about_tip,0.001651,3.782,17.94059,-24.866856,-115.904262,-12.086592,-0.228368,-108.990552,2.933472
1782501586.242945,36.470273,rotate_to_60deg_about_tip,0.001808,3.777,17.943148,-24.866689,-115.904262,-12.08665,-0.226891,-108.990552,2.931263
1782501586.252959,36.480287,rotate_to_60deg_about_tip,0.001536,3.7665,17.947759,-24.867339,-115.904262,-12.086773,-0.224789,-108.990552,2.926625
1782501586.262949,36.490276,rotate_to_60deg_about_tip,0.001128,3.7555,17.952737,-24.866972,-115.904262,-12.085901,-0.22154,-108.990552,2.922765
1782501586.272945,36.500273,rotate_to_60deg_about_tip,0.001495,3.745,17.958108,-24.866622,-115.904262,-12.086024,-0.21844,-108.990552,2.918125
1782501586.28295,36.510278,rotate_to_60deg_about_tip,0.001089,3.733,17.963487,-24.867222,-115.904262,-12.086165,-0.215898,-108.990552,2.912822
1782501586.292951,36.520279,rotate_to_60deg_about_tip,0.001428,3.7225,17.968858,-24.866872,-115.904262,-12.086288,-0.2128,-108.990552,2.908181
1782501586.302943,36.530271,rotate_to_60deg_about_tip,0.001628,3.7165,17.971927,-24.866672,-115.904262,-12.086358,-0.21103,-108.990552,2.905529
1782501586.312951,36.540279,rotate_to_60deg_about_tip,0.00127,3.7065,17.976282,-24.867339,-115.904262,-12.086475,-0.20908,-108.990552,2.901108
1782501586.322949,36.550277,rotate_to_60deg_about_tip,0.000987,3.6965,17.980747,-24.867006,-115.904262,-12.085592,-0.206132,-108.990552,2.897687
1782501586.332947,36.560274,rotate_to_60deg_about_tip,0.001444,3.6835,17.987396,-24.866572,-115.904262,-12.085745,-0.202299,-108.990552,2.891939
1782501586.342952,36.570279,rotate_to_60deg_about_tip,0.000895,3.673,17.992006,-24.867223,-115.904262,-12.085868,-0.200205,-108.990552,2.887296
1782501586.352963,36.58029,rotate_to_60deg_about_tip,0.001241,3.663,17.997121,-24.866889,-115.904262,-12.085986,-0.197259,-108.990552,2.882873
1782501586.362951,36.590278,rotate_to_60deg_about_tip,0.001642,3.6515,18.003002,-24.866506,-115.904262,-12.086121,-0.193872,-108.990552,2.877786
1782501586.372954,36.600281,rotate_to_60deg_about_tip,0.00116,3.642,18.007101,-24.86719,-115.904262,-12.086232,-0.192075,-108.990552,2.873583
1782501586.382964,36.610291,rotate_to_60deg_about_tip,0.001351,3.636,18.01017,-24.86699,-115.904262,-12.086303,-0.190308,-108.990552,2.870928
1782501586.392949,36.620277,rotate_to_60deg_about_tip,0.00153,3.6305,18.012983,-24.866807,-115.904262,-12.086368,-0.188689,-108.990552,2.868495
1782501586.40297,36.630297,rotate_to_60deg_about_tip,0.001897,3.6195,18.018608,-24.86644,-115.904262,-12.086497,-0.185452,-108.990552,2.863627
1782501586.412952,36.64028,rotate_to_60deg_about_tip,0.000859,3.6105,18.0218,-24.86714,-115.904262,-12.085603,-0.183805,-108.990552,2.860644
1782501586.422952,36.650279,rotate_to_60deg_about_tip,0.001265,3.599,18.027681,-24.866757,-115.904262,-12.085739,-0.180422,-108.990552,2.855554
1782501586.432953,36.66028,rotate_to_60deg_about_tip,0.001635,3.5885,18.03305,-24.866408,-115.904262,-12.085862,-0.177335,-108.990552,2.850906
1782501586.442952,36.67028,rotate_to_60deg_about_tip,0.001081,3.5785,18.037404,-24.867075,-115.904262,-12.08598,-0.175395,-108.990552,2.846479
1782501586.45295,36.680278,rotate_to_60deg_about_tip,0.001477,3.567,18.043285,-24.866692,-115.904262,-12.086116,-0.172015,-108.990552,2.841387
1782501586.462947,36.690274,rotate_to_60deg_about_tip,0.001808,3.5575,18.048142,-24.866375,-115.904262,-12.086228,-0.169224,-108.990552,2.83718
1782501586.472946,36.700274,rotate_to_60deg_about_tip,0.00136,3.547,18.052752,-24.867026,-115.904262,-12.086352,-0.16714,-108.990552,2.83253
1782501586.48295,36.710278,rotate_to_60deg_about_tip,0.001536,3.5415,18.055564,-24.866843,-115.904262,-12.086417,-0.165525,-108.990552,2.830094
1782501586.492955,36.720282,rotate_to_60deg_about_tip,0.001553,3.529,18.061304,-24.866426,-115.904262,-12.085565,-0.161855,-108.990552,2.825556
1782501586.502952,36.73028,rotate_to_60deg_about_tip,0.000946,3.5185,18.065913,-24.867077,-115.904262,-12.085689,-0.159774,-108.990552,2.820905
1782501586.512952,36.74028,rotate_to_60deg_about_tip,0.001299,3.5085,18.071026,-24.866744,-115.904262,-12.085808,-0.156839,-108.990552,2.816474
1782501586.522948,36.750275,rotate_to_60deg_about_tip,0.000818,3.4975,18.075891,-24.867378,-115.904262,-12.085938,-0.154613,-108.990552,2.811599
1782501586.532949,36.760276,rotate_to_60deg_about_tip,0.001166,3.487,18.081259,-24.867028,-115.904262,-12.086062,-0.151534,-108.990552,2.806946
1782501586.542947,36.770274,rotate_to_60deg_about_tip,0.001525,3.4765,18.086626,-24.866679,-115.904262,-12.086187,-0.148455,-108.990552,2.802292
1782501586.55295,36.780277,rotate_to_60deg_about_tip,0.001122,3.4665,18.09098,-24.867346,-115.904262,-12.086305,-0.146524,-108.990552,2.797859
1782501586.562944,36.790271,rotate_to_60deg_about_tip,0.001436,3.456,18.096347,-24.866997,-115.904262,-12.08643,-0.143448,-108.990552,2.793204
1782501586.572941,36.800269,rotate_to_60deg_about_tip,0.001789,3.445,18.10197,-24.866631,-115.904262,-12.08656,-0.140225,-108.990552,2.788326
1782501586.582951,36.810278,rotate_to_60deg_about_tip,0.000544,3.4405,18.10286,-24.867481,-115.904262,-12.085614,-0.139907,-108.990552,2.787331
1782501586.592945,36.820272,rotate_to_60deg_about_tip,0.000966,3.4285,18.108994,-24.867082,-115.904262,-12.085756,-0.136394,-108.990552,2.782009
1782501586.602947,36.830274,rotate_to_60deg_about_tip,0.001318,3.4185,18.114106,-24.866749,-115.904262,-12.085875,-0.133467,-108.990552,2.777573
1782501586.612947,36.840275,rotate_to_60deg_about_tip,0.000816,3.409,18.118203,-24.867433,-115.904262,-12.085988,-0.131686,-108.990552,2.773359
1782501586.622953,36.850281,rotate_to_60deg_about_tip,0.001187,3.3975,18.124081,-24.867051,-115.904262,-12.086125,-0.128322,-108.990552,2.768257
1782501586.63295,36.860277,rotate_to_60deg_about_tip,0.001524,3.3875,18.129192,-24.866718,-115.904262,-12.086244,-0.125397,-108.990552,2.76382
1782501586.642961,36.870288,rotate_to_60deg_about_tip,0.001164,3.377,18.1338,-24.867369,-115.904262,-12.086369,-0.123327,-108.990552,2.759161
1782501586.652946,36.880274,rotate_to_60deg_about_tip,0.0015,3.3655,18.139678,-24.866986,-115.904262,-12.086506,-0.119965,-108.990552,2.754057
1782501586.662946,36.890273,rotate_to_60deg_about_tip,0.001356,3.355,18.144391,-24.866637,-115.904262,-12.085632,-0.116897,-108.990552,2.750397
1782501586.672961,36.900288,rotate_to_60deg_about_tip,0.000799,3.344,18.149255,-24.867271,-115.904262,-12.085763,-0.114683,-108.990552,2.745514
1782501586.68295,36.910277,rotate_to_60deg_about_tip,0.000938,3.34,18.151299,-24.867138,-115.904262,-12.08581,-0.113515,-108.990552,2.743738
1782501586.692947,36.920274,rotate_to_60deg_about_tip,0.001342,3.3285,18.157176,-24.866756,-115.904262,-12.085948,-0.110156,-108.990552,2.738632
1782501586.702946,36.930274,rotate_to_60deg_about_tip,0.000914,3.3175,18.162039,-24.86739,-115.904262,-12.086079,-0.107945,-108.990552,2.733747
1782501586.712946,36.940274,rotate_to_60deg_about_tip,0.001263,3.3065,18.16766,-24.867024,-115.904262,-12.086211,-0.104734,-108.990552,2.728862
1782501586.722954,36.950281,rotate_to_60deg_about_tip,0.001663,3.2945,18.173792,-24.866625,-115.904262,-12.086354,-0.101233,-108.990552,2.723532
1782501586.732951,36.960279,rotate_to_60deg_about_tip,0.00051,3.2895,18.174937,-24.867459,-115.904262,-12.085414,-0.100775,-108.990552,2.722311
1782501586.742948,36.970276,rotate_to_60deg_about_tip,0.000891,3.2785,18.180557,-24.867094,-115.904262,-12.085546,-0.097567,-108.990552,2.717424
1782501586.752948,36.980275,rotate_to_60deg_about_tip,0.001277,3.2675,18.186178,-24.866728,-115.904262,-12.085677,-0.09436,-108.990552,2.712537
1782501586.762948,36.990276,rotate_to_60deg_about_tip,0.000713,3.2575,18.19053,-24.867396,-115.904262,-12.085797,-0.092445,-108.990552,2.708093
1782501586.772948,37.000276,rotate_to_60deg_about_tip,0.001056,3.2475,18.195639,-24.867063,-115.904262,-12.085917,-0.089531,-108.990552,2.703649
1782501586.782952,37.010279,rotate_to_60deg_about_tip,0.001798,3.2365,18.198449,-24.8683,-115.904262,-12.083604,-0.087928,-108.990552,2.701204
1782501586.792948,37.020276,rotate_to_60deg_about_tip,0.001649,3.2305,18.204324,-24.866498,-115.904262,-12.086121,-0.084579,-108.990552,2.696093
1782501586.802948,37.030276,rotate_to_60deg_about_tip,0.001198,3.22,18.208932,-24.867149,-115.904262,-12.086247,-0.082521,-108.990552,2.691425
1782501586.812946,37.040274,rotate_to_60deg_about_tip,0.00139,3.214,18.211997,-24.86695,-115.904262,-12.086319,-0.080775,-108.990552,2.688757
1782501586.822954,37.050281,rotate_to_60deg_about_tip,0.001738,3.2035,18.217361,-24.866601,-115.904262,-12.086445,-0.077719,-108.990552,2.684089
1782501586.83295,37.060277,rotate_to_60deg_about_tip,0.001424,3.192,18.222479,-24.867219,-115.904262,-12.086583,-0.075372,-108.990552,2.678975
1782501586.842959,37.070286,rotate_to_60deg_about_tip,0.001166,3.181,18.227444,-24.866854,-115.904262,-12.085716,-0.072173,-108.990552,2.675083
1782501586.852952,37.08028,rotate_to_60deg_about_tip,0.001519,3.171,18.232553,-24.866522,-115.904262,-12.085836,-0.069265,-108.990552,2.670634
1782501586.862947,37.090274,rotate_to_60deg_about_tip,0.000973,3.161,18.236904,-24.867189,-115.904262,-12.085956,-0.067357,-108.990552,2.666186
1782501586.872942,37.100269,rotate_to_60deg_about_tip,0.001333,3.1505,18.242267,-24.866841,-115.904262,-12.086083,-0.064305,-108.990552,2.661514
1782501586.882972,37.1103,rotate_to_60deg_about_tip,0.001697,3.14,18.247631,-24.866492,-115.904262,-12.086209,-0.061255,-108.990552,2.656842
1782501586.892948,37.120275,rotate_to_60deg_about_tip,0.001889,3.1345,18.25044,-24.866309,-115.904262,-12.086276,-0.059657,-108.990552,2.654395
1782501586.902947,37.130274,rotate_to_60deg_about_tip,0.001489,3.1225,18.255812,-24.866911,-115.904262,-12.08642,-0.057172,-108.990552,2.649054
1782501586.91295,37.140277,rotate_to_60deg_about_tip,0.001816,3.1125,18.26092,-24.866579,-115.904262,-12.086541,-0.054268,-108.990552,2.644603
1782501586.922949,37.150277,rotate_to_60deg_about_tip,0.001505,3.1015,18.265782,-24.867214,-115.904262,-12.086674,-0.052075,-108.990552,2.639707
1782501586.932955,37.160282,rotate_to_60deg_about_tip,0.00179,3.0915,18.270889,-24.866882,-115.904262,-12.086794,-0.049173,-108.990552,2.635255
1782501586.94295,37.170278,rotate_to_60deg_about_tip,0.002128,3.0805,18.276507,-24.866516,-115.904262,-12.086927,-0.045982,-108.990552,2.630357
1782501586.952949,37.180277,rotate_to_60deg_about_tip,0.001876,3.0695,18.281368,-24.867151,-115.904262,-12.08706,-0.043792,-108.990552,2.625458
1782501586.962951,37.190279,rotate_to_60deg_about_tip,0.00213,3.06,18.28622,-24.866836,-115.904262,-12.087175,-0.041037,-108.990552,2.621227
1782501586.972946,37.200274,rotate_to_60deg_about_tip,0.001749,3.0495,18.290927,-24.866487,-115.904262,-12.086302,-0.037994,-108.990552,2.617551
1782501586.982948,37.210275,rotate_to_60deg_about_tip,0.002113,3.039,18.296289,-24.866139,-115.904262,-12.086429,-0.034951,-108.990552,2.612873
1782501586.992953,37.22028,rotate_to_60deg_about_tip,0.001703,3.0275,18.301406,-24.866757,-115.904262,-12.086569,-0.03262,-108.990552,2.60775
1782501587.002943,37.23027,rotate_to_60deg_about_tip,0.001881,3.022,18.304214,-24.866575,-115.904262,-12.086635,-0.031027,-108.990552,2.605299
1782501587.012953,37.24028,rotate_to_60deg_about_tip,0.001767,3.012,18.308666,-24.866243,-115.904262,-12.085757,-0.028131,-108.990552,2.601843
1782501587.022951,37.250278,rotate_to_60deg_about_tip,0.001154,3.0025,18.31276,-24.866928,-115.904262,-12.085872,-0.026381,-108.990552,2.597609
1782501587.032951,37.260278,rotate_to_60deg_about_tip,0.001559,2.991,18.318632,-24.866546,-115.904262,-12.086011,-0.023053,-108.990552,2.592483
1782501587.042949,37.270277,rotate_to_60deg_about_tip,0.001947,2.98,18.324249,-24.866181,-115.904262,-12.086145,-0.01987,-108.990552,2.58758
1782501587.052947,37.280274,rotate_to_60deg_about_tip,0.001449,2.9695,18.328854,-24.866833,-115.904262,-12.086272,-0.017833,-108.990552,2.582899
1782501587.06295,37.290277,rotate_to_60deg_about_tip,0.001788,2.9595,18.333959,-24.866501,-115.904262,-12.086394,-0.014941,-108.990552,2.57844
1782501587.072952,37.30028,rotate_to_60deg_about_tip,0.002149,2.949,18.33932,-24.866153,-115.904262,-12.086522,-0.011906,-108.990552,2.573758
1782501587.082965,37.310293,rotate_to_60deg_about_tip,0.001196,2.9385,18.34327,-24.866804,-115.904262,-12.085649,-0.009872,-108.990552,2.570075
1782501587.092953,37.320281,rotate_to_60deg_about_tip,0.001565,2.928,18.34863,-24.866456,-115.904262,-12.085777,-0.006838,-108.990552,2.565392
1782501587.102948,37.330276,rotate_to_60deg_about_tip,0.001776,2.922,18.351693,-24.866257,-115.904262,-12.08585,-0.005105,-108.990552,2.562715
1782501587.11295,37.340277,rotate_to_60deg_about_tip,0.00122,2.9115,18.356298,-24.866909,-115.904262,-12.085978,-0.003073,-108.990552,2.558031
1782501587.122949,37.350276,rotate_to_60deg_about_tip,0.00164,2.8995,18.362424,-24.866511,-115.904262,-12.086124,0.000392,-108.990552,2.552677
1782501587.132957,37.360285,rotate_to_60deg_about_tip,0.001225,2.888,18.367539,-24.86713,-115.904262,-12.086265,0.002711,-108.990552,2.547546
1782501587.142949,37.370276,rotate_to_60deg_about_tip,0.001582,2.877,18.373154,-24.866765,-115.904262,-12.086399,0.005885,-108.990552,2.542636
1782501587.152948,37.380276,rotate_to_60deg_about_tip,0.001558,2.8665,18.377858,-24.866417,-115.904262,-12.085527,0.008913,-108.990552,2.53895
1782501587.162948,37.390276,rotate_to_60deg_about_tip,0.000925,2.8565,18.382207,-24.867085,-115.904262,-12.085649,0.010797,-108.990552,2.534486
1782501587.172946,37.400274,rotate_to_60deg_about_tip,0.001278,2.8465,18.387311,-24.866754,-115.904262,-12.085771,0.01368,-108.990552,2.530022
1782501587.183026,37.410353,rotate_to_60deg_about_tip,0.001472,2.841,18.390118,-24.866572,-115.904262,-12.085839,0.015265,-108.990552,2.527566
1782501587.192952,37.42028,rotate_to_60deg_about_tip,0.001684,2.835,18.39318,-24.866373,-115.904262,-12.085912,0.016994,-108.990552,2.524887
1782501587.20295,37.430278,rotate_to_60deg_about_tip,0.002024,2.8185,18.397784,-24.868554,-115.904262,-12.083434,0.019019,-108.990552,2.520198
1782501587.212963,37.440291,rotate_to_60deg_about_tip,0.001517,2.814,18.403143,-24.866677,-115.904262,-12.086169,0.022043,-108.990552,2.515509
1782501587.222949,37.450277,rotate_to_60deg_about_tip,0.000659,2.803,18.407346,-24.867312,-115.904262,-12.085304,0.024211,-108.990552,2.511595
1782501587.232949,37.460277,rotate_to_60deg_about_tip,0.001022,2.792,18.41296,-24.866948,-115.904262,-12.085438,0.027377,-108.990552,2.506682
1782501587.242947,37.470275,rotate_to_60deg_about_tip,0.001312,2.7835,18.417298,-24.866666,-115.904262,-12.085542,0.029823,-108.990552,2.502884
1782501587.252949,37.480276,rotate_to_60deg_about_tip,0.00075,2.772,18.422412,-24.867285,-115.904262,-12.085683,0.032132,-108.990552,2.497746
1782501587.262948,37.490276,rotate_to_60deg_about_tip,0.001103,2.762,18.427515,-24.866954,-115.904262,-12.085806,0.035008,-108.990552,2.493277
1782501587.272856,37.500183,rotate_to_60deg_about_tip,0.001491,2.751,18.433128,-24.866589,-115.904262,-12.085941,0.038171,-108.990552,2.488361
1782501587.282946,37.510273,rotate_to_60deg_about_tip,0.000991,2.741,18.437476,-24.867258,-115.904262,-12.086064,0.040046,-108.990552,2.483891
1782501587.292951,37.520278,rotate_to_60deg_about_tip,0.001339,2.7305,18.442834,-24.86691,-115.904262,-12.086193,0.043063,-108.990552,2.479198
1782501587.302944,37.530272,rotate_to_60deg_about_tip,0.001542,2.7245,18.445895,-24.866712,-115.904262,-12.086267,0.044787,-108.990552,2.476515
1782501587.312948,37.540276,rotate_to_60deg_about_tip,0.000621,2.7135,18.450097,-24.867347,-115.904262,-12.085402,0.046947,-108.990552,2.472597
1782501587.322953,37.55028,rotate_to_60deg_about_tip,0.000946,2.704,18.454944,-24.867033,-115.904262,-12.085519,0.049675,-108.990552,2.468349
1782501587.332954,37.560282,rotate_to_60deg_about_tip,0.001295,2.694,18.460046,-24.866701,-115.904262,-12.085642,0.052546,-108.990552,2.463877
1782501587.342952,37.57028,rotate_to_60deg_about_tip,0.000732,2.6835,18.464649,-24.867354,-115.904262,-12.085771,0.054559,-108.990552,2.459181
1782501587.352953,37.58028,rotate_to_60deg_about_tip,0.001097,2.673,18.470006,-24.867006,-115.904262,-12.0859,0.057572,-108.990552,2.454484
1782501587.362951,37.590279,rotate_to_60deg_about_tip,0.001465,2.6625,18.475363,-24.866658,-115.904262,-12.08603,0.060584,-108.990552,2.449787
1782501587.372947,37.600275,rotate_to_60deg_about_tip,0.001817,2.6525,18.480464,-24.866327,-115.904262,-12.086153,0.063452,-108.990552,2.445312
1782501587.382944,37.610272,rotate_to_60deg_about_tip,0.00136,2.6415,18.485322,-24.866963,-115.904262,-12.086289,0.065605,-108.990552,2.44039
1782501587.39295,37.620278,rotate_to_60deg_about_tip,0.00171,2.631,18.490679,-24.866616,-115.904262,-12.086419,0.068615,-108.990552,2.435691
1782501587.402945,37.630273,rotate_to_60deg_about_tip,0.001896,2.6255,18.493484,-24.866434,-115.904262,-12.086486,0.070191,-108.990552,2.43323
1782501587.412948,37.640276,rotate_to_60deg_about_tip,0.00095,2.614,18.49794,-24.867053,-115.904262,-12.085628,0.072485,-108.990552,2.429082
1782501587.422964,37.650291,rotate_to_60deg_about_tip,0.001373,2.602,18.504061,-24.866656,-115.904262,-12.085777,0.075922,-108.990552,2.42371
1782501587.432949,37.660277,rotate_to_60deg_about_tip,0.001779,2.5905,18.509926,-24.866275,-115.904262,-12.085919,0.079214,-108.990552,2.418562
1782501587.442951,37.670279,rotate_to_60deg_about_tip,0.001224,2.5805,18.514274,-24.866944,-115.904262,-12.086043,0.081076,-108.990552,2.414084
1782501587.45295,37.680278,rotate_to_60deg_about_tip,0.001605,2.5695,18.519884,-24.86658,-115.904262,-12.086179,0.084223,-108.990552,2.409158
1782501587.462947,37.690275,rotate_to_60deg_about_tip,0.001762,2.565,18.522179,-24.866431,-115.904262,-12.086235,0.085511,-108.990552,2.407142
1782501587.472961,37.700288,rotate_to_60deg_about_tip,0.001345,2.554,18.527036,-24.867067,-115.904262,-12.086371,0.087657,-108.990552,2.402215
1782501587.482948,37.710276,rotate_to_60deg_about_tip,0.001683,2.5435,18.532392,-24.86672,-115.904262,-12.086501,0.090659,-108.990552,2.397512
1782501587.492959,37.720287,rotate_to_60deg_about_tip,0.002032,2.533,18.537747,-24.866373,-115.904262,-12.086631,0.09366,-108.990552,2.392808
1782501587.502949,37.730277,rotate_to_60deg_about_tip,0.001708,2.5215,18.542858,-24.866992,-115.904262,-12.086774,0.095946,-108.990552,2.387655
1782501587.51296,37.740288,rotate_to_60deg_about_tip,0.002025,2.511,18.548213,-24.866645,-115.904262,-12.086904,0.098946,-108.990552,2.38295
1782501587.522947,37.750275,rotate_to_60deg_about_tip,0.002357,2.5005,18.553568,-24.866298,-115.904262,-12.087035,0.101944,-108.990552,2.378244
1782501587.532968,37.760295,rotate_to_60deg_about_tip,0.002062,2.49,18.558169,-24.86695,-115.904262,-12.087165,0.103942,-108.990552,2.373537
1782501587.542949,37.770277,rotate_to_60deg_about_tip,0.002359,2.4795,18.563524,-24.866603,-115.904262,-12.087296,0.106939,-108.990552,2.36883
1782501587.552949,37.780277,rotate_to_60deg_about_tip,0.00201,2.469,18.568219,-24.866256,-115.904262,-12.086426,0.109935,-108.990552,2.365123
1782501587.56295,37.790278,rotate_to_60deg_about_tip,0.001589,2.4585,18.572821,-24.866909,-115.904262,-12.086557,0.11193,-108.990552,2.360415
1782501587.57295,37.800278,rotate_to_60deg_about_tip,0.001732,2.454,18.575115,-24.86676,-115.904262,-12.086613,0.113213,-108.990552,2.358397
1782501587.58295,37.810278,rotate_to_60deg_about_tip,0.001942,2.4475,18.57843,-24.866545,-115.904262,-12.086694,0.115067,-108.990552,2.355482
1782501587.592948,37.820276,rotate_to_60deg_about_tip,0.002273,2.4375,18.583528,-24.866214,-115.904262,-12.086818,0.117918,-108.990552,2.350997
1782501587.60295,37.830277,rotate_to_60deg_about_tip,0.000847,2.4205,18.588639,-24.86822,-115.904262,-12.084563,0.120195,-108.990552,2.345839
1782501587.612947,37.840274,rotate_to_60deg_about_tip,0.002301,2.4145,18.594502,-24.866454,-115.904262,-12.087105,0.123472,-108.990552,2.34068
1782501587.62295,37.850278,rotate_to_60deg_about_tip,0.002041,2.4045,18.598848,-24.867124,-115.904262,-12.08723,0.12532,-108.990552,2.336194
1782501587.632947,37.860275,rotate_to_60deg_about_tip,0.002333,2.3935,18.604457,-24.86676,-115.904262,-12.087367,0.128452,-108.990552,2.331258
1782501587.642946,37.870273,rotate_to_60deg_about_tip,0.002488,2.388,18.607261,-24.866578,-115.904262,-12.087436,0.130018,-108.990552,2.32879
1782501587.652951,37.880279,rotate_to_60deg_about_tip,0.002142,2.3765,18.612464,-24.866198,-115.904262,-12.086579,0.133291,-108.990552,2.324629
1782501587.662952,37.89028,rotate_to_60deg_about_tip,0.001728,2.3665,18.61681,-24.866868,-115.904262,-12.086704,0.135136,-108.990552,2.32014
1782501587.672949,37.900276,rotate_to_60deg_about_tip,0.002074,2.3555,18.622418,-24.866504,-115.904262,-12.086842,0.138265,-108.990552,2.315202
1782501587.682947,37.910275,rotate_to_60deg_about_tip,0.002368,2.3465,18.627005,-24.866207,-115.904262,-12.086954,0.140824,-108.990552,2.311162
1782501587.692949,37.920276,rotate_to_60deg_about_tip,0.002055,2.3355,18.631861,-24.866844,-115.904262,-12.087092,0.142952,-108.990552,2.306223
1782501587.702967,37.930294,rotate_to_60deg_about_tip,0.00238,2.3245,18.637468,-24.86648,-115.904262,-12.08723,0.146078,-108.990552,2.301284
1782501587.712848,37.940176,rotate_to_60deg_about_tip,0.002182,2.313,18.642578,-24.8671,-115.904262,-12.087374,0.148345,-108.990552,2.296119
1782501587.722842,37.950169,rotate_to_60deg_about_tip,0.001678,2.302,18.647525,-24.866737,-115.904262,-12.086512,0.15147,-108.990552,2.292178
1782501587.732842,37.96017,rotate_to_60deg_about_tip,0.001843,2.297,18.650073,-24.866572,-115.904262,-12.086574,0.152889,-108.990552,2.289932
1782501587.742942,37.97027,rotate_to_60deg_about_tip,0.001514,2.287,18.654418,-24.867241,-115.904262,-12.0867,0.154729,-108.990552,2.28544
1782501587.752948,37.980276,rotate_to_60deg_about_tip,0.001827,2.276,18.660025,-24.866878,-115.904262,-12.086838,0.157851,-108.990552,2.280498
1782501587.762944,37.990272,rotate_to_60deg_about_tip,0.001538,2.266,18.664462,-24.866548,-115.904262,-12.085963,0.160688,-108.990552,2.277004
1782501587.772946,38.000273,rotate_to_60deg_about_tip,0.001087,2.2545,18.669571,-24.867168,-115.904262,-12.086108,0.16295,-108.990552,2.271836
1782501587.782948,38.010276,rotate_to_60deg_about_tip,0.001421,2.2445,18.674667,-24.866838,-115.904262,-12.086233,0.165786,-108.990552,2.267342
1782501587.792879,38.020206,rotate_to_60deg_about_tip,0.001102,2.234,18.679267,-24.867491,-115.904262,-12.086365,0.167762,-108.990552,2.262622
1782501587.802945,38.030273,rotate_to_60deg_about_tip,0.001395,2.2235,18.684617,-24.867145,-115.904262,-12.086498,0.170738,-108.990552,2.257902
1782501587.812946,38.040273,rotate_to_60deg_about_tip,0.00118,2.2135,18.689053,-24.866815,-115.904262,-12.085623,0.173572,-108.990552,2.254406
1782501587.822944,38.050272,rotate_to_60deg_about_tip,0.000664,2.202,18.694162,-24.867435,-115.904262,-12.085768,0.175829,-108.990552,2.249235
1782501587.832963,38.060291,rotate_to_60deg_about_tip,0.000835,2.197,18.69671,-24.86727,-115.904262,-12.085831,0.177245,-108.990552,2.246986
1782501587.842945,38.070273,rotate_to_60deg_about_tip,0.001218,2.186,18.702315,-24.866907,-115.904262,-12.08597,0.180359,-108.990552,2.242039
1782501587.85296,38.080287,rotate_to_60deg_about_tip,0.00085,2.175,18.707169,-24.867544,-115.904262,-12.086108,0.182473,-108.990552,2.237092
1782501587.862959,38.090286,rotate_to_60deg_about_tip,0.001177,2.164,18.712773,-24.867181,-115.904262,-12.086247,0.185585,-108.990552,2.232143
1782501587.872945,38.100273,rotate_to_60deg_about_tip,0.001484,2.1545,18.717614,-24.866867,-115.904262,-12.086367,0.188272,-108.990552,2.227869
1782501587.882948,38.110276,rotate_to_60deg_about_tip,0.001226,2.1435,18.722467,-24.867504,-115.904262,-12.086506,0.190383,-108.990552,2.22292
1782501587.89295,38.120277,rotate_to_60deg_about_tip,0.000905,2.1315,18.72792,-24.867108,-115.904262,-12.085657,0.193775,-108.990552,2.21852
1782501587.902955,38.130283,rotate_to_60deg_about_tip,0.0011,2.126,18.730723,-24.866927,-115.904262,-12.085727,0.19533,-108.990552,2.216045
1782501587.912947,38.140274,rotate_to_60deg_about_tip,0.000623,2.1155,18.735321,-24.867581,-115.904262,-12.08586,0.197296,-108.990552,2.211319
1782501587.922946,38.150274,rotate_to_60deg_about_tip,0.000994,2.104,18.74118,-24.867201,-115.904262,-12.086005,0.200545,-108.990552,2.206142
1782501587.932945,38.160273,rotate_to_60deg_about_tip,0.0013,2.095,18.745764,-24.866904,-115.904262,-12.086119,0.203087,-108.990552,2.202091
1782501587.942982,38.17031,rotate_to_60deg_about_tip,0.000997,2.0835,18.750872,-24.867525,-115.904262,-12.086265,0.205333,-108.990552,2.196913
1782501587.952949,38.180277,rotate_to_60deg_about_tip,0.001294,2.073,18.756221,-24.867179,-115.904262,-12.086398,0.208297,-108.990552,2.192185
1782501587.96295,38.190278,rotate_to_60deg_about_tip,0.001163,2.062,18.761163,-24.866816,-115.904262,-12.085537,0.2114,-108.990552,2.188231
1782501587.972947,38.200274,rotate_to_60deg_about_tip,0.000546,2.0525,18.765252,-24.867503,-115.904262,-12.085657,0.21308,-108.990552,2.183952
1782501587.982954,38.210282,rotate_to_60deg_about_tip,0.000913,2.042,18.7706,-24.867156,-115.904262,-12.08579,0.216041,-108.990552,2.179223
1782501587.992966,38.220294,rotate_to_60deg_about_tip,0.001124,2.036,18.773656,-24.866959,-115.904262,-12.085867,0.217732,-108.990552,2.17652
1782501588.002951,38.230278,rotate_to_60deg_about_tip,0.001511,2.025,18.779259,-24.866596,-115.904262,-12.086006,0.220833,-108.990552,2.171564
1782501588.012948,38.240275,rotate_to_60deg_about_tip,0.000881,2.02,18.781055,-24.867431,-115.904262,-12.08607,0.221242,-108.990552,2.169311
1782501588.022965,38.250293,rotate_to_60deg_about_tip,0.001246,2.0085,18.786912,-24.867052,-115.904262,-12.086216,0.224481,-108.990552,2.164129
1782501588.032953,38.26028,rotate_to_60deg_about_tip,0.001613,1.9975,18.792514,-24.866689,-115.904262,-12.086356,0.227579,-108.990552,2.159172
1782501588.042947,38.270274,rotate_to_60deg_about_tip,0.00067,1.986,18.79696,-24.86731,-115.904262,-12.085502,0.229817,-108.990552,2.154989
1782501588.052973,38.2803,rotate_to_60deg_about_tip,0.001055,1.975,18.802562,-24.866948,-115.904262,-12.085642,0.232913,-108.990552,2.15003
1782501588.06295,38.290277,rotate_to_60deg_about_tip,0.001424,1.9645,18.807909,-24.866602,-115.904262,-12.085775,0.235868,-108.990552,2.145296
1782501588.072949,38.300277,rotate_to_60deg_about_tip,0.001794,1.954,18.813256,-24.866256,-115.904262,-12.085909,0.238821,-108.990552,2.140562
1782501588.082951,38.310279,rotate_to_60deg_about_tip,0.001063,1.949,18.815052,-24.867091,-115.904262,-12.085973,0.239227,-108.990552,2.138308
1782501588.092947,38.320274,rotate_to_60deg_about_tip,0.001409,1.939,18.820144,-24.866761,-115.904262,-12.0861,0.242039,-108.990552,2.133798
1782501588.1029,38.330228,rotate_to_60deg_about_tip,0.001776,1.9285,18.825491,-24.866415,-115.904262,-12.086234,0.244991,-108.990552,2.129063
1782501588.112956,38.340283,rotate_to_60deg_about_tip,0.001405,1.916,18.831106,-24.867004,-115.904262,-12.086393,0.247503,-108.990552,2.123424
1782501588.122847,38.350175,rotate_to_60deg_about_tip,0.001566,1.911,18.833652,-24.866839,-115.904262,-12.086457,0.248908,-108.990552,2.121169
1782501588.132943,38.360271,rotate_to_60deg_about_tip,0.001594,1.8975,18.839864,-24.866394,-115.904262,-12.08563,0.252699,-108.990552,2.116078
1782501588.142951,38.370279,rotate_to_60deg_about_tip,0.001035,1.886,18.84497,-24.867015,-115.904262,-12.085776,0.254928,-108.990552,2.110889
1782501588.152946,38.380273,rotate_to_60deg_about_tip,0.001405,1.8755,18.850316,-24.86667,-115.904262,-12.085911,0.257875,-108.990552,2.106151
1782501588.162948,38.390276,rotate_to_60deg_about_tip,0.001812,1.864,18.85617,-24.866291,-115.904262,-12.086058,0.261102,-108.990552,2.100961
1782501588.172947,38.400274,rotate_to_60deg_about_tip,0.001294,1.854,18.860512,-24.866962,-115.904262,-12.086186,0.262907,-108.990552,2.096447
1782501588.18295,38.410277,rotate_to_60deg_about_tip,0.001463,1.849,18.863058,-24.866797,-115.904262,-12.08625,0.264309,-108.990552,2.09419
1782501588.192953,38.420281,rotate_to_60deg_about_tip,0.001841,1.838,18.868658,-24.866435,-115.904262,-12.08639,0.267394,-108.990552,2.089224
1782501588.202946,38.430274,rotate_to_60deg_about_tip,0.001435,1.828,18.872999,-24.867105,-115.904262,-12.086518,0.269197,-108.990552,2.08471
1782501588.212949,38.440277,rotate_to_60deg_about_tip,0.001777,1.817,18.878599,-24.866743,-115.904262,-12.086659,0.272279,-108.990552,2.079743
1782501588.222947,38.450275,rotate_to_60deg_about_tip,0.001626,1.8065,18.883281,-24.866398,-115.904262,-12.085794,0.27522,-108.990552,2.076001
1782501588.232947,38.460274,rotate_to_60deg_about_tip,0.001124,1.7945,18.888641,-24.867002,-115.904262,-12.085948,0.277581,-108.990552,2.070581
1782501588.24295,38.470278,rotate_to_60deg_about_tip,0.001491,1.784,18.893985,-24.866657,-115.904262,-12.086083,0.28052,-108.990552,2.065838
1782501588.252948,38.480275,rotate_to_60deg_about_tip,0.001807,1.775,18.898566,-24.866361,-115.904262,-12.086198,0.283039,-108.990552,2.061772
1782501588.262949,38.490277,rotate_to_60deg_about_tip,0.00137,1.764,18.903416,-24.866999,-115.904262,-12.086339,0.285117,-108.990552,2.056802
1782501588.272952,38.500279,rotate_to_60deg_about_tip,0.001682,1.7545,18.908252,-24.866686,-115.904262,-12.086461,0.287774,-108.990552,2.05251
1782501588.282953,38.510281,rotate_to_60deg_about_tip,0.001884,1.7485,18.911306,-24.866489,-115.904262,-12.086539,0.289452,-108.990552,2.049798
1782501588.292948,38.520275,rotate_to_60deg_about_tip,0.001556,1.7375,18.916155,-24.867127,-115.904262,-12.08668,0.291528,-108.990552,2.044827
1782501588.302949,38.530276,rotate_to_60deg_about_tip,0.001267,1.727,18.920836,-24.866781,-115.904262,-12.085815,0.294463,-108.990552,2.041081
1782501588.312848,38.540175,rotate_to_60deg_about_tip,0.001638,1.7165,18.92618,-24.866436,-115.904262,-12.08595,0.297397,-108.990552,2.036335
1782501588.322956,38.550283,rotate_to_60deg_about_tip,0.001114,1.7065,18.930521,-24.867107,-115.904262,-12.086079,0.29919,-108.990552,2.031814
1782501588.332948,38.560276,rotate_to_60deg_about_tip,0.001506,1.695,18.936373,-24.866728,-115.904262,-12.086227,0.302401,-108.990552,2.026614
1782501588.342953,38.570281,rotate_to_60deg_about_tip,0.001869,1.6845,18.941716,-24.866383,-115.904262,-12.086362,0.305333,-108.990552,2.021866
1782501588.352948,38.580276,rotate_to_60deg_about_tip,0.001461,1.674,18.946311,-24.867038,-115.904262,-12.086498,0.307263,-108.990552,2.017118
1782501588.362948,38.590275,rotate_to_60deg_about_tip,0.00181,1.663,18.951908,-24.866676,-115.904262,-12.08664,0.310332,-108.990552,2.012142
1782501588.372951,38.600278,rotate_to_60deg_about_tip,0.001555,1.652,18.956758,-24.867314,-115.904262,-12.086782,0.3124,-108.990552,2.007166
1782501588.38306,38.610388,rotate_to_60deg_about_tip,0.001687,1.647,18.959302,-24.86715,-115.904262,-12.086846,0.313794,-108.990552,2.004904
1782501588.392968,38.620296,rotate_to_60deg_about_tip,0.001812,1.6425,18.961592,-24.867002,-115.904262,-12.086904,0.315049,-108.990552,2.002869
1782501588.40295,38.630277,rotate_to_60deg_about_tip,0.000736,1.6255,18.967443,-24.867975,-115.904262,-12.084635,0.318255,-108.990552,1.997665
1782501588.412954,38.640282,rotate_to_60deg_about_tip,0.002465,1.621,18.972531,-24.866295,-115.904262,-12.087182,0.321041,-108.990552,1.99314
1782501588.422949,38.650276,rotate_to_60deg_about_tip,0.00139,1.6105,18.976461,-24.866949,-115.904262,-12.086318,0.322967,-108.990552,1.989388
1782501588.432951,38.660278,rotate_to_60deg_about_tip,0.001792,1.5985,18.982567,-24.866555,-115.904262,-12.086473,0.326309,-108.990552,1.983957
1782501588.442951,38.670279,rotate_to_60deg_about_tip,0.001437,1.5885,18.986906,-24.867226,-115.904262,-12.086603,0.328093,-108.990552,1.97943
1782501588.45295,38.680278,rotate_to_60deg_about_tip,0.001611,1.5825,18.989959,-24.867029,-115.904262,-12.08668,0.329763,-108.990552,1.976714
1782501588.462847,38.690175,rotate_to_60deg_about_tip,0.001933,1.572,18.995301,-24.866684,-115.904262,-12.086816,0.332685,-108.990552,1.97196
1782501588.472963,38.700291,rotate_to_60deg_about_tip,0.00227,1.5615,19.000642,-24.866339,-115.904262,-12.086952,0.335606,-108.990552,1.967206
1782501588.482948,38.710275,rotate_to_60deg_about_tip,0.001974,1.551,19.005236,-24.866994,-115.904262,-12.087089,0.337526,-108.990552,1.962451
1782501588.492953,38.72028,rotate_to_60deg_about_tip,0.00229,1.54,19.010832,-24.866632,-115.904262,-12.087231,0.340584,-108.990552,1.957469
1782501588.502951,38.730278,rotate_to_60deg_about_tip,0.002098,1.53,19.015171,-24.867304,-115.904262,-12.087361,0.342364,-108.990552,1.95294
1782501588.512947,38.740274,rotate_to_60deg_about_tip,0.002379,1.5185,19.021021,-24.866926,-115.904262,-12.08751,0.345559,-108.990552,1.94773
1782501588.522948,38.750276,rotate_to_60deg_about_tip,0.001737,1.5125,19.023408,-24.866729,-115.904262,-12.086588,0.347226,-108.990552,1.946012
1782501588.532951,38.760279,rotate_to_60deg_about_tip,0.002117,1.501,19.029258,-24.866351,-115.904262,-12.086738,0.35042,-108.990552,1.940802
1782501588.542947,38.770274,rotate_to_60deg_about_tip,0.001827,1.489,19.034614,-24.866957,-115.904262,-12.086894,0.352751,-108.990552,1.935364
1782501588.552951,38.780278,rotate_to_60deg_about_tip,0.00149,1.479,19.039035,-24.866628,-115.904262,-12.086024,0.355527,-108.990552,1.931832
1782501588.562952,38.790279,rotate_to_60deg_about_tip,0.001076,1.4675,19.044137,-24.86725,-115.904262,-12.086173,0.357718,-108.990552,1.92662
1782501588.572946,38.800274,rotate_to_60deg_about_tip,0.001401,1.4575,19.049223,-24.866922,-115.904262,-12.086304,0.360491,-108.990552,1.922087
1782501588.582948,38.810276,rotate_to_60deg_about_tip,0.001754,1.447,19.054563,-24.866577,-115.904262,-12.08644,0.363403,-108.990552,1.917327
1782501588.592947,38.820274,rotate_to_60deg_about_tip,0.001412,1.4365,19.059156,-24.867232,-115.904262,-12.086577,0.365314,-108.990552,1.912566
1782501588.602951,38.830279,rotate_to_60deg_about_tip,0.001115,1.4265,19.063576,-24.866904,-115.904262,-12.085707,0.368085,-108.990552,1.909031
1782501588.61295,38.840278,rotate_to_60deg_about_tip,0.001292,1.4215,19.066119,-24.86674,-115.904262,-12.085773,0.36947,-108.990552,1.906764
1782501588.622948,38.850276,rotate_to_60deg_about_tip,0.001644,1.4115,19.071204,-24.866411,-115.904262,-12.085903,0.37224,-108.990552,1.902229
1782501588.632967,38.860295,rotate_to_60deg_about_tip,0.001173,1.3995,19.076559,-24.867018,-115.904262,-12.08606,0.374563,-108.990552,1.896786
1782501588.642947,38.870275,rotate_to_60deg_about_tip,0.00157,1.388,19.082407,-24.86664,-115.904262,-12.08621,0.377747,-108.990552,1.891569
1782501588.652946,38.880274,rotate_to_60deg_about_tip,0.001919,1.378,19.087491,-24.866312,-115.904262,-12.086341,0.380514,-108.990552,1.887032
1782501588.66295,38.890278,rotate_to_60deg_about_tip,0.001023,1.367,19.091672,-24.866951,-115.904262,-12.085484,0.382558,-108.990552,1.883041
1782501588.672843,38.90017,rotate_to_60deg_about_tip,0.001367,1.357,19.096757,-24.866623,-115.904262,-12.085615,0.385323,-108.990552,1.878503
1782501588.682943,38.910271,rotate_to_60deg_about_tip,0.001523,1.3525,19.099045,-24.866475,-115.904262,-12.085674,0.386568,-108.990552,1.876461
1782501588.692915,38.920243,rotate_to_60deg_about_tip,0.000981,1.341,19.104145,-24.867097,-115.904262,-12.085824,0.388747,-108.990552,1.871242
1782501588.702947,38.930274,rotate_to_60deg_about_tip,0.001403,1.329,19.110246,-24.866704,-115.904262,-12.085982,0.392063,-108.990552,1.865795
1782501588.71294,38.940267,rotate_to_60deg_about_tip,0.001827,1.317,19.116347,-24.86631,-115.904262,-12.086139,0.395379,-108.990552,1.860347
1782501588.722949,38.950277,rotate_to_60deg_about_tip,0.001367,1.306,19.121193,-24.866949,-115.904262,-12.086283,0.397417,-108.990552,1.855353
1782501588.732843,38.960171,rotate_to_60deg_about_tip,0.001364,1.2955,19.125865,-24.866605,-115.904262,-12.085421,0.400316,-108.990552,1.851585
1782501588.742952,38.97028,rotate_to_60deg_about_tip,0.001548,1.29,19.12866,-24.866424,-115.904262,-12.085493,0.401834,-108.990552,1.849087
1782501588.752947,38.980274,rotate_to_60deg_about_tip,0.000977,1.278,19.134014,-24.867031,-115.904262,-12.08565,0.404145,-108.990552,1.843637
1782501588.762956,38.990283,rotate_to_60deg_about_tip,0.001312,1.2685,19.138843,-24.866719,-115.904262,-12.085775,0.406766,-108.990552,1.839322
1782501588.772948,39.000276,rotate_to_60deg_about_tip,0.001682,1.258,19.144181,-24.866375,-115.904262,-12.085913,0.409662,-108.990552,1.834553
1782501588.782949,39.010277,rotate_to_60deg_about_tip,0.001175,1.247,19.149026,-24.867014,-115.904262,-12.086057,0.411695,-108.990552,1.829555
1782501588.792949,39.020276,rotate_to_60deg_about_tip,0.001347,1.242,19.151568,-24.86685,-115.904262,-12.086123,0.413073,-108.990552,1.827284
1782501588.802948,39.030276,rotate_to_60deg_about_tip,0.001006,1.227,19.157159,-24.86746,-115.904262,-12.084503,0.416104,-108.990552,1.822285
1782501588.812945,39.040273,rotate_to_60deg_about_tip,0.001476,1.215,19.162495,-24.867479,-115.904262,-12.083978,0.418997,-108.990552,1.817514
1782501588.822945,39.050273,rotate_to_60deg_about_tip,0.001145,1.211,19.165911,-24.866833,-115.904262,-12.085531,0.420614,-108.990552,1.814196
1782501588.832945,39.060273,rotate_to_60deg_about_tip,0.001543,1.1995,19.171756,-24.866456,-115.904262,-12.085682,0.42378,-108.990552,1.808969
1782501588.842946,39.070274,rotate_to_60deg_about_tip,0.001699,1.195,19.174043,-24.866309,-115.904262,-12.085741,0.425019,-108.990552,1.806923
1782501588.852946,39.080274,rotate_to_60deg_about_tip,0.001142,1.184,19.178888,-24.866948,-115.904262,-12.085886,0.427046,-108.990552,1.801922
1782501588.862946,39.090274,rotate_to_60deg_about_tip,0.001512,1.1735,19.184224,-24.866604,-115.904262,-12.086025,0.429935,-108.990552,1.797148
1782501588.872947,39.100274,rotate_to_60deg_about_tip,0.001812,1.165,19.188543,-24.866326,-115.904262,-12.086137,0.432273,-108.990552,1.793283
1782501588.882943,39.110271,rotate_to_60deg_about_tip,0.001354,1.154,19.193388,-24.866965,-115.904262,-12.086282,0.434297,-108.990552,1.788281
1782501588.892944,39.120272,rotate_to_60deg_about_tip,0.001741,1.1425,19.199232,-24.866588,-115.904262,-12.086434,0.437459,-108.990552,1.783051
1782501588.902946,39.130273,rotate_to_60deg_about_tip,0.001929,1.137,19.202027,-24.866408,-115.904262,-12.086506,0.43897,-108.990552,1.780549
1782501588.912946,39.140274,rotate_to_60deg_about_tip,0.002239,1.128,19.2066,-24.866113,-115.904262,-12.086625,0.441443,-108.990552,1.776455
1782501588.922947,39.150275,rotate_to_60deg_about_tip,0.001279,1.117,19.210777,-24.866753,-115.904262,-12.085771,0.443464,-108.990552,1.772451
1782501588.93295,39.160277,rotate_to_60deg_about_tip,0.001631,1.107,19.215858,-24.866425,-115.904262,-12.085903,0.44621,-108.990552,1.767901
1782501588.942948,39.170275,rotate_to_60deg_about_tip,0.001111,1.0965,19.220448,-24.867081,-115.904262,-12.086042,0.448093,-108.990552,1.763123
1782501588.952947,39.180274,rotate_to_60deg_about_tip,0.001283,1.0915,19.222988,-24.866917,-115.904262,-12.086108,0.449465,-108.990552,1.760848
1782501588.962948,39.190276,rotate_to_60deg_about_tip,0.001612,1.082,19.227815,-24.866606,-115.904262,-12.086233,0.452072,-108.990552,1.756524
1782501588.972947,39.200275,rotate_to_60deg_about_tip,0.001925,1.073,19.232388,-24.866311,-115.904262,-12.086353,0.454541,-108.990552,1.752428
1782501588.982947,39.210274,rotate_to_60deg_about_tip,0.00147,1.0635,19.236469,-24.867,-115.904262,-12.086478,0.456146,-108.990552,1.748103
1782501588.992954,39.220281,rotate_to_60deg_about_tip,0.001776,1.054,19.241296,-24.866689,-115.904262,-12.086604,0.458751,-108.990552,1.743778
1782501589.002946,39.230274,rotate_to_60deg_about_tip,0.002108,1.044,19.246376,-24.866361,-115.904262,-12.086737,0.461492,-108.990552,1.739226
1782501589.01295,39.240278,rotate_to_60deg_about_tip,0.001765,1.034,19.250711,-24.867034,-115.904262,-12.086869,0.463232,-108.990552,1.734672
1782501589.022947,39.250275,rotate_to_60deg_about_tip,0.001986,1.0265,19.254521,-24.866788,-115.904262,-12.086969,0.465286,-108.990552,1.731257
1782501589.032949,39.260277,rotate_to_60deg_about_tip,0.002279,1.017,19.259347,-24.866477,-115.904262,-12.087095,0.467888,-108.990552,1.72693
1782501589.042947,39.270275,rotate_to_60deg_about_tip,0.002405,1.013,19.261379,-24.866346,-115.904262,-12.087148,0.468984,-108.990552,1.725109
1782501589.052948,39.280276,rotate_to_60deg_about_tip,0.002106,1.004,19.265207,-24.867052,-115.904262,-12.087268,0.470447,-108.990552,1.721009
1782501589.062954,39.290282,rotate_to_60deg_about_tip,0.002337,0.9955,19.269524,-24.866773,-115.904262,-12.087381,0.472774,-108.990552,1.717137
1782501589.072951,39.300278,rotate_to_60deg_about_tip,0.002583,0.987,19.273842,-24.866495,-115.904262,-12.087494,0.4751,-108.990552,1.713265
1782501589.082946,39.310274,rotate_to_60deg_about_tip,0.00146,0.978,19.277001,-24.867201,-115.904262,-12.086613,0.476562,-108.990552,1.710165
1782501589.092944,39.320271,rotate_to_60deg_about_tip,0.001711,0.9695,19.281318,-24.866922,-115.904262,-12.086726,0.478887,-108.990552,1.706292
1782501589.102949,39.330277,rotate_to_60deg_about_tip,0.001961,0.9615,19.285381,-24.866661,-115.904262,-12.086833,0.481074,-108.990552,1.702646
1782501589.112945,39.340273,rotate_to_60deg_about_tip,0.002234,0.953,19.289699,-24.866382,-115.904262,-12.086946,0.483398,-108.990552,1.698772
1782501589.122946,39.350274,rotate_to_60deg_about_tip,0.001791,0.9485,19.29124,-24.867235,-115.904262,-12.087006,0.483628,-108.990552,1.696721
1782501589.132947,39.360274,rotate_to_60deg_about_tip,0.002033,0.9395,19.295811,-24.866941,-115.904262,-12.087125,0.486087,-108.990552,1.692619
1782501589.142948,39.370275,rotate_to_60deg_about_tip,0.002293,0.9305,19.300382,-24.866646,-115.904262,-12.087245,0.488546,-108.990552,1.688517
1782501589.152955,39.380283,rotate_to_60deg_about_tip,0.002087,0.9215,19.304209,-24.867352,-115.904262,-12.087365,0.490004,-108.990552,1.684414
1782501589.162955,39.390282,rotate_to_60deg_about_tip,0.002252,0.9145,19.307764,-24.867123,-115.904262,-12.087459,0.491915,-108.990552,1.681223
1782501589.172948,39.400275,rotate_to_60deg_about_tip,0.002484,0.9055,19.312334,-24.866828,-115.904262,-12.087579,0.494372,-108.990552,1.677119
1782501589.182947,39.410275,rotate_to_60deg_about_tip,0.001741,0.903,19.312935,-24.866746,-115.904262,-12.086612,0.495054,-108.990552,1.676979
1782501589.192947,39.420275,rotate_to_60deg_about_tip,0.00202,0.8945,19.317252,-24.866468,-115.904262,-12.086725,0.497374,-108.990552,1.673103
1782501589.202948,39.430276,rotate_to_60deg_about_tip,0.001661,0.886,19.320824,-24.86719,-115.904262,-12.086839,0.498693,-108.990552,1.669227
1782501589.21306,39.440388,rotate_to_60deg_about_tip,0.001901,0.8775,19.325141,-24.866912,-115.904262,-12.086952,0.501012,-108.990552,1.66535
1782501589.222945,39.450273,rotate_to_60deg_about_tip,0.002019,0.8735,19.327172,-24.866781,-115.904262,-12.087006,0.502102,-108.990552,1.663525
1782501589.232947,39.460274,rotate_to_60deg_about_tip,0.002265,0.8655,19.331234,-24.86652,-115.904262,-12.087113,0.504284,-108.990552,1.659876
1782501589.242949,39.470277,rotate_to_60deg_about_tip,0.002406,0.861,19.333519,-24.866373,-115.904262,-12.087173,0.505511,-108.990552,1.657823
1782501589.252961,39.480289,rotate_to_60deg_about_tip,0.002054,0.8545,19.336076,-24.86716,-115.904262,-12.08726,0.506282,-108.990552,1.654858
1782501589.262949,39.490277,rotate_to_60deg_about_tip,0.002277,0.846,19.340392,-24.866882,-115.904262,-12.087373,0.508599,-108.990552,1.65098
1782501589.272946,39.500274,rotate_to_60deg_about_tip,0.001694,0.8395,19.343023,-24.86667,-115.904262,-12.08646,0.51037,-108.990552,1.649014
1782501589.282951,39.510279,rotate_to_60deg_about_tip,0.001307,0.832,19.346088,-24.867424,-115.904262,-12.08656,0.511413,-108.990552,1.645592
1782501589.292948,39.520276,rotate_to_60deg_about_tip,0.001414,0.828,19.348119,-24.867294,-115.904262,-12.086614,0.512502,-108.990552,1.643767
1782501589.302898,39.530225,rotate_to_60deg_about_tip,0.001642,0.82,19.352181,-24.867032,-115.904262,-12.086721,0.514681,-108.990552,1.640116
1782501589.312946,39.540274,rotate_to_60deg_about_tip,0.00187,0.8125,19.355988,-24.866787,-115.904262,-12.086821,0.516722,-108.990552,1.636693
1782501589.322949,39.550276,rotate_to_60deg_about_tip,0.001619,0.8045,19.359307,-24.867525,-115.904262,-12.086929,0.5179,-108.990552,1.633041
